status,start_time,end_time,metrics.f1_class_6,metrics.f1_class_12,metrics.f1_class_9,metrics.mcc,metrics.accuracy,metrics.fit_time_sec,metrics.f1_class_0,metrics.precision,metrics.f1_class_14,metrics.recall,metrics.f1_class_10,metrics.f1_class_7,metrics.inference_time_sec,metrics.roc_auc,metrics.f1_class_3,metrics.f1_class_1,metrics.f1_class_5,metrics.tune_time_sec,metrics.f1_macro,metrics.f1_class_11,metrics.f1_class_4,metrics.f1_class_8,metrics.f1_class_13,metrics.f1_class_2,metrics.f1_macro_mean,metrics.tune_time_sec_std,metrics.accuracy_mean,metrics.precision_mean,metrics.roc_auc_mean,metrics.inference_time_sec_std,metrics.recall_mean,metrics.precision_std,metrics.tune_time_sec_mean,metrics.recall_std,metrics.inference_time_sec_mean,metrics.f1_macro_std,metrics.mcc_mean,metrics.accuracy_std,metrics.mcc_std,metrics.roc_auc_std,metrics.fit_time_sec_std,metrics.fit_time_sec_mean,metrics.kernel_build_train_s,metrics.kernel_evals,metrics.kernel_build_test_s,metrics.gram_offdiag_std,metrics.f1_class_15,params.task,params.dataset,params.framework,params.gamma,params.C,params.class_weight,params.model,params.n_jobs,params.n_components,params.bandwidth,params.n_qubits,params.encoding,params.colsample_bytree,params.learning_rate,params.n_estimators,params.subsample,params.num_leaves,params.max_depth,params.min_samples_leaf,params.max_features,tags.sweep
FINISHED,2026-07-09 11:09:59.567000+00:00,2026-07-09 11:09:59.664000+00:00,,,,1.0,1.0,1.9877690929934033,,1.0,,1.0,,,0.8859859529984533,1.0,,,,3.020597879003617,1.0,,,,,,,,,,,,,,,,,,,,,,,,1.985218421999889,19120.0,0.8857188030015095,0.157315797279032,,binary,cic-malmem,quantum,,0.1,None,qsvm,,1,1.0,,angle,,,,,,,,,
FINISHED,2026-07-09 11:10:05.575000+00:00,2026-07-09 11:10:05.657000+00:00,,,,0.9,0.95,1.8116971689960337,,0.95,,0.95,,,1.0248501139940345,0.9049999999999999,,,,3.0575984450042597,0.95,,,,,,,,,,,,,,,,,,,,,,,,1.8093101709964685,19120.0,1.024541576000047,0.1494398669467518,,binary,cic-malmem,quantum,,0.1,None,qsvm,,1,1.0,,angle,,,,,,,,,
FINISHED,2026-07-09 11:10:11.756000+00:00,2026-07-09 11:10:11.891000+00:00,,,,1.0,1.0,1.863745017995825,,1.0,,1.0,,,1.1472249049984384,1.0,,,,3.067407868002192,1.0,,,,,,,,,,,,,,,,,,,,,,,,1.8612183799996274,19120.0,1.1468129019995104,0.3097901918277508,,binary,cic-malmem,quantum,,0.1,None,qsvm,,1,1.0,,angle,,,,,,,,,
FINISHED,2026-07-09 11:10:18.363000+00:00,2026-07-09 11:10:18.492000+00:00,,,,0.9045340337332909,0.95,2.2755287079999107,,0.9545454545454546,,0.95,,,1.2302958119980758,1.0,,,,2.9440187429936486,0.949874686716792,,,,,,,,,,,,,,,,,,,,,,,,2.272965367999859,19120.0,1.2298601209986373,0.1274757207490804,,binary,cic-malmem,quantum,,0.1,None,qsvm,,1,1.0,,angle,,,,,,,,,
FINISHED,2026-07-09 11:10:25.881000+00:00,2026-07-09 11:10:25.982000+00:00,,,,1.0,1.0,2.2033409970026696,,1.0,,1.0,,,1.1761091029984527,1.0,,,,3.9868281809976907,1.0,,,,,,,,,,,,,,,,,,,,,,,,2.200798310994287,19120.0,1.175734538002871,0.16731876431542347,,binary,cic-malmem,quantum,,0.1,None,qsvm,,1,1.0,,angle,,,,,,,,,
FINISHED,2026-07-09 11:13:13.825000+00:00,2026-07-09 11:13:13.933000+00:00,,,,1.0,1.0,0.2911591349984519,,1.0,,1.0,,,0.03886647300532786,1.0,,,,13.509252288000425,1.0,,,,,,,,,,,,,,,,,,,,,,,,,,,,,binary,cic-malmem,classical,,,,random_forest,-1,1,,,,,,300,,,31,8,sqrt,
FINISHED,2026-07-09 11:13:23.966000+00:00,2026-07-09 11:13:24.075000+00:00,,,,0.9,0.95,0.4491425460000755,,0.95,,0.95,,,0.04015281299507478,0.95,,,,9.48647734500264,0.95,,,,,,,,,,,,,,,,,,,,,,,,,,,,,binary,cic-malmem,classical,,,,random_forest,-1,1,,,,,,300,,,31,8,sqrt,
FINISHED,2026-07-09 11:13:34.952000+00:00,2026-07-09 11:13:35.058000+00:00,,,,1.0,1.0,0.4633459240067168,,1.0,,1.0,,,0.035553873000026215,1.0,,,,10.32235450699227,1.0,,,,,,,,,,,,,,,,,,,,,,,,,,,,,binary,cic-malmem,classical,,,,random_forest,-1,1,,,,,,300,,,31,8,sqrt,
FINISHED,2026-07-09 11:13:46.173000+00:00,2026-07-09 11:13:46.279000+00:00,,,,1.0,1.0,0.43003429600503296,,1.0,,1.0,,,0.042613844001607504,1.0,,,,10.583681707990763,1.0,,,,,,,,,,,,,,,,,,,,,,,,,,,,,binary,cic-malmem,classical,,,,random_forest,-1,1,,,,,,300,,,31,8,sqrt,
FINISHED,2026-07-09 11:13:56.327000+00:00,2026-07-09 11:13:56.430000+00:00,,,,1.0,1.0,0.44065521999436896,,1.0,,1.0,,,0.038817615997686516,1.0,,,,9.509878750002827,1.0,,,,,,,,,,,,,,,,,,,,,,,,,,,,,binary,cic-malmem,classical,,,,random_forest,-1,1,,,,,,300,,,31,8,sqrt,
FINISHED,2026-07-09 11:14:00.809000+00:00,2026-07-09 11:14:00.926000+00:00,,,,1.0,1.0,0.2897326860038447,,1.0,,1.0,,,0.001292524000746198,1.0,,,,4.061113359995943,1.0,,,,,,,,,,,,,,,,,,,,,,,,,,,,,binary,cic-malmem,classical,,,,xgboost,-1,1,,,,0.6624074561769746,0.06504856968981275,300,0.8394633936788146,,12,,,
FINISHED,2026-07-09 11:14:01.918000+00:00,2026-07-09 11:14:02.045000+00:00,,,,0.9,0.95,0.17370530900370795,,0.95,,0.95,,,0.0009958090013242327,0.95,,,,0.7934037119994173,0.95,,,,,,,,,,,,,,,,,,,,,,,,,,,,,binary,cic-malmem,classical,,,,xgboost,-1,1,,,,0.6624074561769746,0.06504856968981275,300,0.8394633936788146,,12,,,
FINISHED,2026-07-09 11:14:02.988000+00:00,2026-07-09 11:14:03.107000+00:00,,,,1.0,1.0,0.03201296299812384,,1.0,,1.0,,,0.0008266570002888329,1.0,,,,0.880639686001814,1.0,,,,,,,,,,,,,,,,,,,,,,,,,,,,,binary,cic-malmem,classical,,,,xgboost,-1,1,,,,0.6624074561769746,0.06504856968981275,300,0.8394633936788146,,12,,,
FINISHED,2026-07-09 11:14:03.984000+00:00,2026-07-09 11:14:04.104000+00:00,,,,1.0,1.0,0.03180933199473657,,1.0,,1.0,,,0.0008435639974777587,1.0,,,,0.821750275004888,1.0,,,,,,,,,,,,,,,,,,,,,,,,,,,,,binary,cic-malmem,classical,,,,xgboost,-1,1,,,,0.6624074561769746,0.06504856968981275,300,0.8394633936788146,,12,,,
FINISHED,2026-07-09 11:14:05.001000+00:00,2026-07-09 11:14:05.121000+00:00,,,,1.0,1.0,0.04657454299740493,,1.0,,1.0,,,0.001082283997675404,1.0,,,,0.8264697120030178,1.0,,,,,,,,,,,,,,,,,,,,,,,,,,,,,binary,cic-malmem,classical,,,,xgboost,-1,1,,,,0.6624074561769746,0.06504856968981275,300,0.8394633936788146,,12,,,
FINISHED,2026-07-09 11:14:07.541000+00:00,2026-07-09 11:14:07.696000+00:00,,,,1.0,1.0,0.17194480600301176,,1.0,,1.0,,,0.0026434000028530136,1.0,,,,2.217813125993416,1.0,,,,,,,,,,,,,,,,,,,,,,,,,,,,,binary,cic-malmem,classical,,,,lightgbm,-1,1,,,,0.6624074561769746,0.06504856968981275,300,0.8394633936788146,244,,,,
FINISHED,2026-07-09 11:14:08.624000+00:00,2026-07-09 11:14:08.779000+00:00,,,,0.9,0.95,0.09203162199992221,,0.95,,0.95,,,0.001706088994978927,0.97,,,,0.80109531400376,0.95,,,,,,,,,,,,,,,,,,,,,,,,,,,,,binary,cic-malmem,classical,,,,lightgbm,-1,1,,,,0.6624074561769746,0.06504856968981275,300,0.8394633936788146,244,,,,
FINISHED,2026-07-09 11:14:09.924000+00:00,2026-07-09 11:14:10.104000+00:00,,,,1.0,1.0,0.18764336399908643,,1.0,,1.0,,,0.00175819900323404,1.0,,,,0.9291175710022799,1.0,,,,,,,,,,,,,,,,,,,,,,,,,,,,,binary,cic-malmem,classical,,,,lightgbm,-1,1,,,,0.6624074561769746,0.06504856968981275,300,0.8394633936788146,244,,,,
FINISHED,2026-07-09 11:14:11.389000+00:00,2026-07-09 11:14:11.560000+00:00,,,,1.0,1.0,0.22178459899441805,,1.0,,1.0,,,0.002051807001407724,1.0,,,,1.0306669930068892,1.0,,,,,,,,,,,,,,,,,,,,,,,,,,,,,binary,cic-malmem,classical,,,,lightgbm,-1,1,,,,0.6624074561769746,0.06504856968981275,300,0.8394633936788146,244,,,,
FINISHED,2026-07-09 11:14:12.689000+00:00,2026-07-09 11:14:12.996000+00:00,,,,1.0,1.0,0.1570806960007758,,1.0,,1.0,,,0.0017582670043339022,1.0,,,,0.9369511240001884,1.0,,,,,,,,,,,,,,,,,,,,,,,,,,,,,binary,cic-malmem,classical,,,,lightgbm,-1,1,,,,0.6624074561769746,0.06504856968981275,300,0.8394633936788146,244,,,,
FINISHED,2026-07-09 11:14:13.413000+00:00,2026-07-09 11:14:13.558000+00:00,,,,1.0,1.0,0.002531288999307435,,1.0,,1.0,,,0.00031160900107352063,1.0,,,,0.38454605999868363,1.0,,,,,,,,,,,,,,,,,,,,,,,,,,,,,binary,cic-malmem,classical,0.0011526449540315614,21.368329072358772,balanced,svm,-1,1,,,,,,,,,,,,
FINISHED,2026-07-09 11:14:13.976000+00:00,2026-07-09 11:14:14.121000+00:00,,,,0.9,0.95,0.0028413320032996126,,0.95,,0.95,,,0.0002829650038620457,0.9049999999999999,,,,0.3843714039976476,0.95,,,,,,,,,,,,,,,,,,,,,,,,,,,,,binary,cic-malmem,classical,0.0011526449540315614,21.368329072358772,balanced,svm,-1,1,,,,,,,,,,,,
FINISHED,2026-07-09 11:14:14.540000+00:00,2026-07-09 11:14:14.683000+00:00,,,,1.0,1.0,0.0023565550000057556,,1.0,,1.0,,,0.00028995400498388335,1.0,,,,0.3873048000023118,1.0,,,,,,,,,,,,,,,,,,,,,,,,,,,,,binary,cic-malmem,classical,0.3470266988650412,2.5378155082656657,balanced,svm,-1,1,,,,,,,,,,,,
FINISHED,2026-07-09 11:14:15.100000+00:00,2026-07-09 11:14:15.243000+00:00,,,,1.0,1.0,0.0022857770018163137,,1.0,,1.0,,,0.00029330700635910034,1.0,,,,0.3859380549984053,1.0,,,,,,,,,,,,,,,,,,,,,,,,,,,,,binary,cic-malmem,classical,0.11689910837412425,31.704543262565885,balanced,svm,-1,1,,,,,,,,,,,,
FINISHED,2026-07-09 11:14:15.663000+00:00,2026-07-09 11:14:15.804000+00:00,,,,1.0,1.0,0.0023422910016961396,,1.0,,1.0,,,0.00031103399669518694,1.0,,,,0.38681920299859485,1.0,,,,,,,,,,,,,,,,,,,,,,,,,,,,,binary,cic-malmem,classical,0.3470266988650412,2.5378155082656657,balanced,svm,-1,1,,,,,,,,,,,,
FINISHED,2026-07-09 11:34:06.612000+00:00,2026-07-09 11:34:06.721000+00:00,,,,0.9311646842384714,0.965,48.8153939249969,,0.9661654135338346,,0.965,,,24.138167313998565,0.9814,,,,74.82136930000706,0.9649781113195748,,,,,,,,,,,,,,,,,,,,,,,,48.809449813001265,479600.0,24.137452668997867,0.09602814146501802,,binary,cic-malmem,quantum,,0.1,None,qsvm,,1,1.0,,angle,,,,,,,,,
FINISHED,2026-07-09 11:36:48.253000+00:00,2026-07-09 11:36:48.339000+00:00,,,,0.98,0.99,50.307533350001904,,0.99,,0.99,,,24.45771813200554,0.9984999999999999,,,,86.74668463099806,0.99,,,,,,,,,,,,,,,,,,,,,,,,50.302467603003606,479600.0,24.457138678000774,0.06851745910173497,,binary,cic-malmem,quantum,,10.0,None,qsvm,,1,1.0,,angle,,,,,,,,,
FINISHED,2026-07-09 11:39:37.706000+00:00,2026-07-09 11:39:37.792000+00:00,,,,1.0,1.0,57.47343809599988,,1.0,,1.0,,,25.244289442998706,1.0,,,,86.63079957800073,1.0,,,,,,,,,,,,,,,,,,,,,,,,57.46818442399672,479600.0,25.24389497199445,0.09810221377690188,,binary,cic-malmem,quantum,,10.0,None,qsvm,,1,1.0,,angle,,,,,,,,,
FINISHED,2026-07-09 11:42:11.683000+00:00,2026-07-09 11:42:11.792000+00:00,,,,0.9900495037128093,0.995,51.74382923000667,,0.995049504950495,,0.995,,,26.2057042239976,0.9987,,,,75.92454808099137,0.9949998749968749,,,,,,,,,,,,,,,,,,,,,,,,51.73866329199518,479600.0,26.205133109004237,0.10026301506633788,,binary,cic-malmem,quantum,,10.0,None,qsvm,,1,1.0,,angle,,,,,,,,,
FINISHED,2026-07-09 11:45:06.254000+00:00,2026-07-09 11:45:06.364000+00:00,,,,0.8844332774281066,0.94,56.344625481004186,,0.9444444444444444,,0.94,,,24.65203729100176,0.9815999999999999,,,,93.43993142299587,0.9398496240601504,,,,,,,,,,,,,,,,,,,,,,,,56.33656702200096,479600.0,24.651480886997888,0.08321494202751738,,binary,cic-malmem,quantum,,0.1,None,qsvm,,1,1.0,,angle,,,,,,,,,
FINISHED,2026-07-09 11:46:46.860000+00:00,2026-07-09 11:46:47.039000+00:00,,,,0.9601920576192068,0.98,0.689891174006334,,0.9801920768307323,,0.98,,,0.06577139300497947,0.9936,,,,16.51970788399194,0.9799979997999799,,,,,,,,,,,,,,,,,,,,,,,,,,,,,binary,cic-malmem,classical,,,,random_forest,-1,1,,,,,,300,,,31,8,sqrt,
FINISHED,2026-07-09 11:47:02.219000+00:00,2026-07-09 11:47:02.329000+00:00,,,,0.9900495037128093,0.995,0.5242916520001017,,0.995049504950495,,0.995,,,0.04983241300215013,0.9997499999999999,,,,14.518114455000614,0.9949998749968749,,,,,,,,,,,,,,,,,,,,,,,,,,,,,binary,cic-malmem,classical,,,,random_forest,-1,1,,,,,,300,,,31,8,sqrt,
FINISHED,2026-07-09 11:47:13.633000+00:00,2026-07-09 11:47:13.777000+00:00,,,,1.0,1.0,0.5738219269987894,,1.0,,1.0,,,0.05298499800119316,1.0,,,,10.586543021003308,1.0,,,,,,,,,,,,,,,,,,,,,,,,,,,,,binary,cic-malmem,classical,,,,random_forest,-1,1,,,,,,300,,,31,8,sqrt,
FINISHED,2026-07-09 11:47:25.451000+00:00,2026-07-09 11:47:25.564000+00:00,,,,0.9900495037128093,0.995,0.5239308449963573,,0.995049504950495,,0.995,,,0.06127858400577679,0.9936,,,,10.996491919002437,0.9949998749968749,,,,,,,,,,,,,,,,,,,,,,,,,,,,,binary,cic-malmem,classical,,,,random_forest,-1,1,,,,,,300,,,31,8,sqrt,
FINISHED,2026-07-09 11:47:37.486000+00:00,2026-07-09 11:47:37.601000+00:00,,,,0.98,0.99,0.5335950990047422,,0.99,,0.99,,,0.060184989000845235,0.9886499999999999,,,,11.242654188994493,0.99,,,,,,,,,,,,,,,,,,,,,,,,,,,,,binary,cic-malmem,classical,,,,random_forest,-1,1,,,,,,300,,,31,8,sqrt,
FINISHED,2026-07-09 11:47:43.011000+00:00,2026-07-09 11:47:43.164000+00:00,,,,0.9601920576192068,0.98,0.6241650509982719,,0.9801920768307323,,0.98,,,0.004392513998027425,0.9974,,,,4.7384480190012255,0.9799979997999799,,,,,,,,,,,,,,,,,,,,,,,,,,,,,binary,cic-malmem,classical,,,,xgboost,-1,1,,,,0.6624074561769746,0.06504856968981275,300,0.8394633936788146,,12,,,
FINISHED,2026-07-09 11:47:44.719000+00:00,2026-07-09 11:47:44.844000+00:00,,,,0.9900495037128093,0.995,0.05766130200208863,,0.995049504950495,,0.995,,,0.0011618729986366816,0.9997499999999999,,,,1.4567506199964555,0.9949998749968749,,,,,,,,,,,,,,,,,,,,,,,,,,,,,binary,cic-malmem,classical,,,,xgboost,-1,1,,,,0.6624074561769746,0.06504856968981275,300,0.8394633936788146,,12,,,
FINISHED,2026-07-09 11:47:46.561000+00:00,2026-07-09 11:47:46.699000+00:00,,,,1.0,1.0,0.11794400700455299,,1.0,,1.0,,,0.001268879001145251,1.0,,,,1.5666664369928185,1.0,,,,,,,,,,,,,,,,,,,,,,,,,,,,,binary,cic-malmem,classical,,,,xgboost,-1,1,,,,0.7164916560792167,0.0199473547030745,200,0.7727780074568463,,6,,,
FINISHED,2026-07-09 11:47:51.134000+00:00,2026-07-09 11:47:51.289000+00:00,,,,0.9900495037128093,0.995,2.568574978999095,,0.995049504950495,,0.995,,,0.007540209997387137,0.9981,,,,1.8162662499962607,0.9949998749968749,,,,,,,,,,,,,,,,,,,,,,,,,,,,,binary,cic-malmem,classical,,,,xgboost,-1,1,,,,0.7164916560792167,0.0199473547030745,200,0.7727780074568463,,6,,,
FINISHED,2026-07-09 11:47:52.853000+00:00,2026-07-09 11:47:52.970000+00:00,,,,0.98,0.99,0.04148800800612662,,0.99,,0.99,,,0.0014063550042919815,0.9884000000000001,,,,1.4860381259932183,0.99,,,,,,,,,,,,,,,,,,,,,,,,,,,,,binary,cic-malmem,classical,,,,xgboost,-1,1,,,,0.7164916560792167,0.0199473547030745,200,0.7727780074568463,,6,,,
FINISHED,2026-07-09 11:47:55.951000+00:00,2026-07-09 11:47:56.072000+00:00,,,,0.9601920576192068,0.98,0.3822128079991671,,0.9801920768307323,,0.98,,,0.0017359170014970005,0.9895,,,,2.564038819997222,0.9799979997999799,,,,,,,,,,,,,,,,,,,,,,,,,,,,,binary,cic-malmem,classical,,,,lightgbm,-1,1,,,,0.6624074561769746,0.06504856968981275,300,0.8394633936788146,244,,,,
FINISHED,2026-07-09 11:47:57.708000+00:00,2026-07-09 11:47:57.835000+00:00,,,,0.9801960588196069,0.99,0.32841662900318624,,0.9901960784313726,,0.99,,,0.0017186710028909147,0.99965,,,,1.274588804000814,0.9899989998999901,,,,,,,,,,,,,,,,,,,,,,,,,,,,,binary,cic-malmem,classical,,,,lightgbm,-1,1,,,,0.6624074561769746,0.06504856968981275,300,0.8394633936788146,244,,,,
FINISHED,2026-07-09 11:47:59.895000+00:00,2026-07-09 11:48:00.151000+00:00,,,,1.0,1.0,0.3155293370000436,,1.0,,1.0,,,0.001920100999996066,1.0,,,,1.7063104560002103,1.0,,,,,,,,,,,,,,,,,,,,,,,,,,,,,binary,cic-malmem,classical,,,,lightgbm,-1,1,,,,0.7164916560792167,0.0199473547030745,200,0.7727780074568463,88,,,,
FINISHED,2026-07-09 11:48:02.278000+00:00,2026-07-09 11:48:02.416000+00:00,,,,0.9900495037128093,0.995,0.4227499289991101,,0.995049504950495,,0.995,,,0.0018499369980418123,0.9971,,,,1.6633904830014217,0.9949998749968749,,,,,,,,,,,,,,,,,,,,,,,,,,,,,binary,cic-malmem,classical,,,,lightgbm,-1,1,,,,0.7164916560792167,0.0199473547030745,200,0.7727780074568463,88,,,,
FINISHED,2026-07-09 11:48:04.211000+00:00,2026-07-09 11:48:04.330000+00:00,,,,0.98,0.99,0.2519753500018851,,0.99,,0.99,,,0.0016860859977896325,0.9959,,,,1.5065570389997447,0.99,,,,,,,,,,,,,,,,,,,,,,,,,,,,,binary,cic-malmem,classical,,,,lightgbm,-1,1,,,,0.7164916560792167,0.0199473547030745,200,0.7727780074568463,88,,,,
FINISHED,2026-07-09 11:48:04.855000+00:00,2026-07-09 11:48:04.972000+00:00,,,,0.9601920576192068,0.98,0.004502742005570326,,0.9801920768307323,,0.98,,,0.0006178640032885596,0.9886999999999999,,,,0.4858949829940684,0.9799979997999799,,,,,,,,,,,,,,,,,,,,,,,,,,,,,binary,cic-malmem,classical,0.3470266988650412,2.5378155082656657,balanced,svm,-1,1,,,,,,,,,,,,
FINISHED,2026-07-09 11:48:05.543000+00:00,2026-07-09 11:48:05.661000+00:00,,,,0.9900495037128093,0.995,0.0031057419982971624,,0.995049504950495,,0.995,,,0.00042353499884484336,0.9913,,,,0.536981271005061,0.9949998749968749,,,,,,,,,,,,,,,,,,,,,,,,,,,,,binary,cic-malmem,classical,0.3470266988650412,2.5378155082656657,balanced,svm,-1,1,,,,,,,,,,,,
FINISHED,2026-07-09 11:48:06.186000+00:00,2026-07-09 11:48:06.295000+00:00,,,,1.0,1.0,0.0034921059996122494,,1.0,,1.0,,,0.000540000997716561,1.0,,,,0.48823355099739274,1.0,,,,,,,,,,,,,,,,,,,,,,,,,,,,,binary,cic-malmem,classical,0.3470266988650412,2.5378155082656657,balanced,svm,-1,1,,,,,,,,,,,,
FINISHED,2026-07-09 11:48:06.833000+00:00,2026-07-09 11:48:06.946000+00:00,,,,0.9900495037128093,0.995,0.004025479000119958,,0.995049504950495,,0.995,,,0.0005684950010618195,0.9907,,,,0.5006676220000372,0.9949998749968749,,,,,,,,,,,,,,,,,,,,,,,,,,,,,binary,cic-malmem,classical,0.3470266988650412,2.5378155082656657,balanced,svm,-1,1,,,,,,,,,,,,
FINISHED,2026-07-09 11:48:07.471000+00:00,2026-07-09 11:48:07.586000+00:00,,,,0.9900495037128093,0.995,0.0031412849930347875,,0.995049504950495,,0.995,,,0.00041736700222827494,0.9989,,,,0.4902855680047651,0.9949998749968749,,,,,,,,,,,,,,,,,,,,,,,,,,,,,binary,cic-malmem,classical,0.32268331159923913,9.5736741746249,balanced,svm,-1,1,,,,,,,,,,,,
FINISHED,2026-07-11 07:45:03.573000+00:00,2026-07-11 07:45:03.736000+00:00,,,,1.0,1.0,3.304566103994148,,1.0,,1.0,,,2.1713794529787265,1.0,,,,4.514528925996274,1.0,,,,,,,,,,,,,,,,,,,,,,,,3.301319638005225,19120.0,2.170997744979104,0.14929433493865504,,binary,cic-malmem,quantum,,0.1,None,qsvm,,2,0.7071067811865476,,angle,,,,,,,,,
FINISHED,2026-07-11 07:45:13.857000+00:00,2026-07-11 07:45:13.978000+00:00,,,,0.9,0.95,2.9676290659990627,,0.95,,0.95,,,1.6042332219949458,0.9025,,,,5.530463292991044,0.95,,,,,,,,,,,,,,,,,,,,,,,,2.9649651069776155,19120.0,1.6039063319913112,0.14733296335913482,,binary,cic-malmem,quantum,,0.1,None,qsvm,,2,0.7071067811865476,,angle,,,,,,,,,
FINISHED,2026-07-11 07:45:24.558000+00:00,2026-07-11 07:45:24.658000+00:00,,,,1.0,1.0,3.301095441012876,,1.0,,1.0,,,1.4768724280002061,1.0,,,,5.784322583989706,1.0,,,,,,,,,,,,,,,,,,,,,,,,3.2979517100029625,19120.0,1.4765756750130095,0.20297632518861758,,binary,cic-malmem,quantum,,0.1,None,qsvm,,2,0.7071067811865476,,angle,,,,,,,,,
FINISHED,2026-07-11 07:45:34.620000+00:00,2026-07-11 07:45:34.716000+00:00,,,,1.0,1.0,3.13431854598457,,1.0,,1.0,,,1.6116419510217384,1.0,,,,5.198833334026858,1.0,,,,,,,,,,,,,,,,,,,,,,,,3.1315909260010812,19120.0,1.6113264439918566,0.14787308567398116,,binary,cic-malmem,quantum,,0.1,None,qsvm,,2,0.7071067811865476,,angle,,,,,,,,,
FINISHED,2026-07-11 07:45:45.011000+00:00,2026-07-11 07:45:45.135000+00:00,,,,1.0,1.0,3.099053914018441,,1.0,,1.0,,,1.770220569014782,1.0,,,,5.399268185981782,1.0,,,,,,,,,,,,,,,,,,,,,,,,3.096030807995703,19120.0,1.7698623079922982,0.16465491341982857,,binary,cic-malmem,quantum,,0.1,None,qsvm,,2,0.7071067811865476,,angle,,,,,,,,,
FINISHED,2026-07-11 07:56:06.827000+00:00,2026-07-11 07:56:06.977000+00:00,,,,1.0,1.0,0.43934635299956426,,1.0,,1.0,,,0.038237936998484656,1.0,,,,21.27027520199772,1.0,,,,,,,,,,,,,,,,,,,,,,,,,,,,,binary,cic-malmem,classical,,,,random_forest,-1,2,,,,,,300,,,31,8,sqrt,
FINISHED,2026-07-11 07:56:21.122000+00:00,2026-07-11 07:56:21.264000+00:00,,,,0.9,0.95,0.6450516049808357,,0.95,,0.95,,,0.05595365600311197,0.93625,,,,13.361088668025332,0.95,,,,,,,,,,,,,,,,,,,,,,,,,,,,,binary,cic-malmem,classical,,,,random_forest,-1,2,,,,,,300,,,31,8,sqrt,
FINISHED,2026-07-11 07:56:33.230000+00:00,2026-07-11 07:56:33.344000+00:00,,,,1.0,1.0,0.41087022199644707,,1.0,,1.0,,,0.04692565501318313,1.0,,,,11.44219736001105,1.0,,,,,,,,,,,,,,,,,,,,,,,,,,,,,binary,cic-malmem,classical,,,,random_forest,-1,2,,,,,,300,,,31,8,sqrt,
FINISHED,2026-07-11 07:56:46.196000+00:00,2026-07-11 07:56:46.315000+00:00,,,,1.0,1.0,0.4364460909855552,,1.0,,1.0,,,0.04418397098197602,1.0,,,,12.301392427034443,1.0,,,,,,,,,,,,,,,,,,,,,,,,,,,,,binary,cic-malmem,classical,,,,random_forest,-1,2,,,,,,300,,,31,8,sqrt,
FINISHED,2026-07-11 07:56:58.779000+00:00,2026-07-11 07:56:58.893000+00:00,,,,1.0,1.0,0.4631510679901112,,1.0,,1.0,,,0.05111550001311116,1.0,,,,11.88766863901401,1.0,,,,,,,,,,,,,,,,,,,,,,,,,,,,,binary,cic-malmem,classical,,,,random_forest,-1,2,,,,,,300,,,31,8,sqrt,
FINISHED,2026-07-11 07:57:08.782000+00:00,2026-07-11 07:57:08.981000+00:00,,,,1.0,1.0,4.935731325007509,,1.0,,1.0,,,0.0019133389869239181,1.0,,,,4.914210910996189,1.0,,,,,,,,,,,,,,,,,,,,,,,,,,,,,binary,cic-malmem,classical,,,,xgboost,-1,2,,,,0.6624074561769746,0.06504856968981275,300,0.8394633936788146,,12,,,
FINISHED,2026-07-11 07:57:10.198000+00:00,2026-07-11 07:57:10.333000+00:00,,,,0.9,0.95,0.06851599100627936,,0.95,,0.95,,,0.0014097429811954498,0.90875,,,,1.1138956299691927,0.95,,,,,,,,,,,,,,,,,,,,,,,,,,,,,binary,cic-malmem,classical,,,,xgboost,-1,2,,,,0.6624074561769746,0.06504856968981275,300,0.8394633936788146,,12,,,
FINISHED,2026-07-11 07:57:11.464000+00:00,2026-07-11 07:57:11.590000+00:00,,,,1.0,1.0,0.041366199002368376,,1.0,,1.0,,,0.0009725659911055118,1.0,,,,1.0641046630044002,1.0,,,,,,,,,,,,,,,,,,,,,,,,,,,,,binary,cic-malmem,classical,,,,xgboost,-1,2,,,,0.6624074561769746,0.06504856968981275,300,0.8394633936788146,,12,,,
FINISHED,2026-07-11 07:57:12.617000+00:00,2026-07-11 07:57:12.750000+00:00,,,,1.0,1.0,0.06971820001490414,,1.0,,1.0,,,0.012252131011337042,1.0,,,,0.9196672929974739,1.0,,,,,,,,,,,,,,,,,,,,,,,,,,,,,binary,cic-malmem,classical,,,,xgboost,-1,2,,,,0.6624074561769746,0.06504856968981275,300,0.8394633936788146,,12,,,
FINISHED,2026-07-11 07:57:13.774000+00:00,2026-07-11 07:57:13.898000+00:00,,,,1.0,1.0,0.04633948201080784,,1.0,,1.0,,,0.0009957920119632035,1.0,,,,0.9530690319952555,1.0,,,,,,,,,,,,,,,,,,,,,,,,,,,,,binary,cic-malmem,classical,,,,xgboost,-1,2,,,,0.6624074561769746,0.06504856968981275,300,0.8394633936788146,,12,,,
FINISHED,2026-07-11 07:57:16.792000+00:00,2026-07-11 07:57:16.989000+00:00,,,,1.0,1.0,0.24126729200361297,,1.0,,1.0,,,0.002010539988987148,1.0,,,,2.621021083992673,1.0,,,,,,,,,,,,,,,,,,,,,,,,,,,,,binary,cic-malmem,classical,,,,lightgbm,-1,2,,,,0.7164916560792167,0.0199473547030745,200,0.7727780074568463,88,,,,
FINISHED,2026-07-11 07:57:18.381000+00:00,2026-07-11 07:57:18.771000+00:00,,,,0.9,0.95,0.3479027720168233,,0.95,,0.95,,,0.0021564859780482948,0.91125,,,,1.0106078310054727,0.95,,,,,,,,,,,,,,,,,,,,,,,,,,,,,binary,cic-malmem,classical,,,,lightgbm,-1,2,,,,0.6624074561769746,0.06504856968981275,300,0.8394633936788146,244,,,,
FINISHED,2026-07-11 07:57:20.008000+00:00,2026-07-11 07:57:20.186000+00:00,,,,1.0,1.0,0.26301025197608396,,1.0,,1.0,,,0.0016085130046121776,1.0,,,,0.9444866580306552,1.0,,,,,,,,,,,,,,,,,,,,,,,,,,,,,binary,cic-malmem,classical,,,,lightgbm,-1,2,,,,0.7164916560792167,0.0199473547030745,200,0.7727780074568463,88,,,,
FINISHED,2026-07-11 07:57:21.799000+00:00,2026-07-11 07:57:21.986000+00:00,,,,1.0,1.0,0.30115538599784486,,1.0,,1.0,,,0.0019209269958082587,1.0,,,,1.2799382669909392,1.0,,,,,,,,,,,,,,,,,,,,,,,,,,,,,binary,cic-malmem,classical,,,,lightgbm,-1,2,,,,0.7164916560792167,0.0199473547030745,200,0.7727780074568463,88,,,,
FINISHED,2026-07-11 07:57:23.887000+00:00,2026-07-11 07:57:24.146000+00:00,,,,1.0,1.0,0.5897821079997811,,1.0,,1.0,,,0.0025591070007067174,1.0,,,,1.2735192670079414,1.0,,,,,,,,,,,,,,,,,,,,,,,,,,,,,binary,cic-malmem,classical,,,,lightgbm,-1,2,,,,0.6624074561769746,0.06504856968981275,300,0.8394633936788146,244,,,,
FINISHED,2026-07-11 07:57:24.742000+00:00,2026-07-11 07:57:24.929000+00:00,,,,1.0,1.0,0.0038007130206096917,,1.0,,1.0,,,0.0005342960066627711,1.0,,,,0.5538053669733927,1.0,,,,,,,,,,,,,,,,,,,,,,,,,,,,,binary,cic-malmem,classical,0.0011526449540315614,21.368329072358772,balanced,svm,-1,2,,,,,,,,,,,,
FINISHED,2026-07-11 07:57:25.524000+00:00,2026-07-11 07:57:25.692000+00:00,,,,0.9,0.95,0.002779239002848044,,0.95,,0.95,,,0.00036336499033495784,0.9025,,,,0.5606698560004588,0.95,,,,,,,,,,,,,,,,,,,,,,,,,,,,,binary,cic-malmem,classical,0.0011526449540315614,21.368329072358772,balanced,svm,-1,2,,,,,,,,,,,,
FINISHED,2026-07-11 07:57:26.161000+00:00,2026-07-11 07:57:26.337000+00:00,,,,0.9511897312113419,0.975,0.0018800919933710247,,0.9761904761904762,,0.975,,,0.0003476690035313368,1.0,,,,0.43527022999478504,0.9749843652282677,,,,,,,,,,,,,,,,,,,,,,,,,,,,,binary,cic-malmem,classical,0.042051564509138675,0.1648044642797898,None,svm,-1,2,,,,,,,,,,,,
FINISHED,2026-07-11 07:57:26.798000+00:00,2026-07-11 07:57:26.965000+00:00,,,,1.0,1.0,0.0023548750032205135,,1.0,,1.0,,,0.00029198400443419814,1.0,,,,0.43015890900278464,1.0,,,,,,,,,,,,,,,,,,,,,,,,,,,,,binary,cic-malmem,classical,0.0011526449540315614,21.368329072358772,balanced,svm,-1,2,,,,,,,,,,,,
FINISHED,2026-07-11 07:57:27.399000+00:00,2026-07-11 07:57:27.559000+00:00,,,,1.0,1.0,0.00249316799454391,,1.0,,1.0,,,0.0005588229978457093,1.0,,,,0.400313078018371,1.0,,,,,,,,,,,,,,,,,,,,,,,,,,,,,binary,cic-malmem,classical,0.00017070728830306665,2.342384984711291,None,svm,-1,2,,,,,,,,,,,,
FINISHED,2026-07-11 08:10:26.770000+00:00,2026-07-11 08:10:26.884000+00:00,,,,0.9601920576192068,0.98,74.66211381799076,,0.9801920768307323,,0.98,,,36.094594811002025,0.9753999999999999,,,,125.29801050800597,0.9799979997999799,,,,,,,,,,,,,,,,,,,,,,,,74.65592804100015,479600.0,36.09402255300665,0.09803262337590478,,binary,cic-malmem,quantum,,0.1,None,qsvm,,2,0.7071067811865476,,angle,,,,,,,,,
FINISHED,2026-07-11 08:14:24.588000+00:00,2026-07-11 08:14:24.674000+00:00,,,,0.98,0.99,74.35088681898196,,0.99,,0.99,,,37.57220687100198,0.9998,,,,125.76224021802773,0.99,,,,,,,,,,,,,,,,,,,,,,,,74.34441803701338,479600.0,37.57160893100081,0.07005944432912331,,binary,cic-malmem,quantum,,0.1,None,qsvm,,2,0.7071067811865476,,angle,,,,,,,,,
FINISHED,2026-07-11 08:18:21.930000+00:00,2026-07-11 08:18:22.043000+00:00,,,,0.9900495037128093,0.995,74.48508456000127,,0.995049504950495,,0.995,,,37.48086940200301,0.9996,,,,125.26704435099964,0.9949998749968749,,,,,,,,,,,,,,,,,,,,,,,,74.4794185530045,479600.0,37.4802801279875,0.09908983365976708,,binary,cic-malmem,quantum,,1.0,None,qsvm,,2,0.7071067811865476,,angle,,,,,,,,,
FINISHED,2026-07-11 08:22:18.275000+00:00,2026-07-11 08:22:18.363000+00:00,,,,0.9900495037128093,0.995,74.24404369600234,,0.995049504950495,,0.995,,,37.357604403980076,0.9996999999999999,,,,124.61310095799854,0.9949998749968749,,,,,,,,,,,,,,,,,,,,,,,,74.23777801397955,479600.0,37.35686579698813,0.10294176125320297,,binary,cic-malmem,quantum,,0.1,None,qsvm,,2,0.7071067811865476,,angle,,,,,,,,,
FINISHED,2026-07-11 08:25:51.013000+00:00,2026-07-11 08:25:51.099000+00:00,,,,0.98,0.99,58.75863461999688,,0.99,,0.99,,,28.95354368601693,0.9901,,,,124.91370069698314,0.99,,,,,,,,,,,,,,,,,,,,,,,,58.75335022099898,479600.0,28.953163880010834,0.13041929210244324,,binary,cic-malmem,quantum,,10.0,None,qsvm,,2,0.7071067811865476,,iqp,,,,,,,,,
FINISHED,2026-07-11 08:35:23.050000+00:00,2026-07-11 08:35:23.152000+00:00,,,,0.9601920576192068,0.98,0.43070036501740105,,0.9801920768307323,,0.98,,,0.03556134598329663,0.998,,,,15.349639732972719,0.9799979997999799,,,,,,,,,,,,,,,,,,,,,,,,,,,,,binary,cic-malmem,classical,,,,random_forest,-1,2,,,,,,300,,,31,8,sqrt,
FINISHED,2026-07-11 08:35:37.030000+00:00,2026-07-11 08:35:37.164000+00:00,,,,0.9900495037128093,0.995,0.6133153490081895,,0.995049504950495,,0.995,,,0.06839128700084984,1.0,,,,13.097986610984663,0.9949998749968749,,,,,,,,,,,,,,,,,,,,,,,,,,,,,binary,cic-malmem,classical,,,,random_forest,-1,2,,,,,,350,,,26,2,log2,
FINISHED,2026-07-11 08:35:53.241000+00:00,2026-07-11 08:35:53.348000+00:00,,,,1.0,1.0,0.6781809880048968,,1.0,,1.0,,,0.06075450501521118,1.0,,,,15.239606182003627,1.0,,,,,,,,,,,,,,,,,,,,,,,,,,,,,binary,cic-malmem,classical,,,,random_forest,-1,2,,,,,,400,,,8,1,log2,
FINISHED,2026-07-11 08:36:08.600000+00:00,2026-07-11 08:36:08.726000+00:00,,,,0.9900495037128093,0.995,1.0165178739989642,,0.995049504950495,,0.995,,,0.09491714500472881,1.0,,,,14.01198516599834,0.9949998749968749,,,,,,,,,,,,,,,,,,,,,,,,,,,,,binary,cic-malmem,classical,,,,random_forest,-1,2,,,,,,550,,,10,2,None,
FINISHED,2026-07-11 08:36:23.005000+00:00,2026-07-11 08:36:23.109000+00:00,,,,0.9801960588196069,0.99,0.6216018679842819,,0.9901960784313726,,0.99,,,0.060881818004418164,0.9917,,,,13.51179752103053,0.9899989998999901,,,,,,,,,,,,,,,,,,,,,,,,,,,,,binary,cic-malmem,classical,,,,random_forest,-1,2,,,,,,400,,,8,1,log2,
FINISHED,2026-07-11 08:36:28.253000+00:00,2026-07-11 08:36:28.377000+00:00,,,,0.9601920576192068,0.98,0.37039253301918507,,0.9801920768307323,,0.98,,,0.002233014994999394,0.9985,,,,4.7370738399913535,0.9799979997999799,,,,,,,,,,,,,,,,,,,,,,,,,,,,,binary,cic-malmem,classical,,,,xgboost,-1,2,,,,0.6624074561769746,0.06504856968981275,300,0.8394633936788146,,12,,,
FINISHED,2026-07-11 08:36:30.451000+00:00,2026-07-11 08:36:30.604000+00:00,,,,0.9900495037128093,0.995,0.09372482501203194,,0.995049504950495,,0.995,,,0.0015638349868822843,1.0,,,,1.9420465049624909,0.9949998749968749,,,,,,,,,,,,,,,,,,,,,,,,,,,,,binary,cic-malmem,classical,,,,xgboost,-1,2,,,,0.6624074561769746,0.06504856968981275,300,0.8394633936788146,,12,,,
FINISHED,2026-07-11 08:36:35.585000+00:00,2026-07-11 08:36:35.762000+00:00,,,,1.0,1.0,2.8748344700143207,,1.0,,1.0,,,0.02026350100641139,1.0,,,,2.0240768249786925,1.0,,,,,,,,,,,,,,,,,,,,,,,,,,,,,binary,cic-malmem,classical,,,,xgboost,-1,2,,,,0.937592040684478,0.12555851579270855,300,0.9493246691718297,,8,,,
FINISHED,2026-07-11 08:36:37.556000+00:00,2026-07-11 08:36:37.685000+00:00,,,,0.9900495037128093,0.995,0.037329203012632206,,0.995049504950495,,0.995,,,0.0010204789869021624,0.99945,,,,1.716034127981402,0.9949998749968749,,,,,,,,,,,,,,,,,,,,,,,,,,,,,binary,cic-malmem,classical,,,,xgboost,-1,2,,,,0.8832290311184181,0.13983740016490973,150,0.8404460046972835,,3,,,
FINISHED,2026-07-11 08:36:39.303000+00:00,2026-07-11 08:36:39.446000+00:00,,,,0.98,0.99,0.044336395018035546,,0.99,,0.99,,,0.0011992990039288998,0.9896999999999999,,,,1.5302104489819612,0.99,,,,,,,,,,,,,,,,,,,,,,,,,,,,,binary,cic-malmem,classical,,,,xgboost,-1,2,,,,0.8832290311184181,0.13983740016490973,150,0.8404460046972835,,3,,,
FINISHED,2026-07-11 08:36:43.609000+00:00,2026-07-11 08:36:43.749000+00:00,,,,0.9700485036378032,0.985,0.45748588201240636,,0.9850485048504851,,0.985,,,0.002399020013399422,0.98985,,,,3.6613566799787804,0.9849996249906248,,,,,,,,,,,,,,,,,,,,,,,,,,,,,binary,cic-malmem,classical,,,,lightgbm,-1,2,,,,0.6727299868828402,0.11536162338241392,100,0.6849356442713105,248,,,,
FINISHED,2026-07-11 08:36:45.986000+00:00,2026-07-11 08:36:46.124000+00:00,,,,0.9900495037128093,0.995,0.25029105102294125,,0.995049504950495,,0.995,,,0.001918377005495131,1.0,,,,1.9431203159620054,0.9949998749968749,,,,,,,,,,,,,,,,,,,,,,,,,,,,,binary,cic-malmem,classical,,,,lightgbm,-1,2,,,,0.9940504094574896,0.2914056550333114,250,0.6405321213255015,213,,,,
FINISHED,2026-07-11 08:36:49.172000+00:00,2026-07-11 08:36:49.312000+00:00,,,,0.9801960588196069,0.99,0.7321107659954578,,0.9901960784313726,,0.99,,,0.002114119997713715,1.0,,,,2.2692056999949273,0.9899989998999901,,,,,,,,,,,,,,,,,,,,,,,,,,,,,binary,cic-malmem,classical,,,,lightgbm,-1,2,,,,0.9087696049520285,0.051187808280636814,300,0.6738001335892403,142,,,,
FINISHED,2026-07-11 08:36:51.582000+00:00,2026-07-11 08:36:51.716000+00:00,,,,0.98,0.99,0.40890166998724453,,0.99,,0.99,,,0.001976790983462706,0.9997999999999999,,,,1.8207502390141599,0.99,,,,,,,,,,,,,,,,,,,,,,,,,,,,,binary,cic-malmem,classical,,,,lightgbm,-1,2,,,,0.8633019350343042,0.07970813993595927,100,0.9237766620382272,181,,,,
FINISHED,2026-07-11 08:36:56.887000+00:00,2026-07-11 08:36:57.057000+00:00,,,,0.98,0.99,1.8328290839854162,,0.99,,0.99,,,0.0026452690071891993,0.99825,,,,3.2958692030224483,0.99,,,,,,,,,,,,,,,,,,,,,,,,,,,,,binary,cic-malmem,classical,,,,lightgbm,-1,2,,,,0.8262452362725613,0.005258837492973114,600,0.6071847502459279,183,,,,
FINISHED,2026-07-11 08:36:57.699000+00:00,2026-07-11 08:36:57.833000+00:00,,,,0.9601920576192068,0.98,0.003395032021217048,,0.9801920768307323,,0.98,,,0.0008766060054767877,0.9992,,,,0.5988712769758422,0.9799979997999799,,,,,,,,,,,,,,,,,,,,,,,,,,,,,binary,cic-malmem,classical,0.042051564509138675,0.1648044642797898,None,svm,-1,2,,,,,,,,,,,,
FINISHED,2026-07-11 08:36:58.384000+00:00,2026-07-11 08:36:58.502000+00:00,,,,0.9900495037128093,0.995,0.004344787012087181,,0.995049504950495,,0.995,,,0.0005025950085837394,0.9999,,,,0.500612049974734,0.9949998749968749,,,,,,,,,,,,,,,,,,,,,,,,,,,,,binary,cic-malmem,classical,0.15483130563709926,3.2210293248772306,balanced,svm,-1,2,,,,,,,,,,,,
FINISHED,2026-07-11 08:36:59.104000+00:00,2026-07-11 08:36:59.240000+00:00,,,,0.9900495037128093,0.995,0.004124300001421943,,0.995049504950495,,0.995,,,0.00047566500143148005,1.0,,,,0.569628933997592,0.9949998749968749,,,,,,,,,,,,,,,,,,,,,,,,,,,,,binary,cic-malmem,classical,0.010721762999909696,98.01699634126317,balanced,svm,-1,2,,,,,,,,,,,,
FINISHED,2026-07-11 08:36:59.778000+00:00,2026-07-11 08:37:00.030000+00:00,,,,0.9900495037128093,0.995,0.003213824995327741,,0.995049504950495,,0.995,,,0.0004497339832596481,0.9934,,,,0.49730516600538976,0.9949998749968749,,,,,,,,,,,,,,,,,,,,,,,,,,,,,binary,cic-malmem,classical,0.06777859354617165,17.42888978115853,balanced,svm,-1,2,,,,,,,,,,,,
FINISHED,2026-07-11 08:37:00.564000+00:00,2026-07-11 08:37:00.677000+00:00,,,,0.9704367948586523,0.985,0.004899181018117815,,0.9854368932038835,,0.985,,,0.0003639550122898072,0.9916,,,,0.4903272389783524,0.9849966242404541,,,,,,,,,,,,,,,,,,,,,,,,,,,,,binary,cic-malmem,classical,0.007301619300638306,67.94364327569589,balanced,svm,-1,2,,,,,,,,,,,,
FINISHED,2026-07-11 08:52:57.194000+00:00,2026-07-11 08:52:57.320000+00:00,,,,1.0,1.0,3.657520389999263,,1.0,,1.0,,,1.7848898509982973,1.0,,,,6.6728268139995635,1.0,,,,,,,,,,,,,,,,,,,,,,,,3.6549475350184366,19120.0,1.7845866760180797,0.12262666896967878,,binary,cic-malmem,quantum,,0.1,None,qsvm,,3,0.5773502691896257,,angle,,,,,,,,,
FINISHED,2026-07-11 08:53:11.342000+00:00,2026-07-11 08:53:11.458000+00:00,,,,0.9,0.95,4.1438348480151035,,0.95,,0.95,,,2.2042474180052523,0.9075,,,,7.6545323269674554,0.95,,,,,,,,,,,,,,,,,,,,,,,,4.140811944002053,19120.0,2.2038654999923892,0.12316290044151758,,binary,cic-malmem,quantum,,0.1,None,qsvm,,3,0.5773502691896257,,angle,,,,,,,,,
FINISHED,2026-07-11 08:53:27.880000+00:00,2026-07-11 08:53:28.029000+00:00,,,,0.9511897312113419,0.975,5.104800569999497,,0.9761904761904762,,0.975,,,2.6206595959956758,1.0,,,,8.672414856991963,0.9749843652282677,,,,,,,,,,,,,,,,,,,,,,,,5.101383455999894,19120.0,2.620092838013079,0.1758802151373061,,binary,cic-malmem,quantum,,0.1,None,qsvm,,3,0.5773502691896257,,angle,,,,,,,,,
FINISHED,2026-07-11 08:53:44.717000+00:00,2026-07-11 08:53:44.830000+00:00,,,,1.0,1.0,4.764557702001184,,1.0,,1.0,,,2.156439882994164,1.0,,,,9.742195870989235,1.0,,,,,,,,,,,,,,,,,,,,,,,,4.761077684001066,19120.0,2.1560005549981724,0.12939132414268548,,binary,cic-malmem,quantum,,0.1,None,qsvm,,3,0.5773502691896257,,angle,,,,,,,,,
FINISHED,2026-07-11 08:54:00.309000+00:00,2026-07-11 08:54:00.423000+00:00,,,,1.0,1.0,4.471163701004116,,1.0,,1.0,,,2.159846472000936,1.0,,,,8.82824049599003,1.0,,,,,,,,,,,,,,,,,,,,,,,,4.467636311019305,19120.0,2.159396831993945,0.14406819935854123,,binary,cic-malmem,quantum,,0.1,None,qsvm,,3,0.5773502691896257,,angle,,,,,,,,,
FINISHED,2026-07-11 08:56:37.180000+00:00,2026-07-11 08:56:37.366000+00:00,,,,1.0,1.0,0.2463078449945897,,1.0,,1.0,,,0.028287507011555135,1.0,,,,24.225392772001214,1.0,,,,,,,,,,,,,,,,,,,,,,,,,,,,,binary,cic-malmem,classical,,,,random_forest,-1,3,,,,,,100,,,29,7,None,
FINISHED,2026-07-11 08:56:53.245000+00:00,2026-07-11 08:56:53.397000+00:00,,,,0.9,0.95,0.2368755700008478,,0.95,,0.95,,,0.0299779339984525,0.95,,,,15.553051663009683,0.95,,,,,,,,,,,,,,,,,,,,,,,,,,,,,binary,cic-malmem,classical,,,,random_forest,-1,3,,,,,,100,,,29,7,None,
FINISHED,2026-07-11 08:57:06.520000+00:00,2026-07-11 08:57:06.671000+00:00,,,,1.0,1.0,0.5339949500048533,,1.0,,1.0,,,0.05040048202499747,1.0,,,,12.471137663989794,1.0,,,,,,,,,,,,,,,,,,,,,,,,,,,,,binary,cic-malmem,classical,,,,random_forest,-1,3,,,,,,300,,,31,8,sqrt,
FINISHED,2026-07-11 08:57:20.074000+00:00,2026-07-11 08:57:20.207000+00:00,,,,1.0,1.0,0.5794879839813802,,1.0,,1.0,,,0.056601369025884196,1.0,,,,12.696247557003517,1.0,,,,,,,,,,,,,,,,,,,,,,,,,,,,,binary,cic-malmem,classical,,,,random_forest,-1,3,,,,,,300,,,31,8,sqrt,
FINISHED,2026-07-11 08:57:34.241000+00:00,2026-07-11 08:57:34.380000+00:00,,,,1.0,1.0,0.6118083949841093,,1.0,,1.0,,,0.04854849399998784,1.0,,,,13.295570737041999,1.0,,,,,,,,,,,,,,,,,,,,,,,,,,,,,binary,cic-malmem,classical,,,,random_forest,-1,3,,,,,,300,,,31,8,sqrt,
FINISHED,2026-07-11 08:57:39.789000+00:00,2026-07-11 08:57:39.963000+00:00,,,,1.0,1.0,0.4837264119996689,,1.0,,1.0,,,0.009537125006318092,1.0,,,,4.877387562999502,1.0,,,,,,,,,,,,,,,,,,,,,,,,,,,,,binary,cic-malmem,classical,,,,xgboost,-1,3,,,,0.8832290311184181,0.13983740016490973,150,0.8404460046972835,,3,,,
FINISHED,2026-07-11 08:57:41.974000+00:00,2026-07-11 08:57:42.206000+00:00,,,,0.9,0.95,0.6247238850046415,,0.95,,0.95,,,0.00865045899990946,0.9700000000000001,,,,1.3342718819912989,0.95,,,,,,,,,,,,,,,,,,,,,,,,,,,,,binary,cic-malmem,classical,,,,xgboost,-1,3,,,,0.6624074561769746,0.06504856968981275,300,0.8394633936788146,,12,,,
FINISHED,2026-07-11 08:57:43.837000+00:00,2026-07-11 08:57:44.017000+00:00,,,,1.0,1.0,0.30088658101158217,,1.0,,1.0,,,0.004884396999841556,1.0,,,,1.2915047439746559,1.0,,,,,,,,,,,,,,,,,,,,,,,,,,,,,binary,cic-malmem,classical,,,,xgboost,-1,3,,,,0.6624074561769746,0.06504856968981275,300,0.8394633936788146,,12,,,
FINISHED,2026-07-11 08:57:45.809000+00:00,2026-07-11 08:57:46.013000+00:00,,,,1.0,1.0,0.5011992109939456,,1.0,,1.0,,,0.002654359006555751,1.0,,,,1.2533375210186932,1.0,,,,,,,,,,,,,,,,,,,,,,,,,,,,,binary,cic-malmem,classical,,,,xgboost,-1,3,,,,0.8832290311184181,0.13983740016490973,150,0.8404460046972835,,3,,,
FINISHED,2026-07-11 08:57:48.621000+00:00,2026-07-11 08:57:48.824000+00:00,,,,1.0,1.0,1.1285997869854327,,1.0,,1.0,,,0.00438523301272653,1.0,,,,1.433213335025357,1.0,,,,,,,,,,,,,,,,,,,,,,,,,,,,,binary,cic-malmem,classical,,,,xgboost,-1,3,,,,0.9435353126671049,0.0057359341766424566,150,0.6644356881991438,,8,,,
FINISHED,2026-07-11 08:57:52.760000+00:00,2026-07-11 08:57:52.948000+00:00,,,,1.0,1.0,0.40769753998029046,,1.0,,1.0,,,0.0019273219804745167,1.0,,,,3.4937030260043684,1.0,,,,,,,,,,,,,,,,,,,,,,,,,,,,,binary,cic-malmem,classical,,,,lightgbm,-1,3,,,,0.9862528132298237,0.0014492412389916862,400,0.9795542149013333,56,,,,
FINISHED,2026-07-11 08:57:54.208000+00:00,2026-07-11 08:57:54.362000+00:00,,,,0.9,0.95,0.063917085994035,,0.95,,0.95,,,0.0020259720040485263,0.9724999999999999,,,,1.1643658930261154,0.95,,,,,,,,,,,,,,,,,,,,,,,,,,,,,binary,cic-malmem,classical,,,,lightgbm,-1,3,,,,0.8832290311184181,0.13983740016490973,150,0.8404460046972835,28,,,,
FINISHED,2026-07-11 08:57:55.789000+00:00,2026-07-11 08:57:55.977000+00:00,,,,0.9511897312113419,0.975,0.18971904800855555,,0.9761904761904762,,0.975,,,0.0018029149796348065,1.0,,,,1.2054097680083942,0.9749843652282677,,,,,,,,,,,,,,,,,,,,,,,,,,,,,binary,cic-malmem,classical,,,,lightgbm,-1,3,,,,0.8832290311184181,0.13983740016490973,150,0.8404460046972835,28,,,,
FINISHED,2026-07-11 08:57:57.423000+00:00,2026-07-11 08:57:57.597000+00:00,,,,1.0,1.0,0.17177809498389252,,1.0,,1.0,,,0.0016509970009792596,1.0,,,,1.2413554520171601,1.0,,,,,,,,,,,,,,,,,,,,,,,,,,,,,binary,cic-malmem,classical,,,,lightgbm,-1,3,,,,0.8832290311184181,0.13983740016490973,150,0.8404460046972835,28,,,,
FINISHED,2026-07-11 08:57:59.376000+00:00,2026-07-11 08:57:59.562000+00:00,,,,1.0,1.0,0.5093670930073131,,1.0,,1.0,,,0.0019439870084170252,1.0,,,,1.2367749039840419,1.0,,,,,,,,,,,,,,,,,,,,,,,,,,,,,binary,cic-malmem,classical,,,,lightgbm,-1,3,,,,0.9862528132298237,0.0014492412389916862,400,0.9795542149013333,56,,,,
FINISHED,2026-07-11 08:58:00.035000+00:00,2026-07-11 08:58:00.210000+00:00,,,,1.0,1.0,0.0024906730104703456,,1.0,,1.0,,,0.00030964199686422944,1.0,,,,0.4402550459781196,1.0,,,,,,,,,,,,,,,,,,,,,,,,,,,,,binary,cic-malmem,classical,0.0011526449540315614,21.368329072358772,balanced,svm,-1,3,,,,,,,,,,,,
FINISHED,2026-07-11 08:58:00.655000+00:00,2026-07-11 08:58:00.802000+00:00,,,,0.9,0.95,0.002163291006581858,,0.95,,0.95,,,0.00028250101604498923,0.9049999999999999,,,,0.4123707279795781,0.95,,,,,,,,,,,,,,,,,,,,,,,,,,,,,binary,cic-malmem,classical,0.0011526449540315614,21.368329072358772,balanced,svm,-1,3,,,,,,,,,,,,
FINISHED,2026-07-11 08:58:01.219000+00:00,2026-07-11 08:58:01.365000+00:00,,,,0.9511897312113419,0.975,0.0016207190055865794,,0.9761904761904762,,0.975,,,0.0003109629906248301,1.0,,,,0.39064935001078993,0.9749843652282677,,,,,,,,,,,,,,,,,,,,,,,,,,,,,binary,cic-malmem,classical,0.042051564509138675,0.1648044642797898,None,svm,-1,3,,,,,,,,,,,,
FINISHED,2026-07-11 08:58:01.778000+00:00,2026-07-11 08:58:01.916000+00:00,,,,1.0,1.0,0.0022430249955505133,,1.0,,1.0,,,0.0002966439933516085,1.0,,,,0.38492241100175306,1.0,,,,,,,,,,,,,,,,,,,,,,,,,,,,,binary,cic-malmem,classical,0.3470266988650412,2.5378155082656657,balanced,svm,-1,3,,,,,,,,,,,,
FINISHED,2026-07-11 08:58:02.367000+00:00,2026-07-11 08:58:02.527000+00:00,,,,0.9511897312113419,0.975,0.0021242799994070083,,0.9761904761904762,,0.975,,,0.0005145350005477667,1.0,,,,0.41486236700438894,0.9749843652282677,,,,,,,,,,,,,,,,,,,,,,,,,,,,,binary,cic-malmem,classical,0.00017070728830306665,2.342384984711291,None,svm,-1,3,,,,,,,,,,,,
FINISHED,2026-07-11 09:05:54.852000+00:00,2026-07-11 09:05:54.982000+00:00,,,,0.9601920576192068,0.98,120.40440068099997,,0.9801920768307323,,0.98,,,54.27493615599815,0.9747,,,,212.2387453209958,0.9799979997999799,,,,,,,,,,,,,,,,,,,,,,,,120.39717648399528,479600.0,54.274319888005266,0.07672732050120225,,binary,cic-malmem,quantum,,0.1,None,qsvm,,3,0.5773502691896257,,angle,,,,,,,,,
FINISHED,2026-07-11 09:12:04.316000+00:00,2026-07-11 09:12:04.416000+00:00,,,,0.9900495037128093,0.995,104.96042150599533,,0.995049504950495,,0.995,,,54.30552229800378,0.9998,,,,210.04863512402517,0.9949998749968749,,,,,,,,,,,,,,,,,,,,,,,,104.95432740598335,479600.0,54.304932605999056,0.05712110132832797,,binary,cic-malmem,quantum,,1.0,None,qsvm,,3,0.5773502691896257,,angle,,,,,,,,,
FINISHED,2026-07-11 09:18:14.425000+00:00,2026-07-11 09:18:14.539000+00:00,,,,0.9900495037128093,0.995,110.29341774000204,,0.995049504950495,,0.995,,,54.991547995014116,0.9994,,,,204.70512494898867,0.9949998749968749,,,,,,,,,,,,,,,,,,,,,,,,110.2861016250099,479600.0,54.991067818016745,0.07768637037792463,,binary,cic-malmem,quantum,,1.0,None,qsvm,,3,0.5773502691896257,,angle,,,,,,,,,
FINISHED,2026-07-11 09:24:32.426000+00:00,2026-07-11 09:24:32.540000+00:00,,,,0.9900495037128093,0.995,119.74162465400877,,0.995049504950495,,0.995,,,51.173232197004836,0.9996999999999999,,,,206.95441233098973,0.9949998749968749,,,,,,,,,,,,,,,,,,,,,,,,119.73431960499147,479600.0,51.17250328001683,0.0801630464177553,,binary,cic-malmem,quantum,,0.1,None,qsvm,,3,0.5773502691896257,,angle,,,,,,,,,
FINISHED,2026-07-11 09:31:04.091000+00:00,2026-07-11 09:31:04.192000+00:00,,,,0.98,0.99,118.46994847297901,,0.99,,0.99,,,59.92448781101848,0.9808,,,,213.13431335400674,0.99,,,,,,,,,,,,,,,,,,,,,,,,118.46317616599845,479600.0,59.92397250098293,0.07751613938619001,,binary,cic-malmem,quantum,,10.0,None,qsvm,,3,0.5773502691896257,,angle,,,,,,,,,
FINISHED,2026-07-11 09:33:57.659000+00:00,2026-07-11 09:33:57.789000+00:00,,,,0.9601920576192068,0.98,0.5238294540031347,,0.9801920768307323,,0.98,,,0.05127946101129055,0.9957,,,,19.76258467597654,0.9799979997999799,,,,,,,,,,,,,,,,,,,,,,,,,,,,,binary,cic-malmem,classical,,,,random_forest,-1,3,,,,,,300,,,31,8,sqrt,
FINISHED,2026-07-11 09:34:14.707000+00:00,2026-07-11 09:34:14.815000+00:00,,,,1.0,1.0,0.6451340380008332,,1.0,,1.0,,,0.06937629100866616,1.0,,,,16.11363913799869,1.0,,,,,,,,,,,,,,,,,,,,,,,,,,,,,binary,cic-malmem,classical,,,,random_forest,-1,3,,,,,,400,,,8,1,log2,
FINISHED,2026-07-11 09:34:32.237000+00:00,2026-07-11 09:34:32.359000+00:00,,,,1.0,1.0,0.921309459983604,,1.0,,1.0,,,0.08285358699504286,1.0,,,,16.30065280001145,1.0,,,,,,,,,,,,,,,,,,,,,,,,,,,,,binary,cic-malmem,classical,,,,random_forest,-1,3,,,,,,500,,,23,1,log2,
FINISHED,2026-07-11 09:34:50.166000+00:00,2026-07-11 09:34:50.273000+00:00,,,,0.9900495037128093,0.995,0.910785346000921,,0.995049504950495,,0.995,,,0.08742066400009207,0.9990000000000001,,,,16.695747833000496,0.9949998749968749,,,,,,,,,,,,,,,,,,,,,,,,,,,,,binary,cic-malmem,classical,,,,random_forest,-1,3,,,,,,550,,,10,2,None,
FINISHED,2026-07-11 09:35:05.656000+00:00,2026-07-11 09:35:05.760000+00:00,,,,0.9900495037128093,0.995,0.614755446993513,,0.995049504950495,,0.995,,,0.06765558099141344,0.9999,,,,14.599730582005577,0.9949998749968749,,,,,,,,,,,,,,,,,,,,,,,,,,,,,binary,cic-malmem,classical,,,,random_forest,-1,3,,,,,,350,,,26,2,log2,
FINISHED,2026-07-11 09:39:32.147000+00:00,2026-07-11 09:39:33.238000+00:00,,,,0.9601920576192068,0.98,260.7050157219928,,0.9801920768307323,,0.98,,,0.09952116399654187,0.9966,,,,5.404019331006566,0.9799979997999799,,,,,,,,,,,,,,,,,,,,,,,,,,,,,binary,cic-malmem,classical,,,,xgboost,-1,3,,,,0.6624074561769746,0.06504856968981275,300,0.8394633936788146,,12,,,
FINISHED,2026-07-11 09:42:13.995000+00:00,2026-07-11 09:42:14.201000+00:00,,,,0.9900495037128093,0.995,153.4095206000202,,0.995049504950495,,0.995,,,0.027491073007695377,1.0,,,,7.090903349977452,0.9949998749968749,,,,,,,,,,,,,,,,,,,,,,,,,,,,,binary,cic-malmem,classical,,,,xgboost,-1,3,,,,0.6624074561769746,0.06504856968981275,300,0.8394633936788146,,12,,,
FINISHED,2026-07-11 09:42:16.230000+00:00,2026-07-11 09:42:16.366000+00:00,,,,1.0,1.0,0.29506823798874393,,1.0,,1.0,,,0.0016400300082750618,1.0,,,,1.6854511749988887,1.0,,,,,,,,,,,,,,,,,,,,,,,,,,,,,binary,cic-malmem,classical,,,,xgboost,-1,3,,,,0.6624074561769746,0.06504856968981275,300,0.8394633936788146,,12,,,
FINISHED,2026-07-11 09:42:22.025000+00:00,2026-07-11 09:42:22.209000+00:00,,,,0.9900495037128093,0.995,3.5757637080096174,,0.995049504950495,,0.995,,,0.03328635697835125,0.9983,,,,1.9985294299840461,0.9949998749968749,,,,,,,,,,,,,,,,,,,,,,,,,,,,,binary,cic-malmem,classical,,,,xgboost,-1,3,,,,0.6727299868828402,0.11536162338241392,100,0.6849356442713105,,12,,,
FINISHED,2026-07-11 09:42:24.002000+00:00,2026-07-11 09:42:24.137000+00:00,,,,0.98,0.99,0.0652564630145207,,0.99,,0.99,,,0.004149398009758443,0.992,,,,1.687441335991025,0.99,,,,,,,,,,,,,,,,,,,,,,,,,,,,,binary,cic-malmem,classical,,,,xgboost,-1,3,,,,0.8832290311184181,0.13983740016490973,150,0.8404460046972835,,3,,,
FINISHED,2026-07-11 09:42:32.606000+00:00,2026-07-11 09:42:32.791000+00:00,,,,0.9601920576192068,0.98,2.991446833999362,,0.9801920768307323,,0.98,,,0.003905346995452419,0.9932,,,,5.422226928989403,0.9799979997999799,,,,,,,,,,,,,,,,,,,,,,,,,,,,,binary,cic-malmem,classical,,,,lightgbm,-1,3,,,,0.9907065766284908,0.00485229920506671,600,0.6071847502459279,183,,,,
FINISHED,2026-07-11 09:42:36.424000+00:00,2026-07-11 09:42:36.583000+00:00,,,,0.9900495037128093,0.995,0.7881540520174894,,0.995049504950495,,0.995,,,0.0026174350059591234,1.0,,,,2.7987249239813536,0.9949998749968749,,,,,,,,,,,,,,,,,,,,,,,,,,,,,binary,cic-malmem,classical,,,,lightgbm,-1,3,,,,0.9484585963567845,0.058352962703002526,550,0.6079750006222824,16,,,,
FINISHED,2026-07-11 09:42:39.490000+00:00,2026-07-11 09:42:39.631000+00:00,,,,1.0,1.0,0.27044241898693144,,1.0,,1.0,,,0.002075866999803111,1.0,,,,2.5909618970181327,1.0,,,,,,,,,,,,,,,,,,,,,,,,,,,,,binary,cic-malmem,classical,,,,lightgbm,-1,3,,,,0.8832290311184181,0.13983740016490973,150,0.8404460046972835,28,,,,
FINISHED,2026-07-11 09:42:42.261000+00:00,2026-07-11 09:42:42.413000+00:00,,,,0.9801960588196069,0.99,0.4460379210067913,,0.9901960784313726,,0.99,,,0.002100299025187269,0.9993,,,,2.1444378129963297,0.9899989998999901,,,,,,,,,,,,,,,,,,,,,,,,,,,,,binary,cic-malmem,classical,,,,lightgbm,-1,3,,,,0.8832290311184181,0.13983740016490973,150,0.8404460046972835,28,,,,
FINISHED,2026-07-11 09:42:45.378000+00:00,2026-07-11 09:42:45.532000+00:00,,,,0.9900495037128093,0.995,0.22809193999273703,,0.995049504950495,,0.995,,,0.0019468069949653,0.9926,,,,2.6957574970147107,0.9949998749968749,,,,,,,,,,,,,,,,,,,,,,,,,,,,,binary,cic-malmem,classical,,,,lightgbm,-1,3,,,,0.9940504094574896,0.2914056550333114,250,0.6405321213255015,213,,,,
FINISHED,2026-07-11 09:42:46.154000+00:00,2026-07-11 09:42:46.280000+00:00,,,,0.9601920576192068,0.98,0.003235232987208292,,0.9801920768307323,,0.98,,,0.00046609199489466846,0.9996999999999999,,,,0.5810158459935337,0.9799979997999799,,,,,,,,,,,,,,,,,,,,,,,,,,,,,binary,cic-malmem,classical,0.009037817073821354,18.40601178867816,balanced,svm,-1,3,,,,,,,,,,,,
FINISHED,2026-07-11 09:42:46.859000+00:00,2026-07-11 09:42:47.138000+00:00,,,,0.9900495037128093,0.995,0.0036955839896108955,,0.995049504950495,,0.995,,,0.0006636519974563271,1.0,,,,0.5408782380109187,0.9949998749968749,,,,,,,,,,,,,,,,,,,,,,,,,,,,,binary,cic-malmem,classical,0.11933047729369604,4.185117267502846,balanced,svm,-1,3,,,,,,,,,,,,
FINISHED,2026-07-11 09:42:47.701000+00:00,2026-07-11 09:42:47.838000+00:00,,,,0.9900495037128093,0.995,0.005203909007832408,,0.995049504950495,,0.995,,,0.0007933870074339211,1.0,,,,0.517487226985395,0.9949998749968749,,,,,,,,,,,,,,,,,,,,,,,,,,,,,binary,cic-malmem,classical,0.3470266988650412,2.5378155082656657,balanced,svm,-1,3,,,,,,,,,,,,
FINISHED,2026-07-11 09:42:48.431000+00:00,2026-07-11 09:42:48.555000+00:00,,,,0.9900495037128093,0.995,0.003607621998526156,,0.995049504950495,,0.995,,,0.0005120290152262896,0.9915,,,,0.5627452189801261,0.9949998749968749,,,,,,,,,,,,,,,,,,,,,,,,,,,,,binary,cic-malmem,classical,0.14025159134298773,7.0454900978099575,balanced,svm,-1,3,,,,,,,,,,,,
FINISHED,2026-07-11 09:42:49.143000+00:00,2026-07-11 09:42:49.252000+00:00,,,,0.9900495037128093,0.995,0.0034362750011496246,,0.995049504950495,,0.995,,,0.0003785519802477211,0.9999,,,,0.5497115870239213,0.9949998749968749,,,,,,,,,,,,,,,,,,,,,,,,,,,,,binary,cic-malmem,classical,0.022722981397197115,27.642148809379247,balanced,svm,-1,3,,,,,,,,,,,,
FINISHED,2026-07-11 10:05:29.490000+00:00,2026-07-11 10:05:29.642000+00:00,,,,1.0,1.0,4.826781234005466,,1.0,,1.0,,,2.4037118190026376,1.0,,,,11.316461826994782,1.0,,,,,,,,,,,,,,,,,,,,,,,,4.823695985018276,19120.0,2.4033464180247393,0.12303635966224846,,binary,cic-malmem,quantum,,0.1,None,qsvm,,4,0.5,,angle,,,,,,,,,
FINISHED,2026-07-11 10:05:47.988000+00:00,2026-07-11 10:05:48.109000+00:00,,,,0.8510644963469901,0.925,4.800387502997182,,0.9260651629072681,,0.925,,,2.523667184985243,0.955,,,,11.00283505799598,0.9249530956848031,,,,,,,,,,,,,,,,,,,,,,,,4.797390375024406,19120.0,2.5233282539993525,0.12514095921112067,,binary,cic-malmem,quantum,,0.1,None,qsvm,,4,0.5,,angle,,,,,,,,,
FINISHED,2026-07-11 10:06:06.777000+00:00,2026-07-11 10:06:06.897000+00:00,,,,1.0,1.0,5.123006685025757,,1.0,,1.0,,,2.968198268994456,1.0,,,,10.556995351973455,1.0,,,,,,,,,,,,,,,,,,,,,,,,5.1200043040153105,19120.0,2.9677566629834473,0.15809199791380318,,binary,cic-malmem,quantum,,0.1,None,qsvm,,4,0.5,,angle,,,,,,,,,
FINISHED,2026-07-11 10:06:25.317000+00:00,2026-07-11 10:06:25.423000+00:00,,,,1.0,1.0,4.957730854977854,,1.0,,1.0,,,2.4734803489991464,1.0,,,,10.97195322002517,1.0,,,,,,,,,,,,,,,,,,,,,,,,4.954690251004649,19120.0,2.47320555098122,0.1355339398233081,,binary,cic-malmem,quantum,,1.0,None,qsvm,,4,0.5,,angle,,,,,,,,,
FINISHED,2026-07-11 10:06:46.041000+00:00,2026-07-11 10:06:46.153000+00:00,,,,1.0,1.0,5.6258573979721405,,1.0,,1.0,,,3.4520789129892364,1.0,,,,11.521752292028395,1.0,,,,,,,,,,,,,,,,,,,,,,,,5.62226556398673,19120.0,3.4517358879966196,0.13439722948028612,,binary,cic-malmem,quantum,,1.0,None,qsvm,,4,0.5,,angle,,,,,,,,,
FINISHED,2026-07-11 10:07:53.972000+00:00,2026-07-11 10:07:54.098000+00:00,,,,1.0,1.0,0.4589376570074819,,1.0,,1.0,,,0.04134130702004768,1.0,,,,18.965974541992182,1.0,,,,,,,,,,,,,,,,,,,,,,,,,,,,,binary,cic-malmem,classical,,,,random_forest,-1,4,,,,,,300,,,31,8,sqrt,
FINISHED,2026-07-11 10:08:06.138000+00:00,2026-07-11 10:08:06.241000+00:00,,,,0.9,0.95,0.45307612299802713,,0.95,,0.95,,,0.04607050001504831,0.9874999999999999,,,,11.48362875400926,0.95,,,,,,,,,,,,,,,,,,,,,,,,,,,,,binary,cic-malmem,classical,,,,random_forest,-1,4,,,,,,300,,,31,8,sqrt,
FINISHED,2026-07-11 10:08:17.361000+00:00,2026-07-11 10:08:17.474000+00:00,,,,1.0,1.0,0.45243417998426594,,1.0,,1.0,,,0.047484976006671786,1.0,,,,10.562051822023932,1.0,,,,,,,,,,,,,,,,,,,,,,,,,,,,,binary,cic-malmem,classical,,,,random_forest,-1,4,,,,,,300,,,31,8,sqrt,
FINISHED,2026-07-11 10:08:27.781000+00:00,2026-07-11 10:08:27.891000+00:00,,,,1.0,1.0,0.43440654399455525,,1.0,,1.0,,,0.04121139200287871,1.0,,,,9.774597020994406,1.0,,,,,,,,,,,,,,,,,,,,,,,,,,,,,binary,cic-malmem,classical,,,,random_forest,-1,4,,,,,,300,,,31,8,sqrt,
FINISHED,2026-07-11 10:08:39.095000+00:00,2026-07-11 10:08:39.207000+00:00,,,,1.0,1.0,0.45243586401920766,,1.0,,1.0,,,0.03769345299224369,1.0,,,,10.653608536988031,1.0,,,,,,,,,,,,,,,,,,,,,,,,,,,,,binary,cic-malmem,classical,,,,random_forest,-1,4,,,,,,300,,,31,8,sqrt,
FINISHED,2026-07-11 10:08:44.001000+00:00,2026-07-11 10:08:44.142000+00:00,,,,1.0,1.0,0.28009452400146984,,1.0,,1.0,,,0.0240728419739753,1.0,,,,4.443516745988745,1.0,,,,,,,,,,,,,,,,,,,,,,,,,,,,,binary,cic-malmem,classical,,,,xgboost,-1,4,,,,0.6624074561769746,0.06504856968981275,300,0.8394633936788146,,12,,,
FINISHED,2026-07-11 10:08:45.336000+00:00,2026-07-11 10:08:45.502000+00:00,,,,0.9,0.95,0.1897124990064185,,0.95,,0.95,,,0.00246928702108562,0.98,,,,0.9725694039952941,0.95,,,,,,,,,,,,,,,,,,,,,,,,,,,,,binary,cic-malmem,classical,,,,xgboost,-1,4,,,,0.6624074561769746,0.06504856968981275,300,0.8394633936788146,,12,,,
FINISHED,2026-07-11 10:08:46.755000+00:00,2026-07-11 10:08:46.894000+00:00,,,,1.0,1.0,0.07638949502143078,,1.0,,1.0,,,0.001305890007643029,1.0,,,,1.1468181709642522,1.0,,,,,,,,,,,,,,,,,,,,,,,,,,,,,binary,cic-malmem,classical,,,,xgboost,-1,4,,,,0.6624074561769746,0.06504856968981275,300,0.8394633936788146,,12,,,
FINISHED,2026-07-11 10:08:47.973000+00:00,2026-07-11 10:08:48.103000+00:00,,,,1.0,1.0,0.04556220700033009,,1.0,,1.0,,,0.0009287889988627285,1.0,,,,1.0040705879800953,1.0,,,,,,,,,,,,,,,,,,,,,,,,,,,,,binary,cic-malmem,classical,,,,xgboost,-1,4,,,,0.6624074561769746,0.06504856968981275,300,0.8394633936788146,,12,,,
FINISHED,2026-07-11 10:08:49.181000+00:00,2026-07-11 10:08:49.459000+00:00,,,,1.0,1.0,0.09525559699977748,,1.0,,1.0,,,0.0011493679776322097,1.0,,,,0.9552775490155909,1.0,,,,,,,,,,,,,,,,,,,,,,,,,,,,,binary,cic-malmem,classical,,,,xgboost,-1,4,,,,0.6624074561769746,0.06504856968981275,300,0.8394633936788146,,12,,,
FINISHED,2026-07-11 10:08:51.765000+00:00,2026-07-11 10:08:51.895000+00:00,,,,0.9511897312113419,0.975,0.21658150097937323,,0.9761904761904762,,0.975,,,0.001600135990884155,1.0,,,,2.063713761017425,0.9749843652282677,,,,,,,,,,,,,,,,,,,,,,,,,,,,,binary,cic-malmem,classical,,,,lightgbm,-1,4,,,,0.6624074561769746,0.06504856968981275,300,0.8394633936788146,244,,,,
FINISHED,2026-07-11 10:08:52.792000+00:00,2026-07-11 10:08:52.914000+00:00,,,,0.9,0.95,0.13086624100105837,,0.95,,0.95,,,0.0016757640114519745,0.9849999999999999,,,,0.7421651230251882,0.95,,,,,,,,,,,,,,,,,,,,,,,,,,,,,binary,cic-malmem,classical,,,,lightgbm,-1,4,,,,0.6624074561769746,0.06504856968981275,300,0.8394633936788146,244,,,,
FINISHED,2026-07-11 10:08:53.913000+00:00,2026-07-11 10:08:54.042000+00:00,,,,1.0,1.0,0.1838903310126625,,1.0,,1.0,,,0.0016817319847177714,1.0,,,,0.7912318939925171,1.0,,,,,,,,,,,,,,,,,,,,,,,,,,,,,binary,cic-malmem,classical,,,,lightgbm,-1,4,,,,0.6624074561769746,0.06504856968981275,300,0.8394633936788146,244,,,,
FINISHED,2026-07-11 10:08:55.126000+00:00,2026-07-11 10:08:55.272000+00:00,,,,1.0,1.0,0.18257268599700183,,1.0,,1.0,,,0.0015573290002066642,1.0,,,,0.8747310859907884,1.0,,,,,,,,,,,,,,,,,,,,,,,,,,,,,binary,cic-malmem,classical,,,,lightgbm,-1,4,,,,0.7164916560792167,0.0199473547030745,200,0.7727780074568463,88,,,,
FINISHED,2026-07-11 10:08:56.563000+00:00,2026-07-11 10:08:56.712000+00:00,,,,1.0,1.0,0.16559903501183726,,1.0,,1.0,,,0.0019006920047104359,1.0,,,,1.0966807579970919,1.0,,,,,,,,,,,,,,,,,,,,,,,,,,,,,binary,cic-malmem,classical,,,,lightgbm,-1,4,,,,0.7164916560792167,0.0199473547030745,200,0.7727780074568463,88,,,,
FINISHED,2026-07-11 10:08:57.096000+00:00,2026-07-11 10:08:57.213000+00:00,,,,1.0,1.0,0.0015160960028879344,,1.0,,1.0,,,0.00022162098321132362,1.0,,,,0.3590592789987568,1.0,,,,,,,,,,,,,,,,,,,,,,,,,,,,,binary,cic-malmem,classical,0.0011526449540315614,21.368329072358772,balanced,svm,-1,4,,,,,,,,,,,,
FINISHED,2026-07-11 10:08:57.581000+00:00,2026-07-11 10:08:57.690000+00:00,,,,0.9,0.95,0.0015393220237456262,,0.95,,0.95,,,0.00018383399583399296,0.9075,,,,0.34749632398597896,0.95,,,,,,,,,,,,,,,,,,,,,,,,,,,,,binary,cic-malmem,classical,0.0011526449540315614,21.368329072358772,balanced,svm,-1,4,,,,,,,,,,,,
FINISHED,2026-07-11 10:08:58.048000+00:00,2026-07-11 10:08:58.151000+00:00,,,,0.9511897312113419,0.975,0.0009875860123429447,,0.9761904761904762,,0.975,,,0.00017500700778327882,1.0,,,,0.33874247898347676,0.9749843652282677,,,,,,,,,,,,,,,,,,,,,,,,,,,,,binary,cic-malmem,classical,0.08296281154834202,15.296984225826352,None,svm,-1,4,,,,,,,,,,,,
FINISHED,2026-07-11 10:08:58.510000+00:00,2026-07-11 10:08:58.611000+00:00,,,,1.0,1.0,0.0013264190056361258,,1.0,,1.0,,,0.00016694399528205395,1.0,,,,0.3388117209833581,1.0,,,,,,,,,,,,,,,,,,,,,,,,,,,,,binary,cic-malmem,classical,0.0011526449540315614,21.368329072358772,balanced,svm,-1,4,,,,,,,,,,,,
FINISHED,2026-07-11 10:08:58.962000+00:00,2026-07-11 10:08:59.060000+00:00,,,,1.0,1.0,0.0014185220061335713,,1.0,,1.0,,,0.00016700397827662528,1.0,,,,0.3327715380000882,1.0,,,,,,,,,,,,,,,,,,,,,,,,,,,,,binary,cic-malmem,classical,0.0011526449540315614,21.368329072358772,balanced,svm,-1,4,,,,,,,,,,,,
FINISHED,2026-07-12 06:13:42.790000+00:00,2026-07-12 06:13:42.920000+00:00,,,,1.0,1.0,6.3341268229996786,,1.0,,1.0,,,3.455169060995104,1.0,,,,16.435444336006185,1.0,,,,,,,,,,,,,,,,,,,,,,,,6.331059023010312,19120.0,3.45482731400989,0.11121180174887346,,binary,cic-malmem,quantum,,0.1,None,qsvm,,6,0.408248290463863,,angle,,,,,,,,,
FINISHED,2026-07-12 06:14:12.041000+00:00,2026-07-12 06:14:12.135000+00:00,,,,0.8510644963469901,0.925,6.5435090550163295,,0.9260651629072681,,0.925,,,3.434237192996079,0.9475,,,,19.12450266396627,0.9249530956848031,,,,,,,,,,,,,,,,,,,,,,,,6.540124585997546,19120.0,3.4339076000032946,0.13136751373666528,,binary,cic-malmem,quantum,,0.1,None,qsvm,,6,0.408248290463863,,angle,,,,,,,,,
FINISHED,2026-07-12 06:14:40.605000+00:00,2026-07-12 06:14:40.708000+00:00,,,,1.0,1.0,6.648607116017956,,1.0,,1.0,,,3.379592034005327,1.0,,,,18.423854522960028,1.0,,,,,,,,,,,,,,,,,,,,,,,,6.645123313006479,19120.0,3.3791971580067184,0.12910448733658342,,binary,cic-malmem,quantum,,0.1,None,qsvm,,6,0.408248290463863,,angle,,,,,,,,,
FINISHED,2026-07-12 06:15:09.838000+00:00,2026-07-12 06:15:10.072000+00:00,,,,1.0,1.0,6.694477825018112,,1.0,,1.0,,,3.2616728369903285,1.0,,,,19.156395458994666,1.0,,,,,,,,,,,,,,,,,,,,,,,,6.691351150016999,19120.0,3.2612824699899647,0.11621462445898029,,binary,cic-malmem,quantum,,1.0,None,qsvm,,6,0.408248290463863,,angle,,,,,,,,,
FINISHED,2026-07-12 06:15:47.240000+00:00,2026-07-12 06:15:47.335000+00:00,,,,1.0,1.0,12.377675722993445,,1.0,,1.0,,,6.327329676016234,1.0,,,,18.441412796993973,1.0,,,,,,,,,,,,,,,,,,,,,,,,12.374509516987018,19120.0,6.32694720098516,0.14289485970304752,,binary,cic-malmem,quantum,,0.1,None,qsvm,,6,0.408248290463863,,iqp,,,,,,,,,
FINISHED,2026-07-12 06:17:11.948000+00:00,2026-07-12 06:17:12.055000+00:00,,,,1.0,1.0,0.3293981610040646,,1.0,,1.0,,,0.036660648009274155,1.0,,,,13.790011324977968,1.0,,,,,,,,,,,,,,,,,,,,,,,,,,,,,binary,cic-malmem,classical,,,,random_forest,-1,6,,,,,,300,,,31,8,sqrt,
FINISHED,2026-07-12 06:17:24.494000+00:00,2026-07-12 06:17:24.600000+00:00,,,,0.9,0.95,0.4639511230052449,,0.95,,0.95,,,0.047316694020992145,0.9875,,,,11.8602249219839,0.95,,,,,,,,,,,,,,,,,,,,,,,,,,,,,binary,cic-malmem,classical,,,,random_forest,-1,6,,,,,,300,,,31,8,sqrt,
FINISHED,2026-07-12 06:17:35.611000+00:00,2026-07-12 06:17:35.737000+00:00,,,,1.0,1.0,0.4674948769970797,,1.0,,1.0,,,0.04074895801022649,1.0,,,,10.442293553001946,1.0,,,,,,,,,,,,,,,,,,,,,,,,,,,,,binary,cic-malmem,classical,,,,random_forest,-1,6,,,,,,300,,,31,8,sqrt,
FINISHED,2026-07-12 06:17:46.323000+00:00,2026-07-12 06:17:46.422000+00:00,,,,1.0,1.0,0.4608531809935812,,1.0,,1.0,,,0.0377810460049659,1.0,,,,10.018076732987538,1.0,,,,,,,,,,,,,,,,,,,,,,,,,,,,,binary,cic-malmem,classical,,,,random_forest,-1,6,,,,,,300,,,31,8,sqrt,
FINISHED,2026-07-12 06:17:56.933000+00:00,2026-07-12 06:17:57.046000+00:00,,,,1.0,1.0,0.44936327601317316,,1.0,,1.0,,,0.05024664499796927,1.0,,,,9.947037084988551,1.0,,,,,,,,,,,,,,,,,,,,,,,,,,,,,binary,cic-malmem,classical,,,,random_forest,-1,6,,,,,,300,,,31,8,sqrt,
FINISHED,2026-07-12 06:18:04.114000+00:00,2026-07-12 06:18:04.266000+00:00,,,,1.0,1.0,0.28788899301434867,,1.0,,1.0,,,0.0239587560063228,1.0,,,,6.705895919993054,1.0,,,,,,,,,,,,,,,,,,,,,,,,,,,,,binary,cic-malmem,classical,,,,xgboost,-1,6,,,,0.6624074561769746,0.06504856968981275,300,0.8394633936788146,,12,,,
FINISHED,2026-07-12 06:18:05.330000+00:00,2026-07-12 06:18:05.460000+00:00,,,,0.9,0.95,0.036558973020873964,,0.95,,0.95,,,0.0008974950178526342,0.99,,,,1.0015567449736409,0.95,,,,,,,,,,,,,,,,,,,,,,,,,,,,,binary,cic-malmem,classical,,,,xgboost,-1,6,,,,0.6624074561769746,0.06504856968981275,300,0.8394633936788146,,12,,,
FINISHED,2026-07-12 06:18:06.580000+00:00,2026-07-12 06:18:06.709000+00:00,,,,1.0,1.0,0.04631482099648565,,1.0,,1.0,,,0.0010011609992943704,1.0,,,,1.0475782570138108,1.0,,,,,,,,,,,,,,,,,,,,,,,,,,,,,binary,cic-malmem,classical,,,,xgboost,-1,6,,,,0.6624074561769746,0.06504856968981275,300,0.8394633936788146,,12,,,
FINISHED,2026-07-12 06:18:08.058000+00:00,2026-07-12 06:18:08.199000+00:00,,,,1.0,1.0,0.2317508039996028,,1.0,,1.0,,,0.0011994359956588596,1.0,,,,1.091261064982973,1.0,,,,,,,,,,,,,,,,,,,,,,,,,,,,,binary,cic-malmem,classical,,,,xgboost,-1,6,,,,0.8832290311184181,0.13983740016490973,150,0.8404460046972835,,3,,,
FINISHED,2026-07-12 06:18:09.282000+00:00,2026-07-12 06:18:09.407000+00:00,,,,1.0,1.0,0.028101625997805968,,1.0,,1.0,,,0.0013304289896041155,1.0,,,,1.0282805440074299,1.0,,,,,,,,,,,,,,,,,,,,,,,,,,,,,binary,cic-malmem,classical,,,,xgboost,-1,6,,,,0.6727299868828402,0.11536162338241392,100,0.6849356442713105,,12,,,
FINISHED,2026-07-12 06:18:11.734000+00:00,2026-07-12 06:18:11.866000+00:00,,,,0.9511897312113419,0.975,0.1798917859850917,,0.9761904761904762,,0.975,,,0.0015266230038832873,1.0,,,,2.121691163018113,0.9749843652282677,,,,,,,,,,,,,,,,,,,,,,,,,,,,,binary,cic-malmem,classical,,,,lightgbm,-1,6,,,,0.6624074561769746,0.06504856968981275,300,0.8394633936788146,244,,,,
FINISHED,2026-07-12 06:18:12.759000+00:00,2026-07-12 06:18:12.890000+00:00,,,,0.9,0.95,0.12273301297682337,,0.95,,0.95,,,0.0013638499949593097,0.9874999999999999,,,,0.7416574640083127,0.95,,,,,,,,,,,,,,,,,,,,,,,,,,,,,binary,cic-malmem,classical,,,,lightgbm,-1,6,,,,0.6624074561769746,0.06504856968981275,300,0.8394633936788146,244,,,,
FINISHED,2026-07-12 06:18:13.975000+00:00,2026-07-12 06:18:14.257000+00:00,,,,1.0,1.0,0.14098592699156143,,1.0,,1.0,,,0.001536808005766943,1.0,,,,0.9182754960202146,1.0,,,,,,,,,,,,,,,,,,,,,,,,,,,,,binary,cic-malmem,classical,,,,lightgbm,-1,6,,,,0.7164916560792167,0.0199473547030745,200,0.7727780074568463,88,,,,
FINISHED,2026-07-12 06:18:15.447000+00:00,2026-07-12 06:18:15.606000+00:00,,,,1.0,1.0,0.2734440390195232,,1.0,,1.0,,,0.0016279389965347946,1.0,,,,0.8896409949811641,1.0,,,,,,,,,,,,,,,,,,,,,,,,,,,,,binary,cic-malmem,classical,,,,lightgbm,-1,6,,,,0.9862528132298237,0.0014492412389916862,400,0.9795542149013333,56,,,,
FINISHED,2026-07-12 06:18:16.701000+00:00,2026-07-12 06:18:16.832000+00:00,,,,1.0,1.0,0.14791698701446876,,1.0,,1.0,,,0.001562026998726651,1.0,,,,0.9204119779751636,1.0,,,,,,,,,,,,,,,,,,,,,,,,,,,,,binary,cic-malmem,classical,,,,lightgbm,-1,6,,,,0.7164916560792167,0.0199473547030745,200,0.7727780074568463,88,,,,
FINISHED,2026-07-12 06:18:17.210000+00:00,2026-07-12 06:18:17.328000+00:00,,,,0.9511897312113419,0.975,0.0015082969912327826,,0.9761904761904762,,0.975,,,0.0002083189901895821,1.0,,,,0.35487849300261587,0.9749843652282677,,,,,,,,,,,,,,,,,,,,,,,,,,,,,binary,cic-malmem,classical,0.014851877511086235,9.68701437493661,balanced,svm,-1,6,,,,,,,,,,,,
FINISHED,2026-07-12 06:18:17.689000+00:00,2026-07-12 06:18:17.798000+00:00,,,,0.9,0.95,0.0013361390156205744,,0.95,,0.95,,,0.00018830999033525586,0.9075,,,,0.34083948595798574,0.95,,,,,,,,,,,,,,,,,,,,,,,,,,,,,binary,cic-malmem,classical,0.0011526449540315614,21.368329072358772,balanced,svm,-1,6,,,,,,,,,,,,
FINISHED,2026-07-12 06:18:18.159000+00:00,2026-07-12 06:18:18.267000+00:00,,,,1.0,1.0,0.0012346400180831552,,1.0,,1.0,,,0.0002364009851589799,1.0,,,,0.3413060309831053,1.0,,,,,,,,,,,,,,,,,,,,,,,,,,,,,binary,cic-malmem,classical,0.042051564509138675,0.1648044642797898,None,svm,-1,6,,,,,,,,,,,,
FINISHED,2026-07-12 06:18:18.625000+00:00,2026-07-12 06:18:18.727000+00:00,,,,1.0,1.0,0.0010213670029770583,,1.0,,1.0,,,0.0002129519998561591,1.0,,,,0.3390961480035912,1.0,,,,,,,,,,,,,,,,,,,,,,,,,,,,,binary,cic-malmem,classical,0.042051564509138675,0.1648044642797898,None,svm,-1,6,,,,,,,,,,,,
FINISHED,2026-07-12 06:18:19.086000+00:00,2026-07-12 06:18:19.185000+00:00,,,,1.0,1.0,0.0013340940058697015,,1.0,,1.0,,,0.00018831700435839593,1.0,,,,0.339673218986718,1.0,,,,,,,,,,,,,,,,,,,,,,,,,,,,,binary,cic-malmem,classical,0.0011526449540315614,21.368329072358772,balanced,svm,-1,6,,,,,,,,,,,,
FINISHED,2026-07-12 06:31:40.418000+00:00,2026-07-12 06:31:40.540000+00:00,,,,0.9704367948586523,0.985,166.345877699001,,0.9854368932038835,,0.985,,,84.8426277830149,0.9834999999999999,,,,453.63884400299867,0.9849966242404541,,,,,,,,,,,,,,,,,,,,,,,,166.33949147100793,479600.0,84.84204302800936,0.081552839046487,,binary,cic-malmem,quantum,,10.0,None,qsvm,,6,0.408248290463863,,angle,,,,,,,,,
FINISHED,2026-07-12 06:43:31.172000+00:00,2026-07-12 06:43:31.285000+00:00,,,,0.9700485036378032,0.985,168.947833704995,,0.9850485048504851,,0.985,,,84.43914348899852,0.9995999999999999,,,,457.2244281920139,0.9849996249906248,,,,,,,,,,,,,,,,,,,,,,,,168.9411030850024,479600.0,84.43875720899086,0.07733504921942212,,binary,cic-malmem,quantum,,10.0,None,qsvm,,6,0.408248290463863,,angle,,,,,,,,,
FINISHED,2026-07-12 06:55:20.054000+00:00,2026-07-12 06:55:20.144000+00:00,,,,1.0,1.0,168.13904032099526,,1.0,,1.0,,,84.88325903998339,1.0,,,,455.72771030300646,1.0,,,,,,,,,,,,,,,,,,,,,,,,168.13017269398551,479600.0,84.88258465498802,0.07919026300331387,,binary,cic-malmem,quantum,,0.1,None,qsvm,,6,0.408248290463863,,angle,,,,,,,,,
FINISHED,2026-07-12 07:07:43.326000+00:00,2026-07-12 07:07:43.440000+00:00,,,,1.0,1.0,172.09102972998517,,1.0,,1.0,,,88.42162347401609,1.0,,,,482.64062573900446,1.0,,,,,,,,,,,,,,,,,,,,,,,,172.08257014400442,479600.0,88.4210335680109,0.08038892868034846,,binary,cic-malmem,quantum,,1.0,None,qsvm,,6,0.408248290463863,,angle,,,,,,,,,
FINISHED,2026-07-12 07:19:53.349000+00:00,2026-07-12 07:19:53.465000+00:00,,,,0.98,0.99,169.2852987049846,,0.99,,0.99,,,84.30370578999282,0.9882,,,,476.3007051690365,0.99,,,,,,,,,,,,,,,,,,,,,,,,169.27885624600458,479600.0,84.30332435501623,0.07784823144823794,,binary,cic-malmem,quantum,,10.0,None,qsvm,,6,0.408248290463863,,angle,,,,,,,,,
FINISHED,2026-07-12 07:21:17.712000+00:00,2026-07-12 07:21:17.825000+00:00,,,,0.9700485036378032,0.985,0.8059197470138315,,0.9850485048504851,,0.985,,,0.07738427200820297,0.9986499999999999,,,,20.35817357900669,0.9849996249906248,,,,,,,,,,,,,,,,,,,,,,,,,,,,,binary,cic-malmem,classical,,,,random_forest,-1,6,,,,,,400,,,8,1,log2,
FINISHED,2026-07-12 07:21:34.094000+00:00,2026-07-12 07:21:34.208000+00:00,,,,0.9900495037128093,0.995,0.7031892639934085,,0.995049504950495,,0.995,,,0.0639925459981896,0.9988,,,,15.397855157003505,0.9949998749968749,,,,,,,,,,,,,,,,,,,,,,,,,,,,,binary,cic-malmem,classical,,,,random_forest,-1,6,,,,,,350,,,26,2,log2,
FINISHED,2026-07-12 07:21:50.325000+00:00,2026-07-12 07:21:50.420000+00:00,,,,1.0,1.0,0.7791036529815756,,1.0,,1.0,,,0.07278528698952869,1.0,,,,15.180512298014946,1.0,,,,,,,,,,,,,,,,,,,,,,,,,,,,,binary,cic-malmem,classical,,,,random_forest,-1,6,,,,,,400,,,30,1,None,
FINISHED,2026-07-12 07:22:05.744000+00:00,2026-07-12 07:22:05.865000+00:00,,,,0.9900495037128093,0.995,0.7725158399844076,,0.995049504950495,,0.995,,,0.07512675601174124,1.0,,,,14.363674837019062,0.9949998749968749,,,,,,,,,,,,,,,,,,,,,,,,,,,,,binary,cic-malmem,classical,,,,random_forest,-1,6,,,,,,400,,,8,1,log2,
FINISHED,2026-07-12 07:22:18.926000+00:00,2026-07-12 07:22:19.044000+00:00,,,,0.98,0.99,0.6073564599792007,,0.99,,0.99,,,0.06391190801514313,0.9995,,,,12.30243915700703,0.99,,,,,,,,,,,,,,,,,,,,,,,,,,,,,binary,cic-malmem,classical,,,,random_forest,-1,6,,,,,,300,,,31,8,sqrt,
FINISHED,2026-07-12 07:22:23.893000+00:00,2026-07-12 07:22:24.031000+00:00,,,,0.9601920576192068,0.98,0.2998643909813836,,0.9801920768307323,,0.98,,,0.023359667015029117,0.9995,,,,4.474369948002277,0.9799979997999799,,,,,,,,,,,,,,,,,,,,,,,,,,,,,binary,cic-malmem,classical,,,,xgboost,-1,6,,,,0.8832290311184181,0.13983740016490973,150,0.8404460046972835,,3,,,
FINISHED,2026-07-12 07:22:26.230000+00:00,2026-07-12 07:22:26.369000+00:00,,,,0.9900495037128093,0.995,0.15274177899118513,,0.995049504950495,,0.995,,,0.001496106997365132,0.9994999999999999,,,,2.0079657360038254,0.9949998749968749,,,,,,,,,,,,,,,,,,,,,,,,,,,,,binary,cic-malmem,classical,,,,xgboost,-1,6,,,,0.9896193616970135,0.25215116809209465,600,0.6071847502459279,,9,,,
FINISHED,2026-07-12 07:22:28.473000+00:00,2026-07-12 07:22:28.602000+00:00,,,,1.0,1.0,0.0704858550161589,,1.0,,1.0,,,0.0011986090103164315,1.0,,,,1.9939750010089483,1.0,,,,,,,,,,,,,,,,,,,,,,,,,,,,,binary,cic-malmem,classical,,,,xgboost,-1,6,,,,0.6624074561769746,0.06504856968981275,300,0.8394633936788146,,12,,,
FINISHED,2026-07-12 07:22:30.463000+00:00,2026-07-12 07:22:30.607000+00:00,,,,0.9900495037128093,0.995,0.0607041220064275,,0.995049504950495,,0.995,,,0.001123727997764945,1.0,,,,1.7624529619934037,0.9949998749968749,,,,,,,,,,,,,,,,,,,,,,,,,,,,,binary,cic-malmem,classical,,,,xgboost,-1,6,,,,0.7789832083787143,0.09756381202880525,250,0.9909065862380313,,8,,,
FINISHED,2026-07-12 07:22:32.661000+00:00,2026-07-12 07:22:32.787000+00:00,,,,0.9700485036378032,0.985,0.06259151600534096,,0.9850485048504851,,0.985,,,0.001098320004530251,0.9994,,,,1.9513557819882408,0.9849996249906248,,,,,,,,,,,,,,,,,,,,,,,,,,,,,binary,cic-malmem,classical,,,,xgboost,-1,6,,,,0.6624074561769746,0.06504856968981275,300,0.8394633936788146,,12,,,
FINISHED,2026-07-12 07:22:37.699000+00:00,2026-07-12 07:22:37.842000+00:00,,,,0.9601920576192068,0.98,0.7064563019957859,,0.9801920768307323,,0.98,,,0.0023326309747062624,0.9993000000000001,,,,4.164322668017121,0.9799979997999799,,,,,,,,,,,,,,,,,,,,,,,,,,,,,binary,cic-malmem,classical,,,,lightgbm,-1,6,,,,0.7164916560792167,0.0199473547030745,200,0.7727780074568463,88,,,,
FINISHED,2026-07-12 07:22:40.612000+00:00,2026-07-12 07:22:40.767000+00:00,,,,0.9900495037128093,0.995,0.2862458269810304,,0.995049504950495,,0.995,,,0.001845928985858336,0.9998,,,,2.4436427089967765,0.9949998749968749,,,,,,,,,,,,,,,,,,,,,,,,,,,,,binary,cic-malmem,classical,,,,lightgbm,-1,6,,,,0.8832290311184181,0.13983740016490973,150,0.8404460046972835,28,,,,
FINISHED,2026-07-12 07:22:43.694000+00:00,2026-07-12 07:22:43.849000+00:00,,,,1.0,1.0,0.3307304180052597,,1.0,,1.0,,,0.0023961930128280073,1.0,,,,2.5597431999922264,1.0,,,,,,,,,,,,,,,,,,,,,,,,,,,,,binary,cic-malmem,classical,,,,lightgbm,-1,6,,,,0.6576365070886374,0.04633917076834957,100,0.923337840894418,181,,,,
FINISHED,2026-07-12 07:22:46.612000+00:00,2026-07-12 07:22:46.742000+00:00,,,,0.9900495037128093,0.995,0.24498174400650896,,0.995049504950495,,0.995,,,0.001864305988419801,1.0,,,,2.482763533014804,0.9949998749968749,,,,,,,,,,,,,,,,,,,,,,,,,,,,,binary,cic-malmem,classical,,,,lightgbm,-1,6,,,,0.8832290311184181,0.13983740016490973,150,0.8404460046972835,28,,,,
FINISHED,2026-07-12 07:22:50.457000+00:00,2026-07-12 07:22:50.605000+00:00,,,,0.9900495037128093,0.995,0.744553235010244,,0.995049504950495,,0.995,,,0.002521587011869997,0.9996999999999999,,,,2.9295090039959177,0.9949998749968749,,,,,,,,,,,,,,,,,,,,,,,,,,,,,binary,cic-malmem,classical,,,,lightgbm,-1,6,,,,0.7164916560792167,0.0199473547030745,200,0.7727780074568463,88,,,,
FINISHED,2026-07-12 07:22:51.207000+00:00,2026-07-12 07:22:51.332000+00:00,,,,0.9704367948586523,0.985,0.0029368149989750236,,0.9854368932038835,,0.985,,,0.0004858120228163898,0.9832,,,,0.5599274480191525,0.9849966242404541,,,,,,,,,,,,,,,,,,,,,,,,,,,,,binary,cic-malmem,classical,0.0011526449540315614,21.368329072358772,balanced,svm,-1,6,,,,,,,,,,,,
FINISHED,2026-07-12 07:22:51.882000+00:00,2026-07-12 07:22:51.993000+00:00,,,,0.98,0.99,0.0026147250027861446,,0.99,,0.99,,,0.0005092840001452714,0.9904,,,,0.5184204670076724,0.99,,,,,,,,,,,,,,,,,,,,,,,,,,,,,binary,cic-malmem,classical,0.07770990896828968,25.716342982134687,None,svm,-1,6,,,,,,,,,,,,
FINISHED,2026-07-12 07:22:52.577000+00:00,2026-07-12 07:22:52.812000+00:00,,,,0.9801960588196069,0.99,0.004901903012068942,,0.9901960784313726,,0.99,,,0.0009536959987599403,1.0,,,,0.5486585769685917,0.9899989998999901,,,,,,,,,,,,,,,,,,,,,,,,,,,,,binary,cic-malmem,classical,0.3470266988650412,2.5378155082656657,balanced,svm,-1,6,,,,,,,,,,,,
FINISHED,2026-07-12 07:22:53.325000+00:00,2026-07-12 07:22:53.436000+00:00,,,,0.9900495037128093,0.995,0.003118769993307069,,0.995049504950495,,0.995,,,0.00034254201455041766,1.0,,,,0.4800683810026385,0.9949998749968749,,,,,,,,,,,,,,,,,,,,,,,,,,,,,binary,cic-malmem,classical,0.009167785859319854,88.39257949836703,balanced,svm,-1,6,,,,,,,,,,,,
FINISHED,2026-07-12 07:22:53.968000+00:00,2026-07-12 07:22:54.083000+00:00,,,,0.9700485036378032,0.985,0.004272814985597506,,0.9850485048504851,,0.985,,,0.0010197430092375726,0.9807999999999999,,,,0.4966657620097976,0.9849996249906248,,,,,,,,,,,,,,,,,,,,,,,,,,,,,binary,cic-malmem,classical,0.0004982752357076451,2.801635158716261,balanced,svm,-1,6,,,,,,,,,,,,
FINISHED,2026-07-14 11:51:23.466000+00:00,2026-07-14 11:51:23.760000+00:00,,,,0.3387880280281797,0.475,6.411151293956209,,0.06696428571428571,,0.11875,,,3.315756341035012,0.5691422064777327,,,,17.299485795083456,0.06754385964912281,,,,,,,,,,,,,,,,,,,,,,,,6.407422435993794,19120.0,3.3154225350008346,0.14138606189420927,,multiclass,cic-malmem,quantum,,10.0,None,qsvm,,6,0.408248290463863,,angle,,,,,,,,,
FINISHED,2026-07-14 11:52:05.315000+00:00,2026-07-14 11:52:05.679000+00:00,,,,0.3338055797553422,0.5,13.63010155200027,,0.0625,,0.0625,,,7.115265437983908,0.6894821187584346,,,,20.78037423203932,0.0625,,,,,,,,,,,,,,,,,,,,,,,,13.625663175014779,19120.0,7.114772411005106,0.1826045217418955,,multiclass,cic-malmem,quantum,,10.0,None,qsvm,,6,0.408248290463863,,iqp,,,,,,,,,
FINISHED,2026-07-14 11:52:45.472000+00:00,2026-07-14 11:52:45.927000+00:00,,,,0.38395305901168325,0.55,9.206034165981691,,0.10119047619047619,,0.125,,,4.509668104001321,0.6707283232118758,,,,26.044609433040023,0.11097560975609756,,,,,,,,,,,,,,,,,,,,,,,,9.1997294939938,19120.0,4.509180596040096,0.14346124213765565,,multiclass,cic-malmem,quantum,,10.0,balanced,qsvm,,6,0.408248290463863,,angle,,,,,,,,,
FINISHED,2026-07-14 11:53:28.388000+00:00,2026-07-14 11:53:28.809000+00:00,,,,0.38544321505484896,0.525,13.268697654944845,,0.0673076923076923,,0.125,,,6.354267185961362,0.599380060728745,,,,22.8080186281004,0.07142857142857142,,,,,,,,,,,,,,,,,,,,,,,,13.264733421965502,19120.0,6.353846365003847,0.19042366985016634,,multiclass,cic-malmem,quantum,,10.0,None,qsvm,,6,0.408248290463863,,iqp,,,,,,,,,
FINISHED,2026-07-14 11:54:07.033000+00:00,2026-07-14 11:54:07.315000+00:00,,,,0.39845366068347937,0.525,12.6907050209702,,0.07946428571428571,,0.153125,,,6.519768099999055,0.6566717273954116,,,,18.98417061107466,0.08708791208791208,,,,,,,,,,,,,,,,,,,,,,,,12.686230673047248,19120.0,6.519293855992146,0.18094592440616972,,multiclass,cic-malmem,quantum,,1.0,balanced,qsvm,,6,0.408248290463863,,iqp,,,,,,,,,
RUNNING,2026-07-14 12:12:38.257000+00:00,,,,,,,,,,,,,,,,,,,,,,,,,,,,,,,,,,,,,,,,,,,,,,,,,multiclass,cic-malmem,classical,,,,random_forest,-1,2,,,,,,,,,,,,random_forest-multiclass-nc2
FINISHED,2026-07-14 12:14:57.602000+00:00,2026-07-14 12:17:00.371000+00:00,,,,,,,,,,,,,,,,,,,,,,,,,0.2768866400768333,4.21556678242048,0.6101269711243088,0.273686549242431,0.8648280130897165,0.006176677143420381,0.28356808727284305,0.0019370764024289212,36.95612894635027,0.0034456882654169702,0.2791669206732574,0.0023229285076103645,0.4701944965415152,0.002384238444775398,0.0029669139310500854,0.0029097938434951144,0.1896721380628196,2.6500969196592146,,,,,,multiclass,cic-malmem,classical,,,,random_forest,-1,2,,,,,,,,,,,,random_forest-multiclass-nc2
FINISHED,2026-07-14 12:15:32.943000+00:00,2026-07-14 12:15:33.433000+00:00,0.1365600691443388,0.2225609756097561,0.41754051477597715,0.47420351422240015,0.613250051198034,2.6502878780011088,0.9920304385829606,0.2764056998740292,0.18167938931297709,0.28838935658584347,0.24790187217559717,0.18463925523661753,0.27099317498505116,0.8665578411790877,0.2509448223733938,0.14383561643835616,0.1871069182389937,31.905129952996504,0.280157825710685,0.15248796147672553,0.17726051924798567,0.43564356435643564,0.34822601839684625,0.1371610845295056,,,,,,,,,,,,,,,,,,,,,,,0.2669461914744934,multiclass,cic-malmem,classical,,,,random_forest,-1,2,,,,,,300,,,31,8,sqrt,random_forest-multiclass-nc2
FINISHED,2026-07-14 12:16:19.344000+00:00,2026-07-14 12:16:19.814000+00:00,0.14906832298136646,0.20189818809318377,0.4061597690086622,0.4671177468992225,0.6074646733565431,2.882301359961275,0.9908748775583853,0.27203876850461506,0.18940609951845908,0.2805445308494845,0.22695035460992907,0.1995249406175772,0.28592201799619943,0.8607295063985492,0.26403641881638845,0.17529215358931552,0.19515774027879676,42.224266192060895,0.2749893151662218,0.16265060240963855,0.17504332755632582,0.3964079538165491,0.29731499672560574,0.132013201320132,,,,,,,,,,,,,,,,,,,,,,,0.23803009575923392,multiclass,cic-malmem,classical,,,,random_forest,-1,2,,,,,,300,,,31,8,sqrt,random_forest-multiclass-nc2
FINISHED,2026-07-14 12:16:59.743000+00:00,2026-07-14 12:17:00.353000+00:00,0.14102564102564102,0.23270440251572327,0.43387250237868696,0.46926222850292293,0.6096661888183493,2.4177015210152604,0.9924935732647815,0.2726151793486488,0.16653193209377526,0.28177037438320124,0.2579787234042553,0.18138424821002386,0.2805855690385215,0.8671966916915123,0.2753737214791503,0.14471544715447154,0.20089955022488756,36.7389906939934,0.27551277935359303,0.1483820047355959,0.15491731940818101,0.4110468850353243,0.28814669286182054,0.14972419227738376,,,,,,,,,,,,,,,,,,,,,,,0.22900763358778625,multiclass,cic-malmem,classical,,,,random_forest,-1,2,,,,,,300,,,31,8,sqrt,random_forest-multiclass-nc2
FINISHED,2026-07-14 12:18:47.635000+00:00,2026-07-14 12:19:17.890000+00:00,,,,,,,,,,,,,,,,,,,,,,,,,0.08041494671709691,0.041104420743241055,0.515,0.07344742063492063,0.68472334682861,0.1550010049732403,0.129375,0.008395688619527853,2.8689220386208034,0.04181432170919433,1.033758968382608,0.01443463775484247,0.3633785516713946,0.030000000000000023,0.033774653424407025,0.050225812274692236,0.04356590407105419,1.832238275394775,,,,,,multiclass,cic-malmem,quantum,,,,qsvm,,1,,,,,,,,,,,,qsvm-multiclass-nc1
FINISHED,2026-07-14 12:18:53.356000+00:00,2026-07-14 12:18:53.625000+00:00,0.0,0.0,0.0,0.3338055797553422,0.475,1.8351392070180736,0.9473684210526315,0.06875,0.0,0.11875,0.0,0.0,0.9699102099984884,0.7211150472334683,0.18181818181818182,0.0,0.0,2.8717283220030367,0.07057416267942583,0.0,0.0,0.0,0.0,0.0,,,,,,,,,,,,,,,,,,,1.83201229700353,19120.0,0.9695814599981532,0.30523361835565743,0.0,multiclass,cic-malmem,quantum,,1.0,balanced,qsvm,,1,1.0,1,angle,,,,,,,,,qsvm-multiclass-nc1
FINISHED,2026-07-14 12:18:59.358000+00:00,2026-07-14 12:18:59.616000+00:00,0.0,0.0,0.0,0.41462647633851646,0.55,1.8635672529926524,1.0,0.07725694444444445,0.2,0.1875,0.0,0.0,0.9850513349520043,0.7060770917678812,0.2222222222222222,0.0,0.0,2.860641095030587,0.08888888888888889,0.0,0.0,0.0,0.0,0.0,,,,,,,,,,,,,,,,,,,1.8601851669955067,19120.0,0.9847179260104895,0.32270801680773287,0.0,multiclass,cic-malmem,quantum,,1.0,balanced,qsvm,,1,1.0,1,angle,,,,,,,,,qsvm-multiclass-nc1
FINISHED,2026-07-14 12:19:05.255000+00:00,2026-07-14 12:19:05.496000+00:00,0.0,0.0,0.0,0.39162837111870324,0.55,1.8750553589779884,0.975609756097561,0.0873015873015873,0.0,0.15625,0.18181818181818182,0.0,0.8996107979910448,0.7459606950067477,0.0,0.5,0.0,2.841885052039288,0.10358924611973393,0.0,0.0,0.0,0.0,0.0,,,,,,,,,,,,,,,,,,,1.872021657996811,19120.0,0.8992809419869445,0.296529434689536,0.0,multiclass,cic-malmem,quantum,,1.0,balanced,qsvm,,1,1.0,1,angle,,,,,,,,,qsvm-multiclass-nc1
FINISHED,2026-07-14 12:19:11.193000+00:00,2026-07-14 12:19:11.443000+00:00,0.0,0.0,0.0,0.32951583185026256,0.5,1.7507113050087355,1.0,0.0625,0.0,0.0625,0.0,0.0,0.976487111998722,0.6237559041835357,0.0,0.0,0.0,2.944809713982977,0.0625,0.0,0.0,0.0,0.0,0.0,,,,,,,,,,,,,,,,,,,1.7481803599512205,19120.0,0.9761565810185857,0.3119198906295622,0.0,multiclass,cic-malmem,quantum,,10.0,None,qsvm,,1,1.0,1,angle,,,,,,,,,qsvm-multiclass-nc1
FINISHED,2026-07-14 12:19:17.476000+00:00,2026-07-14 12:19:17.872000+00:00,0.0,0.0,0.0,0.34731649929414843,0.5,1.836718252976425,0.9743589743589743,0.07142857142857142,0.0,0.121875,0.0,0.0,1.3377353869727813,0.626707995951417,0.25,0.0,0.0,2.8255460100481287,0.0765224358974359,0.0,0.0,0.0,0.0,0.0,,,,,,,,,,,,,,,,,,,1.8334524229867384,19120.0,1.337288509006612,0.3154274633870725,0.0,multiclass,cic-malmem,quantum,,1.0,balanced,qsvm,,1,1.0,1,angle,,,,,,,,,qsvm-multiclass-nc1
FINISHED,2026-07-14 12:19:21.939000+00:00,2026-07-14 12:20:31.347000+00:00,,,,,,,,,,,,,,,,,,,,,,,,,0.08326020018735038,3.046834854362082,0.4800000000000001,0.08419642857142857,0.7407885247975708,0.019132099998209386,0.10124999999999999,0.021889956823862557,12.695904236997013,0.023930237148845807,0.10220548460492865,0.01247223123705075,0.3106890036775703,0.029154759474226508,0.025307332656018644,0.051917140544988694,0.11968213173444908,0.644095208006911,,,,,,multiclass,cic-malmem,classical,,,,random_forest,-1,1,,,,,,,,,,,,random_forest-multiclass-nc1
FINISHED,2026-07-14 12:19:41.181000+00:00,2026-07-14 12:19:41.485000+00:00,0.0,0.4,0.0,0.311742166827857,0.475,0.5530409990460612,0.9473684210526315,0.078125,0.0,0.11875,0.0,0.0,0.0887264379998669,0.7508302758097166,0.0,0.0,0.0,18.45220335992053,0.08421052631578947,0.0,0.0,0.0,0.0,0.0,,,,,,,,,,,,,,,,,,,,,,,0.0,multiclass,cic-malmem,classical,,,,random_forest,-1,1,,,,,,350,,,6,9,sqrt,random_forest-multiclass-nc1
FINISHED,2026-07-14 12:19:52.652000+00:00,2026-07-14 12:19:52.929000+00:00,0.0,0.0,0.0,0.2874400127941381,0.45,0.6143723250133917,0.918918918918919,0.08333333333333333,0.0,0.115625,0.5,0.0,0.0973637499846518,0.7895474865047234,0.0,0.0,0.0,10.327057767019141,0.08868243243243243,0.0,0.0,0.0,0.0,0.0,,,,,,,,,,,,,,,,,,,,,,,0.0,multiclass,cic-malmem,classical,,,,random_forest,-1,1,,,,,,400,,,8,1,log2,random_forest-multiclass-nc1
FINISHED,2026-07-14 12:20:05.019000+00:00,2026-07-14 12:20:05.405000+00:00,0.0,0.0,0.0,0.31099116822750245,0.5,0.629741248965729,0.975609756097561,0.05952380952380952,0.0,0.0625,0.0,0.0,0.09786704299040139,0.8021339406207827,0.0,0.0,0.0,11.248517713043839,0.06097560975609756,0.0,0.0,0.0,0.0,0.0,,,,,,,,,,,,,,,,,,,,,,,0.0,multiclass,cic-malmem,classical,,,,random_forest,-1,1,,,,,,400,,,8,1,log2,random_forest-multiclass-nc1
FINISHED,2026-07-14 12:20:19.662000+00:00,2026-07-14 12:20:19.935000+00:00,0.3333333333333333,0.0,0.0,0.3564275236004988,0.525,0.8746154939872213,1.0,0.075,0.0,0.125,0.0,0.0,0.13951120903948322,0.6837044534412956,0.0,0.0,0.0,13.08468387403991,0.08333333333333333,0.0,0.0,0.0,0.0,0.0,,,,,,,,,,,,,,,,,,,,,,,0.0,multiclass,cic-malmem,classical,,,,random_forest,-1,1,,,,,,600,,,20,4,sqrt,random_forest-multiclass-nc1
FINISHED,2026-07-14 12:20:31.053000+00:00,2026-07-14 12:20:31.331000+00:00,0.0,0.0,0.0,0.2868441469378551,0.45,0.5487059730221517,0.918918918918919,0.125,0.0,0.084375,0.0,0.0,0.0875589830102399,0.677726467611336,0.0,0.0,0.0,10.367058470961638,0.0990990990990991,0.0,0.6666666666666666,0.0,0.0,0.0,,,,,,,,,,,,,,,,,,,,,,,0.0,multiclass,cic-malmem,classical,,,,random_forest,-1,1,,,,,,350,,,26,2,log2,random_forest-multiclass-nc1
FINISHED,2026-07-14 12:20:31.355000+00:00,2026-07-14 12:21:19.384000+00:00,,,,,,,,,,,,,,,,,,,,,,,,,0.08674556054771074,1.6212628606460868,0.505,0.08107142857142857,0.769191717273954,0.00848068607186503,0.104375,0.030684422774763225,7.584665619616862,0.06261239893184097,0.011428572598379105,0.038865500684382,0.3313017190785651,0.043011626335213125,0.05346929648344778,0.027416032119772275,0.6319765665278557,1.512596139998641,,,,,,multiclass,cic-malmem,classical,,,,xgboost,-1,1,,,,,,,,,,,,xgboost-multiclass-nc1
FINISHED,2026-07-14 12:20:43.404000+00:00,2026-07-14 12:20:43.805000+00:00,0.0,0.0,0.0,0.2766650000762772,0.45,1.9854616580414586,0.9473684210526315,0.0625,0.0,0.05625,0.0,0.0,0.005514028016477823,0.7331869939271255,0.0,0.0,0.0,9.989433860988356,0.05921052631578947,0.0,0.0,0.0,0.0,0.0,,,,,,,,,,,,,,,,,,,,,,,0.0,multiclass,cic-malmem,classical,,,,xgboost,-1,1,,,,0.7407844001971806,0.20675404250278132,250,0.6932665246889298,,11,,,xgboost-multiclass-nc1
FINISHED,2026-07-14 12:20:50.747000+00:00,2026-07-14 12:20:51.150000+00:00,0.0,0.0,0.0,0.42711155806655376,0.575,0.48029986600158736,1.0,0.140625,0.0,0.21875,0.6666666666666666,0.0,0.0027325429837219417,0.8058788798920378,0.0,0.0,0.0,6.396690628025681,0.16041666666666665,0.0,0.0,0.0,0.4,0.5,,,,,,,,,,,,,,,,,,,,,,,0.0,multiclass,cic-malmem,classical,,,,xgboost,-1,1,,,,0.8832290311184181,0.13983740016490973,150,0.8404460046972835,,3,,,xgboost-multiclass-nc1
FINISHED,2026-07-14 12:21:01.561000+00:00,2026-07-14 12:21:02.098000+00:00,0.0,0.5,0.0,0.3433132840264283,0.525,1.3646638139616698,0.975609756097561,0.08035714285714285,0.0,0.125,0.0,0.0,0.005420016997959465,0.7762647604588394,0.0,0.0,0.0,8.991914337035269,0.09222560975609756,0.0,0.0,0.0,0.0,0.0,,,,,,,,,,,,,,,,,,,,,,,0.0,multiclass,cic-malmem,classical,,,,xgboost,-1,1,,,,0.9124276827413863,0.29817910474778536,600,0.6017262123368978,,10,,,xgboost-multiclass-nc1
FINISHED,2026-07-14 12:21:09.343000+00:00,2026-07-14 12:21:09.749000+00:00,0.0,0.0,0.0,0.32161424238612385,0.5,1.3995500999735668,1.0,0.0625,0.0,0.0625,0.0,0.0,0.02133168000727892,0.7425565114709852,0.0,0.0,0.0,5.760236417059787,0.0625,0.0,0.0,0.0,0.0,0.0,,,,,,,,,,,,,,,,,,,,,,,0.0,multiclass,cic-malmem,classical,,,,xgboost,-1,1,,,,0.6727299868828402,0.11536162338241392,100,0.6849356442713105,,12,,,xgboost-multiclass-nc1
FINISHED,2026-07-14 12:21:18.969000+00:00,2026-07-14 12:21:19.366000+00:00,0.0,0.0,0.0,0.28780451083744235,0.475,2.3330052620149218,0.95,0.059375,0.0,0.059375,0.0,0.0,0.022144594986457378,0.7880714406207827,0.0,0.0,0.0,6.78505285497522,0.059375,0.0,0.0,0.0,0.0,0.0,,,,,,,,,,,,,,,,,,,,,,,0.0,multiclass,cic-malmem,classical,,,,xgboost,-1,1,,,,0.937592040684478,0.12555851579270855,300,0.9493246691718297,,8,,,xgboost-multiclass-nc1
FINISHED,2026-07-14 12:21:19.395000+00:00,2026-07-14 12:22:26.458000+00:00,,,,,,,,,,,,,,,,,,,,,,,,,0.11673518515623778,1.4345144044502673,0.51,0.10761363636363637,0.7315247764844803,0.00032137846884671133,0.158125,0.029129108048837418,10.0409131282242,0.03571808015557387,0.0028871376067399978,0.026753821460779117,0.3493258147487669,0.025495097567963948,0.02226271003149754,0.059022654582365344,0.9034021307148109,2.851099273795262,,,,,,multiclass,cic-malmem,classical,,,,lightgbm,-1,1,,,,,,,,,,,,lightgbm-multiclass-nc1
FINISHED,2026-07-14 12:21:34.304000+00:00,2026-07-14 12:21:34.750000+00:00,0.0,0.5,0.0,0.30994536703891734,0.475,2.9265001619933173,0.9473684210526315,0.08333333333333333,0.0,0.11875,0.0,0.0,0.002772459003608674,0.7543080507759784,0.0,0.0,0.0,11.917863374052104,0.09046052631578946,0.0,0.0,0.0,0.0,0.0,,,,,,,,,,,,,,,,,,,,,,,0.0,multiclass,cic-malmem,classical,,,,lightgbm,-1,1,,,,0.7164916560792167,0.0199473547030745,200,0.7727780074568463,88,,,,lightgbm-multiclass-nc1
FINISHED,2026-07-14 12:21:48.962000+00:00,2026-07-14 12:21:49.395000+00:00,0.2857142857142857,0.0,0.0,0.3578273207961257,0.5,3.2435269620036706,0.918918918918919,0.11666666666666667,0.0,0.209375,0.0,0.0,0.0029846879770047963,0.7776969466936573,0.0,0.0,0.0,10.917310938995797,0.13778957528957528,0.0,0.0,0.0,0.5,0.0,,,,,,,,,,,,,,,,,,,,,,,0.5,multiclass,cic-malmem,classical,,,,lightgbm,-1,1,,,,0.6457707068793723,0.06617821551868087,250,0.6835005343105077,209,,,,lightgbm-multiclass-nc1
FINISHED,2026-07-14 12:22:03.715000+00:00,2026-07-14 12:22:04.150000+00:00,0.0,0.5,0.0,0.3705593476508106,0.55,4.273309685988352,0.9523809523809523,0.10890151515151514,0.0,0.1875,0.0,0.0,0.0034658870426937938,0.6947821778002699,0.0,0.0,0.0,9.997468967048917,0.13244047619047616,0.0,0.0,0.0,0.0,0.0,,,,,,,,,,,,,,,,,,,,,,,0.6666666666666666,multiclass,cic-malmem,classical,,,,lightgbm,-1,1,,,,0.8111558042930251,0.0010149182395444122,300,0.9194654582914104,206,,,,lightgbm-multiclass-nc1
FINISHED,2026-07-14 12:22:16.106000+00:00,2026-07-14 12:22:16.688000+00:00,0.2857142857142857,0.0,0.0,0.34077567073661347,0.5,2.142919512989465,0.9743589743589743,0.07291666666666667,0.0,0.121875,0.0,0.0,0.002582947025075555,0.6351109143049933,0.0,0.0,0.0,9.76403019001009,0.07875457875457875,0.0,0.0,0.0,0.0,0.0,,,,,,,,,,,,,,,,,,,,,,,0.0,multiclass,cic-malmem,classical,,,,lightgbm,-1,1,,,,0.7035119926400067,0.0012167028814593455,150,0.9637281608315128,134,,,,lightgbm-multiclass-nc1
FINISHED,2026-07-14 12:22:26.015000+00:00,2026-07-14 12:22:26.440000+00:00,0.0,0.0,0.0,0.36752136752136755,0.525,1.669240046001505,0.9743589743589743,0.15625,0.0,0.153125,0.6666666666666666,0.0,0.0026297069853171706,0.7957257928475034,0.0,0.0,0.0,7.6078921710141,0.14423076923076922,0.0,0.0,0.0,0.6666666666666666,0.0,,,,,,,,,,,,,,,,,,,,,,,0.0,multiclass,cic-malmem,classical,,,,lightgbm,-1,1,,,,0.8953622178900084,0.2632456688696344,200,0.7627094865915472,17,,,,lightgbm-multiclass-nc1
FINISHED,2026-07-14 12:22:26.468000+00:00,2026-07-14 12:22:30.697000+00:00,,,,,,,,,,,,,,,,,,,,,,,,,0.08166008829118584,0.061159082006853986,0.5,0.07607683982683981,0.5517660678137652,7.497258578268104e-05,0.109375,0.012655194640451709,0.4124700040207244,0.028844951898035816,0.00048037760425359013,0.015436939316563926,0.3360236162628749,0.01581138830084191,0.021352708572320328,0.07098401023259829,0.0028815332982775888,0.006351458781864494,,,,,,multiclass,cic-malmem,classical,,,,svm,-1,1,,,,,,,,,,,,svm-multiclass-nc1
FINISHED,2026-07-14 12:22:27.050000+00:00,2026-07-14 12:22:27.351000+00:00,0.0,0.6666666666666666,0.0,0.33135675230376294,0.5,0.010682599968276918,0.9743589743589743,0.09375,0.0,0.121875,0.0,0.0,0.00042999599827453494,0.4560089827935223,0.0,0.0,0.0,0.5257082170573995,0.10256410256410256,0.0,0.0,0.0,0.0,0.0,,,,,,,,,,,,,,,,,,,,,,,0.0,multiclass,cic-malmem,classical,9.880768658376882,98.65875420638653,balanced,svm,-1,1,,,,,,,,,,,,svm-multiclass-nc1
FINISHED,2026-07-14 12:22:27.743000+00:00,2026-07-14 12:22:28.084000+00:00,0.2857142857142857,0.0,0.0,0.3234344223879631,0.475,0.008923765970394015,0.918918918918919,0.0875,0.0,0.146875,0.0,0.0,0.0006292859907262027,0.6423119095816464,0.3333333333333333,0.0,0.0,0.34740927803795785,0.09612290862290862,0.0,0.0,0.0,0.0,0.0,,,,,,,,,,,,,,,,,,,,,,,0.0,multiclass,cic-malmem,classical,2.0237080781463392,99.41450502972597,balanced,svm,-1,1,,,,,,,,,,,,svm-multiclass-nc1
FINISHED,2026-07-14 12:22:28.542000+00:00,2026-07-14 12:22:28.925000+00:00,0.0,0.0,0.0,0.30763528997738804,0.5,0.004071720992214978,0.975609756097561,0.05952380952380952,0.0,0.0625,0.0,0.0,0.00043854000978171825,0.5900809716599191,0.0,0.0,0.0,0.42019803600851446,0.06097560975609756,0.0,0.0,0.0,0.0,0.0,,,,,,,,,,,,,,,,,,,,,,,0.0,multiclass,cic-malmem,classical,2.980826423474285,4.743001669166217,balanced,svm,-1,1,,,,,,,,,,,,svm-multiclass-nc1
FINISHED,2026-07-14 12:22:29.351000+00:00,2026-07-14 12:22:29.906000+00:00,0.0,0.0,0.0,0.37006680259950364,0.525,0.004396022006403655,1.0,0.06818181818181818,0.0,0.09375,0.0,0.0,0.00045622902689501643,0.48131747638326583,0.15384615384615385,0.0,0.0,0.3879769839695655,0.07211538461538461,0.0,0.0,0.0,0.0,0.0,,,,,,,,,,,,,,,,,,,,,,,0.0,multiclass,cic-malmem,classical,0.7381248448712205,0.609425480051777,balanced,svm,-1,1,,,,,,,,,,,,svm-multiclass-nc1
FINISHED,2026-07-14 12:22:30.326000+00:00,2026-07-14 12:22:30.681000+00:00,0.0,0.0,0.0,0.34762481404575685,0.5,0.0036831849720329046,0.9743589743589743,0.07142857142857142,0.0,0.121875,0.0,0.0,0.0004478369955904782,0.5891109986504723,0.25,0.0,0.0,0.381057505030185,0.0765224358974359,0.0,0.0,0.0,0.0,0.0,,,,,,,,,,,,,,,,,,,,,,,0.0,multiclass,cic-malmem,classical,0.14050827253588466,0.955857994856356,balanced,svm,-1,1,,,,,,,,,,,,svm-multiclass-nc1
FINISHED,2026-07-14 12:22:36.487000+00:00,2026-07-14 12:23:23.080000+00:00,,,,,,,,,,,,,,,,,,,,,,,,,0.06632889388104407,0.013020723679142504,0.5,0.06488095238095239,0.6469768049932523,0.11829788368987744,0.08,0.0046679723634994435,4.875331078993622,0.022844583603121332,1.3580410150112585,0.006302424438488262,0.3380406531602727,0.01581138830084191,0.011416819897300172,0.03297764531860344,0.2370426002506356,2.7581026134081186,,,,,,multiclass,cic-malmem,quantum,,,,qsvm,,2,,,,,,,,,,,,qsvm-multiclass-nc2
FINISHED,2026-07-14 12:22:45.606000+00:00,2026-07-14 12:22:46.006000+00:00,0.0,0.0,0.0,0.34039138780375283,0.475,2.7958817630424164,0.9473684210526315,0.06696428571428571,0.0,0.11875,0.0,0.0,1.396767670987174,0.6632903171390013,0.0,0.0,0.0,4.878735939972103,0.06754385964912281,0.0,0.0,0.0,0.13333333333333333,0.0,,,,,,,,,,,,,,,,,,,2.792065005050972,19120.0,1.3964314900222234,0.23662448298073804,0.0,multiclass,cic-malmem,quantum,,1.0,balanced,qsvm,,2,0.7071067811865476,2,angle,,,,,,,,,qsvm-multiclass-nc2
FINISHED,2026-07-14 12:22:55.237000+00:00,2026-07-14 12:22:55.504000+00:00,0.0,0.0,0.0,0.3316608712651302,0.5,2.920025361003354,1.0,0.0625,0.0,0.0625,0.0,0.0,1.4259576390031725,0.6526231443994602,0.0,0.0,0.0,4.858467055018991,0.0625,0.0,0.0,0.0,0.0,0.0,,,,,,,,,,,,,,,,,,,2.9163007849710993,19120.0,1.425605527998414,0.22864929107434107,0.0,multiclass,cic-malmem,quantum,,10.0,balanced,qsvm,,2,0.7071067811865476,2,angle,,,,,,,,,qsvm-multiclass-nc2
FINISHED,2026-07-14 12:23:03.811000+00:00,2026-07-14 12:23:04.081000+00:00,0.0,0.0,0.0,0.33542596179173306,0.5,2.291803053987678,0.975609756097561,0.05952380952380952,0.0,0.0625,0.0,0.0,1.122511284018401,0.6934940114709852,0.0,0.0,0.0,4.869731059006881,0.06097560975609756,0.0,0.0,0.0,0.0,0.0,,,,,,,,,,,,,,,,,,,2.2881408559624106,19120.0,1.1221546260057949,0.297682094438993,0.0,multiclass,cic-malmem,quantum,,1.0,balanced,qsvm,,2,0.7071067811865476,2,iqp,,,,,,,,,qsvm-multiclass-nc2
FINISHED,2026-07-14 12:23:13.298000+00:00,2026-07-14 12:23:13.564000+00:00,0.0,0.0,0.0,0.358341701927341,0.525,2.878608956991229,1.0,0.07291666666666667,0.0,0.09375,0.25,0.0,1.4161829740041867,0.6305035425101214,0.0,0.0,0.0,4.897874535992742,0.078125,0.0,0.0,0.0,0.0,0.0,,,,,,,,,,,,,,,,,,,2.8749582720338367,19120.0,1.4158539189957082,0.22006682424696117,0.0,multiclass,cic-malmem,quantum,,10.0,balanced,qsvm,,2,0.7071067811865476,2,angle,,,,,,,,,qsvm-multiclass-nc2
FINISHED,2026-07-14 12:23:22.794000+00:00,2026-07-14 12:23:23.061000+00:00,0.0,0.0,0.0,0.3243833430134063,0.5,2.9041939320159145,1.0,0.0625,0.0,0.0625,0.0,0.0,1.428785507043358,0.5949730094466936,0.0,0.0,0.0,4.871846804977395,0.0625,0.0,0.0,0.0,0.0,0.0,,,,,,,,,,,,,,,,,,,2.9004583439673297,19120.0,1.4284433069988154,0.21363649563332415,0.0,multiclass,cic-malmem,quantum,,10.0,balanced,qsvm,,2,0.7071067811865476,2,angle,,,,,,,,,qsvm-multiclass-nc2
FINISHED,2026-07-14 12:23:26.629000+00:00,2026-07-14 12:24:28.372000+00:00,,,,,,,,,,,,,,,,,,,,,,,,,0.13697878416972664,4.193460235581111,0.54,0.11816123188405796,0.6871698296221321,0.02028486281877723,0.19125,0.03377159754164137,11.534041506820358,0.05040461288413988,0.04962653379188851,0.03987952682734909,0.38049297595543596,0.033911649915626334,0.04145977040870829,0.03750980946174933,0.1270740603109407,0.358445897186175,,,,,,multiclass,cic-malmem,classical,,,,random_forest,-1,2,,,,,,,,,,,,random_forest-multiclass-nc2
FINISHED,2026-07-14 12:23:46.664000+00:00,2026-07-14 12:23:46.991000+00:00,0.5,0.0,0.0,0.3770527392273754,0.525,0.1918756359955296,0.9473684210526315,0.13020833333333334,0.0,0.18125,0.0,0.0,0.026728495955467224,0.7311420377867746,0.0,0.0,0.0,19.730588970996905,0.1425438596491228,0.0,0.0,0.5,0.0,0.3333333333333333,,,,,,,,,,,,,,,,,,,,,,,0.0,multiclass,cic-malmem,classical,,,,random_forest,-1,2,,,,,,100,,,24,4,sqrt,random_forest-multiclass-nc2
FINISHED,2026-07-14 12:23:55.898000+00:00,2026-07-14 12:23:56.201000+00:00,0.5,0.0,0.0,0.4604872173399078,0.6,0.2679018179769628,1.0,0.17708333333333331,0.0,0.28125,0.0,0.0,0.03746651497203857,0.7219445850202428,0.0,0.0,0.0,8.533221560006496,0.20833333333333331,0.0,0.0,0.5,0.6666666666666666,0.0,,,,,,,,,,,,,,,,,,,,,,,0.6666666666666666,multiclass,cic-malmem,classical,,,,random_forest,-1,2,,,,,,150,,,15,2,log2,random_forest-multiclass-nc2
FINISHED,2026-07-14 12:24:07.380000+00:00,2026-07-14 12:24:07.763000+00:00,0.0,0.4,0.0,0.36052093138075364,0.55,0.5302625320036896,0.9302325581395349,0.10122282608695651,0.0,0.1875,0.0,0.0,0.07124134001787752,0.6334246373144399,0.0,0.0,0.0,10.471568845037837,0.1248062015503876,0.0,0.6666666666666666,0.0,0.0,0.0,,,,,,,,,,,,,,,,,,,,,,,0.0,multiclass,cic-malmem,classical,,,,random_forest,-1,2,,,,,,350,,,17,6,sqrt,random_forest-multiclass-nc2
FINISHED,2026-07-14 12:24:16.854000+00:00,2026-07-14 12:24:17.138000+00:00,0.4,0.0,0.0,0.36179384819798094,0.525,0.477371864952147,1.0,0.078125,0.0,0.125,0.0,0.0,0.07669062400236726,0.6560813090418354,0.0,0.0,0.0,8.450928210048005,0.0875,0.0,0.0,0.0,0.0,0.0,,,,,,,,,,,,,,,,,,,,,,,0.0,multiclass,cic-malmem,classical,,,,random_forest,-1,2,,,,,,300,,,12,7,None,random_forest-multiclass-nc2
FINISHED,2026-07-14 12:24:28.056000+00:00,2026-07-14 12:24:28.356000+00:00,0.5,0.0,0.0,0.342610143631162,0.5,0.324817635002546,0.9473684210526315,0.10416666666666666,0.0,0.18125,0.0,0.0,0.03600569401169196,0.6932565789473684,0.0,0.0,0.0,10.48389994801255,0.12171052631578946,0.0,0.0,0.0,0.5,0.0,,,,,,,,,,,,,,,,,,,,,,,0.0,multiclass,cic-malmem,classical,,,,random_forest,-1,2,,,,,,200,,,21,2,log2,random_forest-multiclass-nc2
FINISHED,2026-07-14 12:24:28.381000+00:00,2026-07-14 12:25:17.376000+00:00,,,,,,,,,,,,,,,,,,,,,,,,,0.1006651341911216,1.7207812533788356,0.5249999999999999,0.08881599378881988,0.7805078441295547,0.009369513031078847,0.13625,0.028192215236004382,8.211800705175847,0.06583597041131847,0.017247842997312544,0.03877966558751714,0.35340290788141704,0.04183300132670377,0.05184590259383085,0.015217317709182072,0.32405510005483307,1.070755773212295,,,,,,multiclass,cic-malmem,classical,,,,xgboost,-1,2,,,,,,,,,,,,xgboost-multiclass-nc2
FINISHED,2026-07-14 12:24:41.116000+00:00,2026-07-14 12:24:41.511000+00:00,0.0,0.0,0.0,0.27598495398414863,0.45,1.5088848029845394,0.9473684210526315,0.0625,0.0,0.05625,0.0,0.0,0.0061700259684585035,0.7685950151821863,0.0,0.0,0.0,11.155515266989823,0.05921052631578947,0.0,0.0,0.0,0.0,0.0,,,,,,,,,,,,,,,,,,,,,,,0.0,multiclass,cic-malmem,classical,,,,xgboost,-1,2,,,,0.9551097883344569,0.1703280067215401,550,0.6009745094787774,,12,,,xgboost-multiclass-nc2
FINISHED,2026-07-14 12:24:50.541000+00:00,2026-07-14 12:24:50.945000+00:00,0.0,0.0,0.0,0.42809210479747645,0.575,0.9722990000154823,1.0,0.140625,0.0,0.25,0.6666666666666666,0.0,0.02529894601320848,0.7951037449392713,0.0,0.0,0.0,7.953195508976933,0.1708333333333333,0.0,0.0,0.6666666666666666,0.4,0.0,,,,,,,,,,,,,,,,,,,,,,,0.0,multiclass,cic-malmem,classical,,,,xgboost,-1,2,,,,0.8312654860425384,0.12124745128639779,350,0.68431067155284,,11,,,xgboost-multiclass-nc2
FINISHED,2026-07-14 12:25:01.265000+00:00,2026-07-14 12:25:01.790000+00:00,0.0,0.0,0.0,0.322159158730534,0.525,1.389142090047244,0.9302325581395349,0.06997282608695651,0.0,0.09375,0.0,0.0,0.0054678579908795655,0.760251560391363,0.3333333333333333,0.0,0.0,8.878493243944831,0.07897286821705427,0.0,0.0,0.0,0.0,0.0,,,,,,,,,,,,,,,,,,,,,,,0.0,multiclass,cic-malmem,classical,,,,xgboost,-1,2,,,,0.934298171488589,0.08235673686158769,500,0.6414018117975758,,9,,,xgboost-multiclass-nc2
FINISHED,2026-07-14 12:25:09.140000+00:00,2026-07-14 12:25:09.556000+00:00,0.4,0.0,0.0,0.3829337795105899,0.55,0.7942496560281143,0.975609756097561,0.09598214285714285,0.0,0.15625,0.4,0.0,0.02342372201383114,0.7783822537112011,0.0,0.0,0.0,6.460595049953554,0.11097560975609755,0.0,0.0,0.0,0.0,0.0,,,,,,,,,,,,,,,,,,,,,,,0.0,multiclass,cic-malmem,classical,,,,xgboost,-1,2,,,,0.8146413822967189,0.04126666936585007,250,0.6869690380564465,,11,,,xgboost-multiclass-nc2
FINISHED,2026-07-14 12:25:16.961000+00:00,2026-07-14 12:25:17.359000+00:00,0.0,0.0,0.0,0.35784454238433616,0.525,0.6892033169860952,1.0,0.075,0.0,0.125,0.0,0.0,0.025878663000185043,0.8002066464237517,0.0,0.0,0.0,6.611204456014093,0.08333333333333333,0.0,0.0,0.0,0.3333333333333333,0.0,,,,,,,,,,,,,,,,,,,,,,,0.0,multiclass,cic-malmem,classical,,,,xgboost,-1,2,,,,0.890199869315598,0.03125402523146579,200,0.6640969805644893,,5,,,xgboost-multiclass-nc2
FINISHED,2026-07-14 12:25:17.386000+00:00,2026-07-14 12:26:36.029000+00:00,,,,,,,,,,,,,,,,,,,,,,,,,0.14797092799081785,3.033307965018688,0.54,0.1410778985507246,0.7526986336032389,0.0005403404093013933,0.179375,0.047832605506583206,11.575679366197438,0.04741769184597665,0.0033132048090919854,0.04982505216822387,0.378981553897796,0.03391164991562633,0.033261410759912895,0.03681476014838248,1.2776569658659425,3.610218020004686,,,,,,multiclass,cic-malmem,classical,,,,lightgbm,-1,2,,,,,,,,,,,,lightgbm-multiclass-nc2
FINISHED,2026-07-14 12:25:39.327000+00:00,2026-07-14 12:25:39.850000+00:00,0.4,0.0,0.0,0.342610143631162,0.5,5.161483983043581,0.9473684210526315,0.09895833333333333,0.0,0.15,0.0,0.0,0.0035836820024996996,0.771399080634278,0.0,0.0,0.0,16.704276658943854,0.10921052631578948,0.0,0.0,0.0,0.0,0.4,,,,,,,,,,,,,,,,,,,,,,,0.0,multiclass,cic-malmem,classical,,,,lightgbm,-1,2,,,,0.9003988944050104,0.00977495978896164,250,0.774962421159549,168,,,,lightgbm-multiclass-nc2
FINISHED,2026-07-14 12:25:54.787000+00:00,2026-07-14 12:25:55.238000+00:00,0.6666666666666666,0.0,0.0,0.3931180560850225,0.55,4.033491356996819,1.0,0.15625,0.6666666666666666,0.15625,0.0,0.0,0.0033320229849778116,0.7854040148448043,0.0,0.0,0.0,10.851995566044934,0.14583333333333331,0.0,0.0,0.0,0.0,0.0,,,,,,,,,,,,,,,,,,,,,,,0.0,multiclass,cic-malmem,classical,,,,lightgbm,-1,2,,,,0.8928066991990268,0.004489198310538323,250,0.9167076197713904,205,,,,lightgbm-multiclass-nc2
FINISHED,2026-07-14 12:26:11.546000+00:00,2026-07-14 12:26:12.117000+00:00,0.0,1.0,0.0,0.39706765405090744,0.575,3.2698716330341995,0.9302325581395349,0.20018115942028986,0.0,0.21875,0.0,0.0,0.0038506920100189745,0.7026520327260459,0.4,0.0,0.0,12.987173583940603,0.20813953488372094,0.0,0.0,0.0,0.0,0.0,,,,,,,,,,,,,,,,,,,,,,,1.0,multiclass,cic-malmem,classical,,,,lightgbm,-1,2,,,,0.9953778528652552,0.1671130104899289,550,0.6485677170073807,157,,,,lightgbm-multiclass-nc2
FINISHED,2026-07-14 12:26:22.558000+00:00,2026-07-14 12:26:22.989000+00:00,0.2857142857142857,0.0,0.0,0.33820053972349046,0.5,1.3569249709835276,0.9743589743589743,0.07291666666666667,0.0,0.121875,0.0,0.0,0.002285138994920999,0.7142586032388665,0.0,0.0,0.0,9.035539612988941,0.07875457875457875,0.0,0.0,0.0,0.0,0.0,,,,,,,,,,,,,,,,,,,,,,,0.0,multiclass,cic-malmem,classical,,,,lightgbm,-1,2,,,,0.6980638425252711,0.001724434270842584,100,0.9393375935119272,157,,,,lightgbm-multiclass-nc2
FINISHED,2026-07-14 12:26:35.567000+00:00,2026-07-14 12:26:36.011000+00:00,1.0,0.0,0.0,0.4239113759983974,0.575,4.229318155965302,1.0,0.17708333333333331,0.0,0.25,0.0,0.0,0.0035144880530424416,0.7897794365721997,0.6666666666666666,0.0,0.0,8.299411409068853,0.19791666666666666,0.0,0.0,0.0,0.5,0.0,,,,,,,,,,,,,,,,,,,,,,,0.0,multiclass,cic-malmem,classical,,,,lightgbm,-1,2,,,,0.8751491182468779,0.0051061760374641356,250,0.8947013354028087,16,,,,lightgbm-multiclass-nc2
FINISHED,2026-07-14 12:26:36.040000+00:00,2026-07-14 12:26:39.693000+00:00,,,,,,,,,,,,,,,,,,,,,,,,,0.13347673160173162,0.08069530111992705,0.5449999999999999,0.12532196969696968,0.5738790907557355,2.450813411236535e-05,0.161875,0.06432944631343854,0.3735883412184194,0.0875535550391873,0.0003455852041952312,0.06605179245777931,0.373218849365586,0.045825756949558406,0.05673280440098413,0.07388624048386583,0.0007321262830956284,0.0038221067865379156,,,,,,multiclass,cic-malmem,classical,,,,svm,-1,2,,,,,,,,,,,,svm-multiclass-nc2
FINISHED,2026-07-14 12:26:36.626000+00:00,2026-07-14 12:26:36.938000+00:00,0.5,0.0,0.0,0.3896696520842767,0.55,0.004646089975722134,1.0,0.10416666666666666,0.0,0.15625,0.0,0.0,0.00038124696584418416,0.6338562753036437,0.0,0.0,0.0,0.534906446991954,0.11875,0.0,0.0,0.4,0.0,0.0,,,,,,,,,,,,,,,,,,,,,,,0.0,multiclass,cic-malmem,classical,1.2097942365060101,98.53825089124535,balanced,svm,-1,2,,,,,,,,,,,,svm-multiclass-nc2
FINISHED,2026-07-14 12:26:37.310000+00:00,2026-07-14 12:26:37.611000+00:00,0.0,0.0,0.0,0.3281650616569468,0.5,0.0028943679644726217,1.0,0.0625,0.0,0.0625,0.0,0.0,0.0003468510112725198,0.6828399122807018,0.0,0.0,0.0,0.33663963607978076,0.0625,0.0,0.0,0.0,0.0,0.0,,,,,,,,,,,,,,,,,,,,,,,0.0,multiclass,cic-malmem,classical,0.0246716860105407,8.304993906265254,balanced,svm,-1,2,,,,,,,,,,,,svm-multiclass-nc2
FINISHED,2026-07-14 12:26:37.978000+00:00,2026-07-14 12:26:38.393000+00:00,0.0,0.5,1.0,0.4759290239123015,0.625,0.003830478002782911,0.9523809523809523,0.2443181818181818,0.0,0.3125,0.6666666666666666,0.0,0.0003230849979445338,0.5562795209176787,0.4,0.0,0.0,0.33515451999846846,0.2511904761904762,0.0,0.5,0.0,0.0,0.0,,,,,,,,,,,,,,,,,,,,,,,0.0,multiclass,cic-malmem,classical,3.467699161401568,34.89659465717493,balanced,svm,-1,2,,,,,,,,,,,,svm-multiclass-nc2
FINISHED,2026-07-14 12:26:38.754000+00:00,2026-07-14 12:26:39.030000+00:00,0.0,0.0,0.0,0.3203971689139327,0.5,0.0031162149971351027,0.95,0.08020833333333333,0.0,0.090625,0.4,0.0,0.0003147120005451143,0.49251982118758436,0.0,0.0,0.0,0.3302335540065542,0.084375,0.0,0.0,0.0,0.0,0.0,,,,,,,,,,,,,,,,,,,,,,,0.0,multiclass,cic-malmem,classical,0.37657203126402644,1.9402515872583306,balanced,svm,-1,2,,,,,,,,,,,,svm-multiclass-nc2
FINISHED,2026-07-14 12:26:39.396000+00:00,2026-07-14 12:26:39.675000+00:00,1.0,0.0,0.0,0.3519333402604724,0.55,0.004623382992576808,0.9090909090909091,0.13541666666666666,0.0,0.1875,0.0,0.0,0.0003620310453698039,0.5038999240890687,0.0,0.0,0.0,0.33100754901533946,0.15056818181818182,0.0,0.0,0.0,0.5,0.0,,,,,,,,,,,,,,,,,,,,,,,0.0,multiclass,cic-malmem,classical,8.85945314879516,4.654026884968021,balanced,svm,-1,2,,,,,,,,,,,,svm-multiclass-nc2
FINISHED,2026-07-14 12:26:45.465000+00:00,2026-07-14 12:27:53.917000+00:00,,,,,,,,,,,,,,,,,,,,,,,,,0.09764833832548851,0.2563923114942704,0.52,0.09055059523809524,0.5987123397435898,0.104174075557667,0.12375,0.04246654637407006,7.477644233393948,0.0685109480302236,1.951539293397218,0.05067351054177329,0.35857251738505685,0.04301162633521313,0.04673726801027343,0.05422656225804577,0.05330374889959139,3.9079469920136036,,,,,,multiclass,cic-malmem,quantum,,,,qsvm,,3,,,,,,,,,,,,qsvm-multiclass-nc3
FINISHED,2026-07-14 12:26:58.657000+00:00,2026-07-14 12:26:58.947000+00:00,0.0,0.0,0.0,0.3281650616569468,0.475,3.8165322309941985,0.9473684210526315,0.0703125,0.0,0.11875,0.0,0.0,1.9419116210192442,0.6657810391363024,0.0,0.0,0.0,7.380642936041113,0.07309941520467836,0.0,0.0,0.0,0.2222222222222222,0.0,,,,,,,,,,,,,,,,,,,3.8129130740417168,19120.0,1.941563360975124,0.20281682219279315,0.0,multiclass,cic-malmem,quantum,,10.0,None,qsvm,,3,0.5773502691896257,3,angle,,,,,,,,,qsvm-multiclass-nc3
FINISHED,2026-07-14 12:27:12.400000+00:00,2026-07-14 12:27:12.670000+00:00,0.0,0.0,0.0,0.33325791001902166,0.5,3.9426623380277306,1.0,0.0625,0.0,0.0625,0.0,0.0,2.0914963310351595,0.5928011133603239,0.0,0.0,0.0,7.393201844941359,0.0625,0.0,0.0,0.0,0.0,0.0,,,,,,,,,,,,,,,,,,,3.939237067999784,19120.0,2.0911170649924316,0.26932876004313455,0.0,multiclass,cic-malmem,quantum,,10.0,None,qsvm,,3,0.5773502691896257,3,iqp,,,,,,,,,qsvm-multiclass-nc3
FINISHED,2026-07-14 12:27:26.036000+00:00,2026-07-14 12:27:26.301000+00:00,0.0,0.0,0.0,0.44936638398841483,0.6,3.9728993590106256,0.975609756097561,0.17410714285714285,1.0,0.25,0.0,0.0,2.0456165419891477,0.6549778593117408,0.5,0.0,0.0,7.322928860026877,0.19639227642276422,0.0,0.0,0.0,0.0,0.0,,,,,,,,,,,,,,,,,,,3.969008119951468,19120.0,2.0452491359901614,0.2626176197513379,0.6666666666666666,multiclass,cic-malmem,quantum,,10.0,balanced,qsvm,,3,0.5773502691896257,3,iqp,,,,,,,,,qsvm-multiclass-nc3
FINISHED,2026-07-14 12:27:39.348000+00:00,2026-07-14 12:27:39.745000+00:00,0.0,0.0,0.0,0.32525883882437967,0.5,3.8898246440221556,1.0,0.0625,0.0,0.0625,0.0,0.0,1.8227403129567392,0.5474021592442646,0.0,0.0,0.0,7.30535116198007,0.0625,0.0,0.0,0.0,0.0,0.0,,,,,,,,,,,,,,,,,,,3.8860161019838415,19120.0,1.8223829380003735,0.19080420312180846,0.0,multiclass,cic-malmem,quantum,,10.0,balanced,qsvm,,3,0.5773502691896257,3,angle,,,,,,,,,qsvm-multiclass-nc3
FINISHED,2026-07-14 12:27:53.529000+00:00,2026-07-14 12:27:53.902000+00:00,0.0,0.0,0.0,0.3568143924365215,0.525,3.917816388013307,1.0,0.08333333333333333,0.0,0.125,0.0,0.5,1.8559316599857993,0.5325995276653172,0.0,0.0,0.0,7.986096363980323,0.09375,0.0,0.0,0.0,0.0,0.0,,,,,,,,,,,,,,,,,,,3.9138285299995914,19120.0,1.8555613280041143,0.19373658496291213,0.0,multiclass,cic-malmem,quantum,,10.0,balanced,qsvm,,3,0.5773502691896257,3,angle,,,,,,,,,qsvm-multiclass-nc3
FINISHED,2026-07-14 12:27:57.553000+00:00,2026-07-14 12:29:05.868000+00:00,,,,,,,,,,,,,,,,,,,,,,,,,0.11052532245247262,5.494985138642627,0.53,0.10398809523809524,0.7272915612348179,0.031234048978820202,0.14250000000000002,0.027680075483968353,12.652986876002979,0.06535958231200685,0.07603553540538996,0.03271930834377217,0.36588108072409076,0.018708286933869722,0.02952255863127328,0.0370786041927459,0.21593433787839023,0.4976137971971184,,,,,,multiclass,cic-malmem,classical,,,,random_forest,-1,3,,,,,,,,,,,,random_forest-multiclass-nc3
FINISHED,2026-07-14 12:28:21.844000+00:00,2026-07-14 12:28:22.132000+00:00,0.4,0.5,0.0,0.4121636449397205,0.55,0.7383435000083409,0.9473684210526315,0.14270833333333333,0.5,0.24375,0.0,0.0,0.10961972497170791,0.7412226931511472,0.0,0.0,0.0,23.28730560198892,0.1645676691729323,0.0,0.0,0.2857142857142857,0.0,0.0,,,,,,,,,,,,,,,,,,,,,,,0.0,multiclass,cic-malmem,classical,,,,random_forest,-1,3,,,,,,450,,,16,5,None,random_forest-multiclass-nc3
FINISHED,2026-07-14 12:28:31.879000+00:00,2026-07-14 12:28:32.210000+00:00,0.6666666666666666,0.0,0.0,0.3589462791023967,0.525,0.3392090909765102,1.0,0.125,0.0,0.09375,0.0,0.0,0.057062325009610504,0.7119285593792173,0.0,0.0,0.0,9.261216762010008,0.10416666666666666,0.0,0.0,0.0,0.0,0.0,,,,,,,,,,,,,,,,,,,,,,,0.0,multiclass,cic-malmem,classical,,,,random_forest,-1,3,,,,,,200,,,14,4,log2,random_forest-multiclass-nc3
FINISHED,2026-07-14 12:28:42+00:00,2026-07-14 12:28:42.395000+00:00,0.0,0.4,0.0,0.3809872384448036,0.55,0.4961467920220457,0.975609756097561,0.09598214285714285,0.0,0.1875,0.0,0.0,0.07888117403490469,0.790804866734143,0.0,0.0,0.0,9.12020660797134,0.11722560975609755,0.0,0.5,0.0,0.0,0.0,,,,,,,,,,,,,,,,,,,,,,,0.0,multiclass,cic-malmem,classical,,,,random_forest,-1,3,,,,,,300,,,4,4,None,random_forest-multiclass-nc3
FINISHED,2026-07-14 12:28:56.040000+00:00,2026-07-14 12:28:56.341000+00:00,0.0,0.0,0.0,0.32353907182588243,0.5,0.7281314670108259,1.0,0.0625,0.0,0.0625,0.0,0.0,0.10749108000891283,0.6807101889338731,0.0,0.0,0.0,12.671567687997594,0.0625,0.0,0.0,0.0,0.0,0.0,,,,,,,,,,,,,,,,,,,,,,,0.0,multiclass,cic-malmem,classical,,,,random_forest,-1,3,,,,,,450,,,22,1,None,random_forest-multiclass-nc3
FINISHED,2026-07-14 12:29:05.537000+00:00,2026-07-14 12:29:05.852000+00:00,0.6666666666666666,0.0,0.0,0.35376916930765057,0.525,0.1862381359678693,1.0,0.09375,0.0,0.125,0.0,0.0,0.02712337300181389,0.7117914979757085,0.0,0.0,0.0,8.92463772004703,0.10416666666666666,0.0,0.0,0.0,0.0,0.0,,,,,,,,,,,,,,,,,,,,,,,0.0,multiclass,cic-malmem,classical,,,,random_forest,-1,3,,,,,,100,,,30,3,sqrt,random_forest-multiclass-nc3
FINISHED,2026-07-14 12:29:05.877000+00:00,2026-07-14 12:30:03.281000+00:00,,,,,,,,,,,,,,,,,,,,,,,,,0.09960996240601502,1.8250054474122601,0.525,0.08948863636363637,0.7671225961538461,0.008311171414050494,0.13,0.01909500467131685,9.470237055420876,0.02833946012188658,0.013939241599291562,0.02245278065287486,0.355943103072885,0.0,0.012849808079950403,0.026605748365123076,0.9786566009616944,1.4902328721946105,,,,,,multiclass,cic-malmem,classical,,,,xgboost,-1,3,,,,,,,,,,,,xgboost-multiclass-nc3
FINISHED,2026-07-14 12:29:19.261000+00:00,2026-07-14 12:29:19.656000+00:00,0.6666666666666666,0.0,0.0,0.3734707313331345,0.525,1.1566871639806777,0.9473684210526315,0.125,0.4,0.18125,0.0,0.0,0.00442952400771901,0.7179617914979757,0.0,0.0,0.0,12.157094198046252,0.14150219298245614,0.0,0.0,0.25,0.0,0.0,,,,,,,,,,,,,,,,,,,,,,,0.0,multiclass,cic-malmem,classical,,,,xgboost,-1,3,,,,0.9646003021304107,0.2986826016769242,450,0.6375361592089608,,11,,,xgboost-multiclass-nc3
FINISHED,2026-07-14 12:29:30.877000+00:00,2026-07-14 12:29:31.298000+00:00,0.0,0.0,0.0,0.35770209414874915,0.525,1.7194630779558793,1.0,0.09375,0.0,0.125,0.6666666666666666,0.0,0.01224680501036346,0.7829790823211875,0.0,0.0,0.0,9.440750210022088,0.10416666666666666,0.0,0.0,0.0,0.0,0.0,,,,,,,,,,,,,,,,,,,,,,,0.0,multiclass,cic-malmem,classical,,,,xgboost,-1,3,,,,0.8903790187146192,0.07970813993595927,600,0.9099072670250312,,10,,,xgboost-multiclass-nc3
FINISHED,2026-07-14 12:29:39.084000+00:00,2026-07-14 12:29:39.595000+00:00,0.0,0.0,0.0,0.33390963928873474,0.525,0.2624450799776241,0.9523809523809523,0.07765151515151515,0.0,0.09375,0.0,0.0,0.020644289965275675,0.7733318572874494,0.4,0.0,0.0,7.4331764170201495,0.08452380952380953,0.0,0.0,0.0,0.0,0.0,,,,,,,,,,,,,,,,,,,,,,,0.0,multiclass,cic-malmem,classical,,,,xgboost,-1,3,,,,0.6727299868828402,0.11536162338241392,100,0.6849356442713105,,12,,,xgboost-multiclass-nc3
FINISHED,2026-07-14 12:29:48.361000+00:00,2026-07-14 12:29:48.825000+00:00,0.0,0.0,0.0,0.360924151447505,0.525,1.1002703080303036,1.0,0.07291666666666667,0.2857142857142857,0.125,0.0,0.0,0.026112741034012288,0.7654141363022942,0.0,0.0,0.0,7.564597102988046,0.08035714285714285,0.0,0.0,0.0,0.0,0.0,,,,,,,,,,,,,,,,,,,,,,,0.0,multiclass,cic-malmem,classical,,,,xgboost,-1,3,,,,0.751430919835039,0.04143679546569565,250,0.9387984493554662,,9,,,xgboost-multiclass-nc3
FINISHED,2026-07-14 12:30:02.870000+00:00,2026-07-14 12:30:03.264000+00:00,0.0,0.0,0.0,0.3537088991463017,0.525,3.212298731028568,1.0,0.078125,0.0,0.125,0.0,0.0,0.0062628479790873826,0.7959261133603239,0.0,0.0,0.0,10.755567349027842,0.0875,0.0,0.0,0.0,0.4,0.0,,,,,,,,,,,,,,,,,,,,,,,0.0,multiclass,cic-malmem,classical,,,,xgboost,-1,3,,,,0.7273319756811008,0.01266470457356311,450,0.8726165769910429,,7,,,xgboost-multiclass-nc3
FINISHED,2026-07-14 12:30:03.292000+00:00,2026-07-14 12:31:46.787000+00:00,,,,,,,,,,,,,,,,,,,,,,,,,0.09396099496709252,4.024970208904099,0.5050000000000001,0.08889339826839827,0.7361801197705802,0.0006030870371561943,0.11000000000000001,0.02281408961922328,13.230261805595365,0.04003904344511741,0.004161029192619026,0.025980898477524154,0.331558404595372,0.03316624790355401,0.027845063812499123,0.032226648654362804,2.1167267447501694,6.937655722198542,,,,,,multiclass,cic-malmem,classical,,,,lightgbm,-1,3,,,,,,,,,,,,lightgbm-multiclass-nc3
FINISHED,2026-07-14 12:30:26.728000+00:00,2026-07-14 12:30:27.163000+00:00,0.5,0.0,0.0,0.2982599555226549,0.45,2.851796431990806,0.8888888888888888,0.10416666666666666,0.0,0.14375,0.0,0.0,0.0030336790368892252,0.7099186066126856,0.0,0.0,0.0,20.518266697996296,0.11180555555555555,0.0,0.0,0.4,0.0,0.0,,,,,,,,,,,,,,,,,,,,,,,0.0,multiclass,cic-malmem,classical,,,,lightgbm,-1,3,,,,0.7164916560792167,0.0199473547030745,200,0.7727780074568463,88,,,,lightgbm-multiclass-nc3
FINISHED,2026-07-14 12:30:47.655000+00:00,2026-07-14 12:30:48.089000+00:00,0.0,0.0,0.0,0.3235693621716316,0.5,6.893074487044942,1.0,0.0625,0.0,0.0625,0.0,0.0,0.004061072948388755,0.7521297233468286,0.0,0.0,0.0,13.545552153955214,0.0625,0.0,0.0,0.0,0.0,0.0,,,,,,,,,,,,,,,,,,,,,,,0.0,multiclass,cic-malmem,classical,,,,lightgbm,-1,3,,,,0.7965806496840739,0.0019013301697863923,450,0.7213731798326712,113,,,,lightgbm-multiclass-nc3
FINISHED,2026-07-14 12:31:09.406000+00:00,2026-07-14 12:31:09.852000+00:00,0.0,1.0,0.0,0.33360032042726484,0.525,8.213473047013395,0.9523809523809523,0.11931818181818182,0.0,0.125,0.0,0.0,0.00441899400902912,0.6874422233468286,0.0,0.0,0.0,13.048213839996606,0.12202380952380952,0.0,0.0,0.0,0.0,0.0,,,,,,,,,,,,,,,,,,,,,,,0.0,multiclass,cic-malmem,classical,,,,lightgbm,-1,3,,,,0.613612133600541,0.011661425642971053,500,0.7573074658006425,23,,,,lightgbm-multiclass-nc3
FINISHED,2026-07-14 12:31:27.510000+00:00,2026-07-14 12:31:28.107000+00:00,0.0,0.0,0.0,0.38224442921350793,0.55,8.411228963988833,0.975609756097561,0.09598214285714285,0.4,0.15625,0.0,0.0,0.004671222995966673,0.7576457068151147,0.0,0.0,0.0,9.1903164589894,0.11097560975609755,0.4,0.0,0.0,0.0,0.0,,,,,,,,,,,,,,,,,,,,,,,0.0,multiclass,cic-malmem,classical,,,,lightgbm,-1,3,,,,0.6185801650879991,0.018785426399210624,500,0.836965827544817,63,,,,lightgbm-multiclass-nc3
FINISHED,2026-07-14 12:31:46.330000+00:00,2026-07-14 12:31:46.770000+00:00,0.0,0.0,0.0,0.3201179556418009,0.5,8.318705680954736,1.0,0.0625,0.0,0.0625,0.0,0.0,0.004620176972821355,0.7737643387314439,0.0,0.0,0.0,9.848959877039306,0.0625,0.0,0.0,0.0,0.0,0.0,,,,,,,,,,,,,,,,,,,,,,,0.0,multiclass,cic-malmem,classical,,,,lightgbm,-1,3,,,,0.6185801650879991,0.018785426399210624,500,0.836965827544817,63,,,,lightgbm-multiclass-nc3
FINISHED,2026-07-14 12:31:46.799000+00:00,2026-07-14 12:31:50.447000+00:00,,,,,,,,,,,,,,,,,,,,,,,,,0.11937766163375918,0.0879629053768014,0.55,0.10984577922077923,0.5713819163292848,3.4334790625155026e-05,0.15625,0.03938117609203726,0.37763875880045816,0.04419417382415922,0.0003313081921078265,0.03724080516030211,0.387442316338272,0.02236067977499787,0.03321839408832601,0.0533879274165566,0.0004348220512199277,0.003301991999614984,,,,,,multiclass,cic-malmem,classical,,,,svm,-1,3,,,,,,,,,,,,svm-multiclass-nc3
FINISHED,2026-07-14 12:31:47.405000+00:00,2026-07-14 12:31:47.721000+00:00,0.0,0.6666666666666666,0.0,0.4283815668474237,0.575,0.003574733971618116,1.0,0.140625,0.5,0.1875,0.0,0.0,0.0003720889799296856,0.5943404183535763,0.0,0.0,0.0,0.5532151330262423,0.15625,0.0,0.0,0.3333333333333333,0.0,0.0,,,,,,,,,,,,,,,,,,,,,,,0.0,multiclass,cic-malmem,classical,0.036189050606568685,53.599577657717745,balanced,svm,-1,3,,,,,,,,,,,,svm-multiclass-nc3
FINISHED,2026-07-14 12:31:48.097000+00:00,2026-07-14 12:31:48.386000+00:00,0.0,0.0,0.0,0.3611552001303965,0.525,0.0038917959900572896,1.0,0.075,0.0,0.125,0.0,0.0,0.0003670480218715966,0.5931806680161943,0.0,0.0,0.0,0.34392467798897997,0.08333333333333333,0.0,0.0,0.3333333333333333,0.0,0.0,,,,,,,,,,,,,,,,,,,,,,,0.0,multiclass,cic-malmem,classical,0.8431013932082461,0.6672367170464207,balanced,svm,-1,3,,,,,,,,,,,,svm-multiclass-nc3
FINISHED,2026-07-14 12:31:48.750000+00:00,2026-07-14 12:31:49.031000+00:00,0.0,0.5,0.0,0.37278122902443883,0.55,0.0031223070109263062,0.9523809523809523,0.08658008658008658,0.0,0.15625,0.0,0.0,0.00029917299980297685,0.6204259446693656,0.2222222222222222,0.0,0.0,0.3302365849958733,0.1046626984126984,0.0,0.0,0.0,0.0,0.0,,,,,,,,,,,,,,,,,,,,,,,0.0,multiclass,cic-malmem,classical,0.023261440591233876,70.99682815855087,balanced,svm,-1,3,,,,,,,,,,,,svm-multiclass-nc3
FINISHED,2026-07-14 12:31:49.398000+00:00,2026-07-14 12:31:49.804000+00:00,0.0,0.0,0.0,0.3491367008519881,0.525,0.003319489012937993,0.975609756097561,0.07514880952380952,0.0,0.09375,0.0,0.0,0.0003307519946247339,0.46771676788124156,0.0,0.0,0.0,0.3331779949949123,0.08180894308943089,0.0,0.0,0.0,0.0,0.0,,,,,,,,,,,,,,,,,,,,,,,0.3333333333333333,multiclass,cic-malmem,classical,0.4760095671822029,1.603709077946276,balanced,svm,-1,3,,,,,,,,,,,,svm-multiclass-nc3
FINISHED,2026-07-14 12:31:50.162000+00:00,2026-07-14 12:31:50.432000+00:00,0.0,0.4,0.0,0.42575688483711277,0.575,0.0026016340125352144,1.0,0.171875,0.0,0.21875,0.0,0.6666666666666666,0.0002874789643101394,0.5812457827260459,0.0,0.0,0.0,0.327639402996283,0.17083333333333334,0.0,0.0,0.6666666666666666,0.0,0.0,,,,,,,,,,,,,,,,,,,,,,,0.0,multiclass,cic-malmem,classical,0.008889522486183733,64.61556242253728,balanced,svm,-1,3,,,,,,,,,,,,svm-multiclass-nc3
FINISHED,2026-07-14 12:31:56.464000+00:00,2026-07-14 12:33:29.835000+00:00,,,,,,,,,,,,,,,,,,,,,,,,,0.0852881646736183,0.24303680207606293,0.5199999999999999,0.08396577380952382,0.6200384615384615,0.3905187992970534,0.12375,0.03134352148261912,10.366152814391535,0.019921721813136534,2.6705523691955024,0.025718587310215583,0.37116790889680723,0.024494897427831803,0.015164378342902329,0.05849491371692244,0.6675903095618398,5.310003812203649,,,,,,multiclass,cic-malmem,quantum,,,,qsvm,,4,,,,,,,,,,,,qsvm-multiclass-nc4
FINISHED,2026-07-14 12:32:13.973000+00:00,2026-07-14 12:32:14.263000+00:00,0.0,0.0,0.0,0.3484174345107469,0.475,4.712271606025752,0.9473684210526315,0.06640625,0.0,0.11875,0.0,0.0,2.4453040860244073,0.5506494601889338,0.0,0.0,0.0,10.297216560982633,0.06656346749226005,0.0,0.0,0.0,0.11764705882352941,0.0,,,,,,,,,,,,,,,,,,,4.708640658005606,19120.0,2.4448700979701243,0.17598606021677674,0.0,multiclass,cic-malmem,quantum,,10.0,None,qsvm,,4,0.5,4,angle,,,,,,,,,qsvm-multiclass-nc4
FINISHED,2026-07-14 12:32:33.818000+00:00,2026-07-14 12:32:34.083000+00:00,0.0,0.0,0.0,0.3687108791699814,0.525,6.183097645000089,1.0,0.078125,0.0,0.09375,0.0,0.3333333333333333,3.090011221996974,0.6701459176788124,0.0,0.0,0.0,10.256527115998324,0.08333333333333333,0.0,0.0,0.0,0.0,0.0,,,,,,,,,,,,,,,,,,,6.179309723956976,19120.0,3.0896042229724117,0.22987569311429315,0.0,multiclass,cic-malmem,quantum,,1.0,balanced,qsvm,,4,0.5,4,iqp,,,,,,,,,qsvm-multiclass-nc4
FINISHED,2026-07-14 12:32:51.460000+00:00,2026-07-14 12:32:51.835000+00:00,0.0,0.0,0.0,0.3833314672573412,0.525,4.8241532649844885,0.975609756097561,0.06369047619047619,0.125,0.125,0.0,0.0,2.3152967949863523,0.6990646086369771,0.0,0.0,0.0,10.211553902016021,0.06878810975609756,0.0,0.0,0.0,0.0,0.0,,,,,,,,,,,,,,,,,,,4.819962022011168,19120.0,2.314886494015809,0.16915674747978102,0.0,multiclass,cic-malmem,quantum,,1.0,balanced,qsvm,,4,0.5,4,angle,,,,,,,,,qsvm-multiclass-nc4
FINISHED,2026-07-14 12:33:11.973000+00:00,2026-07-14 12:33:12.235000+00:00,0.0,0.0,0.0,0.3636694259961752,0.525,6.0674000680446625,0.975609756097561,0.06577380952380953,0.18181818181818182,0.125,0.0,0.0,3.1964218569919467,0.5605617408906882,0.0,0.0,0.0,10.848300616955385,0.07233924611973393,0.0,0.0,0.0,0.0,0.0,,,,,,,,,,,,,,,,,,,6.063887880998664,19120.0,3.1960409579914995,0.21516863496077065,0.0,multiclass,cic-malmem,quantum,,10.0,None,qsvm,,4,0.5,4,iqp,,,,,,,,,qsvm-multiclass-nc4
FINISHED,2026-07-14 12:33:29.551000+00:00,2026-07-14 12:33:29.816000+00:00,0.0,0.0,0.0,0.39171033754979145,0.55,4.7630964769632556,1.0,0.14583333333333334,0.0,0.15625,0.0,0.5,2.3057278859778307,0.619770580296896,0.0,0.0,0.0,10.21716587600531,0.13541666666666666,0.0,0.0,0.6666666666666666,0.0,0.0,,,,,,,,,,,,,,,,,,,4.758746333012823,19120.0,2.305164768011309,0.1690950162362337,0.0,multiclass,cic-malmem,quantum,,10.0,balanced,qsvm,,4,0.5,4,angle,,,,,,,,,qsvm-multiclass-nc4
FINISHED,2026-07-14 12:33:33.413000+00:00,2026-07-14 12:34:46.481000+00:00,,,,,,,,,,,,,,,,,,,,,,,,,0.12237056054771074,4.612909848339651,0.54,0.11794642857142859,0.7473431806680162,0.02077378418331854,0.16125,0.03233882610788897,13.534109506802633,0.030973779233409666,0.08229447060730308,0.026044250893325138,0.3799510112265542,0.025495097567963917,0.030868091832143445,0.03619447192185813,0.09706243457279455,0.5724810331943445,,,,,,multiclass,cic-malmem,classical,,,,random_forest,-1,4,,,,,,,,,,,,random_forest-multiclass-nc4
FINISHED,2026-07-14 12:33:56.979000+00:00,2026-07-14 12:33:57.281000+00:00,0.6666666666666666,0.0,0.0,0.342610143631162,0.5,0.64114022400463,0.9473684210526315,0.109375,0.0,0.15,0.0,0.0,0.0886780809960328,0.6890052505060729,0.0,0.0,0.0,22.679208335990552,0.12171052631578946,0.0,0.0,0.3333333333333333,0.0,0.0,,,,,,,,,,,,,,,,,,,,,,,0.0,multiclass,cic-malmem,classical,,,,random_forest,-1,4,,,,,,400,,,30,1,None,random_forest-multiclass-nc4
FINISHED,2026-07-14 12:34:09.046000+00:00,2026-07-14 12:34:09.327000+00:00,0.6666666666666666,0.0,0.0,0.39605193380875503,0.55,0.5073899590061046,1.0,0.1375,0.0,0.15625,0.0,0.0,0.07028938602888957,0.7833375506072874,0.0,0.0,0.0,11.101764974999242,0.125,0.0,0.0,0.3333333333333333,0.0,0.0,,,,,,,,,,,,,,,,,,,,,,,0.0,multiclass,cic-malmem,classical,,,,random_forest,-1,4,,,,,,300,,,12,7,None,random_forest-multiclass-nc4
FINISHED,2026-07-14 12:34:20.067000+00:00,2026-07-14 12:34:20.466000+00:00,0.0,0.4,0.0,0.3472374844020596,0.525,0.4136620470089838,0.975609756097561,0.07514880952380952,0.0,0.125,0.0,0.0,0.048216363007668406,0.7758968033063428,0.0,0.0,0.0,10.207991704985034,0.08597560975609755,0.0,0.0,0.0,0.0,0.0,,,,,,,,,,,,,,,,,,,,,,,0.0,multiclass,cic-malmem,classical,,,,random_forest,-1,4,,,,,,250,,,6,7,None,random_forest-multiclass-nc4
FINISHED,2026-07-14 12:34:32.985000+00:00,2026-07-14 12:34:33.284000+00:00,0.0,0.0,0.0,0.42402967637935574,0.575,0.6291331279790029,1.0,0.16875,0.3333333333333333,0.21875,0.0,0.0,0.09871408698381856,0.721691548582996,0.0,0.0,0.0,11.686129015055485,0.16666666666666666,0.0,0.0,0.6666666666666666,0.0,0.0,,,,,,,,,,,,,,,,,,,,,,,0.6666666666666666,multiclass,cic-malmem,classical,,,,random_forest,-1,4,,,,,,400,,,30,1,None,random_forest-multiclass-nc4
FINISHED,2026-07-14 12:34:46.193000+00:00,2026-07-14 12:34:46.466000+00:00,0.4,0.0,0.0,0.38982581791143867,0.55,0.6710798079730012,1.0,0.09895833333333333,0.0,0.15625,0.0,0.0,0.10557443602010608,0.7667847503373819,0.0,0.0,0.0,11.995453502982855,0.11249999999999999,0.0,0.0,0.4,0.0,0.0,,,,,,,,,,,,,,,,,,,,,,,0.0,multiclass,cic-malmem,classical,,,,random_forest,-1,4,,,,,,450,,,4,5,log2,random_forest-multiclass-nc4
FINISHED,2026-07-14 12:34:46.490000+00:00,2026-07-14 12:35:46.067000+00:00,,,,,,,,,,,,,,,,,,,,,,,,,0.11211270436880194,1.2084864371275077,0.53,0.10181006493506492,0.777868842780027,0.015347196752349813,0.143125,0.026925844154312963,9.285941525397357,0.04703721930556695,0.013030128995887935,0.030960449536022797,0.3588729607600188,0.024494897427831803,0.03218934397940341,0.019409703416528402,1.2184603584042462,2.1266335322055965,,,,,,multiclass,cic-malmem,classical,,,,xgboost,-1,4,,,,,,,,,,,,xgboost-multiclass-nc4
FINISHED,2026-07-14 12:34:59.831000+00:00,2026-07-14 12:35:00.241000+00:00,0.5,0.0,0.0,0.33334304570155066,0.5,2.3807637779973447,0.9743589743589743,0.08333333333333333,0.0,0.121875,0.0,0.0,0.043604406993836164,0.7456589490553307,0.0,0.0,0.0,10.823746272013523,0.0921474358974359,0.0,0.0,0.0,0.0,0.0,,,,,,,,,,,,,,,,,,,,,,,0.0,multiclass,cic-malmem,classical,,,,xgboost,-1,4,,,,0.8561711433906498,0.2517670852736088,350,0.7285215586937737,,8,,,xgboost-multiclass-nc4
FINISHED,2026-07-14 12:35:08.872000+00:00,2026-07-14 12:35:09.271000+00:00,0.0,0.0,0.0,0.3890329906852544,0.55,0.508951842028182,1.0,0.125,0.0,0.15625,0.0,0.0,0.003215499978978187,0.7882506747638327,0.0,0.0,0.0,8.066024839004967,0.13541666666666666,0.0,0.0,0.6666666666666666,0.0,0.5,,,,,,,,,,,,,,,,,,,,,,,0.0,multiclass,cic-malmem,classical,,,,xgboost,-1,4,,,,0.7829248563162574,0.12000850517688483,200,0.7097939893129923,,3,,,xgboost-multiclass-nc4
FINISHED,2026-07-14 12:35:19.270000+00:00,2026-07-14 12:35:19.803000+00:00,0.0,0.0,0.0,0.3092440268329659,0.5,2.2554010979947634,0.975609756097561,0.05952380952380952,0.0,0.0625,0.0,0.0,0.005865603045094758,0.7739990300269906,0.0,0.0,0.0,7.68726280197734,0.06097560975609756,0.0,0.0,0.0,0.0,0.0,,,,,,,,,,,,,,,,,,,,,,,0.0,multiclass,cic-malmem,classical,,,,xgboost,-1,4,,,,0.6739417822102108,0.01942099825171803,450,0.8186841117373118,,6,,,xgboost-multiclass-nc4
FINISHED,2026-07-14 12:35:30.929000+00:00,2026-07-14 12:35:31.319000+00:00,0.0,0.0,0.0,0.3898543340955588,0.55,1.3363988709752448,1.0,0.109375,0.4,0.1875,0.0,0.0,0.005044142948463559,0.8047402159244263,0.0,0.0,0.0,9.735063282016199,0.12916666666666665,0.0,0.0,0.6666666666666666,0.0,0.0,,,,,,,,,,,,,,,,,,,,,,,0.0,multiclass,cic-malmem,classical,,,,xgboost,-1,4,,,,0.9985741052109981,0.25804925418926067,600,0.6134964670082522,,10,,,xgboost-multiclass-nc4
FINISHED,2026-07-14 12:35:45.655000+00:00,2026-07-14 12:35:46.049000+00:00,1.0,0.0,0.0,0.37289040648476407,0.55,4.151652072032448,0.9523809523809523,0.1318181818181818,0.0,0.1875,0.0,0.3333333333333333,0.007420992013067007,0.7766953441295547,0.0,0.0,0.0,10.117610431974754,0.14285714285714285,0.0,0.0,0.0,0.0,0.0,,,,,,,,,,,,,,,,,,,,,,,0.0,multiclass,cic-malmem,classical,,,,xgboost,-1,4,,,,0.9379254196842401,0.006789161169781536,550,0.9005407224648145,,9,,,xgboost-multiclass-nc4
FINISHED,2026-07-14 12:35:46.078000+00:00,2026-07-14 12:37:14.525000+00:00,,,,,,,,,,,,,,,,,,,,,,,,,0.09208020050125314,3.1127856312681166,0.51,0.08740530303030303,0.7056034919028342,0.0007277349527343107,0.10500000000000001,0.021237471324197177,12.811147056613118,0.024173849507267146,0.0033735546050593255,0.01988519255714297,0.33547727910296077,0.020000000000000018,0.018012599090472033,0.05134009948129529,2.9238928058032796,4.34613953899825,,,,,,multiclass,cic-malmem,classical,,,,lightgbm,-1,4,,,,,,,,,,,,lightgbm-multiclass-nc4
FINISHED,2026-07-14 12:36:04.146000+00:00,2026-07-14 12:36:04.629000+00:00,0.0,0.0,0.0,0.30943767567919694,0.475,3.691712319967337,0.9473684210526315,0.125,0.0,0.11875,0.0,0.0,0.003775318036787212,0.6385992324561405,0.0,0.0,0.0,14.308913559070788,0.12171052631578946,0.0,1.0,0.0,0.0,0.0,,,,,,,,,,,,,,,,,,,,,,,0.0,multiclass,cic-malmem,classical,,,,lightgbm,-1,4,,,,0.9131275781325293,0.0010242236081009085,250,0.9289856202403853,139,,,,lightgbm-multiclass-nc4
FINISHED,2026-07-14 12:36:16.273000+00:00,2026-07-14 12:36:16.706000+00:00,0.0,0.0,0.0,0.3241345492611741,0.5,1.2377171609550714,1.0,0.0625,0.0,0.0625,0.0,0.0,0.002302163979038596,0.7554613697705803,0.0,0.0,0.0,10.36038513702806,0.0625,0.0,0.0,0.0,0.0,0.0,,,,,,,,,,,,,,,,,,,,,,,0.0,multiclass,cic-malmem,classical,,,,lightgbm,-1,4,,,,0.7256740055665102,0.0023734414172033136,100,0.9989954176547741,127,,,,lightgbm-multiclass-nc4
FINISHED,2026-07-14 12:36:41.520000+00:00,2026-07-14 12:36:42.105000+00:00,0.0,0.0,0.0,0.33271071957279214,0.525,6.5075172550277784,0.9523809523809523,0.07765151515151515,0.0,0.09375,0.4,0.0,0.0037586790276691318,0.69029963731444,0.0,0.0,0.0,18.25356323097367,0.08452380952380953,0.0,0.0,0.0,0.0,0.0,,,,,,,,,,,,,,,,,,,,,,,0.0,multiclass,cic-malmem,classical,,,,lightgbm,-1,4,,,,0.8300588472973652,0.0031207702848891823,400,0.7625997932177838,116,,,,lightgbm-multiclass-nc4
FINISHED,2026-07-14 12:36:54.714000+00:00,2026-07-14 12:36:55.135000+00:00,0.0,0.0,0.0,0.35456950474033166,0.525,1.493023312999867,1.0,0.09375,0.6666666666666666,0.125,0.0,0.0,0.0027575489948503673,0.7739962887989205,0.0,0.0,0.0,11.06658178998623,0.10416666666666666,0.0,0.0,0.0,0.0,0.0,,,,,,,,,,,,,,,,,,,,,,,0.0,multiclass,cic-malmem,classical,,,,lightgbm,-1,4,,,,0.9617237327737289,0.24767936012947836,300,0.9787847505560598,17,,,,lightgbm-multiclass-nc4
FINISHED,2026-07-14 12:37:14.056000+00:00,2026-07-14 12:37:14.506000+00:00,0.0,0.0,0.0,0.3565339462613092,0.525,8.800727646041196,1.0,0.078125,0.0,0.125,0.0,0.4,0.004274062986951321,0.6696609311740891,0.0,0.0,0.0,10.06629156600684,0.0875,0.0,0.0,0.0,0.0,0.0,,,,,,,,,,,,,,,,,,,,,,,0.0,multiclass,cic-malmem,classical,,,,lightgbm,-1,4,,,,0.897463666073098,0.001943883648918169,450,0.7142545657157001,166,,,,lightgbm-multiclass-nc4
FINISHED,2026-07-14 12:37:14.538000+00:00,2026-07-14 12:37:18.187000+00:00,,,,,,,,,,,,,,,,,,,,,,,,,0.10061314363143632,0.08426211985021487,0.53,0.09791666666666667,0.5800025725371121,3.63728220990979e-05,0.1125,0.03226662678498688,0.37336197281256317,0.0375,0.0003338887821882963,0.028742801537301285,0.35574041566097375,0.018708286933869726,0.028348884331753723,0.06398510990294885,0.0008918981536140656,0.0033384115900844335,,,,,,multiclass,cic-malmem,classical,,,,svm,-1,4,,,,,,,,,,,,svm-multiclass-nc4
FINISHED,2026-07-14 12:37:15.133000+00:00,2026-07-14 12:37:15.457000+00:00,0.0,0.0,0.0,0.34213437246297645,0.525,0.005069823004305363,0.975609756097561,0.08035714285714285,0.0,0.09375,0.0,0.0,0.0004024669760838151,0.5176195597165992,0.0,0.0,0.0,0.5418098940281197,0.08597560975609755,0.0,0.0,0.4,0.0,0.0,,,,,,,,,,,,,,,,,,,,,,,0.0,multiclass,cic-malmem,classical,0.7736740272251655,39.69452892204033,balanced,svm,-1,4,,,,,,,,,,,,svm-multiclass-nc4
FINISHED,2026-07-14 12:37:15.825000+00:00,2026-07-14 12:37:16.116000+00:00,0.0,0.0,0.0,0.35690981407719147,0.525,0.0030578619916923344,1.0,0.09375,0.0,0.09375,0.0,0.0,0.00033165799686685205,0.6274460188933872,0.0,0.0,0.0,0.33575852401554585,0.09375,0.0,0.0,0.0,0.0,0.5,,,,,,,,,,,,,,,,,,,,,,,0.0,multiclass,cic-malmem,classical,0.010110667966085687,92.86442485220903,balanced,svm,-1,4,,,,,,,,,,,,svm-multiclass-nc4
FINISHED,2026-07-14 12:37:16.479000+00:00,2026-07-14 12:37:16.769000+00:00,0.0,0.6666666666666666,0.0,0.38058305564853667,0.55,0.003196897974703461,0.975609756097561,0.09970238095238095,0.0,0.15625,0.0,0.0,0.0003288029693067074,0.6309431933198381,0.2222222222222222,0.0,0.0,0.33117996103828773,0.11653116531165311,0.0,0.0,0.0,0.0,0.0,,,,,,,,,,,,,,,,,,,,,,,0.0,multiclass,cic-malmem,classical,0.08844800706052124,8.403971380229027,balanced,svm,-1,4,,,,,,,,,,,,svm-multiclass-nc4
FINISHED,2026-07-14 12:37:17.133000+00:00,2026-07-14 12:37:17.538000+00:00,0.0,0.0,0.0,0.3099287498777487,0.5,0.002792585000861436,0.975609756097561,0.05952380952380952,0.0,0.0625,0.0,0.0,0.0003047760110348463,0.48755419197031036,0.0,0.0,0.0,0.3300218539661728,0.06097560975609756,0.0,0.0,0.0,0.0,0.0,,,,,,,,,,,,,,,,,,,,,,,0.0,multiclass,cic-malmem,classical,0.007407477256937409,97.69563095130165,balanced,svm,-1,4,,,,,,,,,,,,svm-multiclass-nc4
FINISHED,2026-07-14 12:37:17.899000+00:00,2026-07-14 12:37:18.168000+00:00,0.0,0.0,0.0,0.3891460862384156,0.55,0.0025748899788595736,1.0,0.15625,0.0,0.15625,0.0,0.6666666666666666,0.00030173995764926076,0.6364498987854251,0.0,0.0,0.0,0.3280396310146898,0.14583333333333331,0.0,0.0,0.6666666666666666,0.0,0.0,,,,,,,,,,,,,,,,,,,,,,,0.0,multiclass,cic-malmem,classical,0.00914426248761756,17.87001021435803,balanced,svm,-1,4,,,,,,,,,,,,svm-multiclass-nc4
FINISHED,2026-07-14 12:37:23.297000+00:00,2026-07-14 12:39:26.785000+00:00,,,,,,,,,,,,,,,,,,,,,,,,,0.08659337115412966,0.07073392773743448,0.515,0.0829782196969697,0.6361790232793523,0.9220062236800252,0.12312500000000001,0.03386227122739873,13.742772817402146,0.0512195031213697,3.5875248142052443,0.03532103799986479,0.371952799210346,0.025495097567963948,0.03675571107693406,0.05270617070218316,1.809407311856327,7.039321548794396,,,,,,multiclass,cic-malmem,quantum,,,,qsvm,,5,,,,,,,,,,,,qsvm-multiclass-nc5
FINISHED,2026-07-14 12:37:45.536000+00:00,2026-07-14 12:37:45.819000+00:00,0.0,0.0,0.0,0.3484174345107469,0.475,5.533055036969017,0.9473684210526315,0.06640625,0.0,0.11875,0.0,0.0,2.8582773450179957,0.5920630904183536,0.0,0.0,0.0,13.797414155036677,0.06656346749226005,0.0,0.0,0.0,0.11764705882352941,0.0,,,,,,,,,,,,,,,,,,,5.529278667003382,19120.0,2.857921137008816,0.1552683538980338,0.0,multiclass,cic-malmem,quantum,,10.0,None,qsvm,,5,0.4472135954999579,5,angle,,,,,,,,,qsvm-multiclass-nc5
FINISHED,2026-07-14 12:38:13.352000+00:00,2026-07-14 12:38:13.726000+00:00,0.0,0.0,0.0,0.3332266739777203,0.5,8.885559987043962,1.0,0.0625,0.0,0.0625,0.0,0.0,4.867797359009273,0.672528677462888,0.0,0.0,0.0,13.746770016965456,0.0625,0.0,0.0,0.0,0.0,0.0,,,,,,,,,,,,,,,,,,,8.881956555997021,19120.0,4.867258041980676,0.20000455570854922,0.0,multiclass,cic-malmem,quantum,,10.0,None,qsvm,,5,0.4472135954999579,5,iqp,,,,,,,,,qsvm-multiclass-nc5
FINISHED,2026-07-14 12:38:35.998000+00:00,2026-07-14 12:38:36.267000+00:00,0.0,0.0,0.0,0.37378817827427635,0.525,5.621985964011401,0.9523809523809523,0.06098484848484848,0.125,0.125,0.0,0.0,2.863072687003296,0.7137265941295546,0.0,0.0,0.0,13.76140444300836,0.06733630952380952,0.0,0.0,0.0,0.0,0.0,,,,,,,,,,,,,,,,,,,5.618170469999313,19120.0,2.862704759987537,0.15651166238031827,0.0,multiclass,cic-malmem,quantum,,10.0,None,qsvm,,5,0.4472135954999579,5,angle,,,,,,,,,qsvm-multiclass-nc5
FINISHED,2026-07-14 12:38:58.266000+00:00,2026-07-14 12:38:58.532000+00:00,0.0,0.0,0.0,0.36426955361697155,0.525,5.565151850983966,1.0,0.075,0.0,0.09375,0.0,0.0,2.7968249919940718,0.5683198380566802,0.0,0.0,0.0,13.607488078007009,0.08035714285714285,0.0,0.0,0.0,0.0,0.0,,,,,,,,,,,,,,,,,,,5.560961485025473,19120.0,2.796467324020341,0.14825854146064724,0.2857142857142857,multiclass,cic-malmem,quantum,,10.0,balanced,qsvm,,5,0.4472135954999579,5,angle,,,,,,,,,qsvm-multiclass-nc5
FINISHED,2026-07-14 12:39:26.501000+00:00,2026-07-14 12:39:26.766000+00:00,0.0,0.0,0.0,0.44006215567201507,0.55,9.590854904963635,0.9743589743589743,0.15000000000000002,0.0,0.215625,0.4,0.0,4.551651688001584,0.6342569163292848,0.0,1.0,0.0,13.800787393993232,0.1562099358974359,0.0,0.0,0.0,0.125,0.0,,,,,,,,,,,,,,,,,,,9.586649183009285,19120.0,4.5512074420112185,0.1921727141648377,0.0,multiclass,cic-malmem,quantum,,1.0,balanced,qsvm,,5,0.4472135954999579,5,iqp,,,,,,,,,qsvm-multiclass-nc5
FINISHED,2026-07-14 12:39:30.337000+00:00,2026-07-14 12:40:40.862000+00:00,,,,,,,,,,,,,,,,,,,,,,,,,0.11737056054771074,5.4066395639146965,0.5349999999999999,0.11023809523809525,0.7277626518218623,0.0329999607148124,0.14875,0.033848380588747895,12.897865292790812,0.02143303524935281,0.09631697359727695,0.029047308782617683,0.37219967351743366,0.012247448713915901,0.012152009958153846,0.04111204774165094,0.2109345253027984,0.6466418160009197,,,,,,multiclass,cic-malmem,classical,,,,random_forest,-1,5,,,,,,,,,,,,random_forest-multiclass-nc5
FINISHED,2026-07-14 12:39:54.616000+00:00,2026-07-14 12:39:54.910000+00:00,0.6666666666666666,0.0,0.0,0.3771794371116698,0.525,0.837492969003506,0.9473684210526315,0.14583333333333331,0.5,0.18125,0.0,0.0,0.11888563202228397,0.7286892712550607,0.0,0.0,0.0,23.14330754301045,0.15712719298245614,0.0,0.0,0.4,0.0,0.0,,,,,,,,,,,,,,,,,,,,,,,0.0,multiclass,cic-malmem,classical,,,,random_forest,-1,5,,,,,,550,,,10,2,None,random_forest-multiclass-nc5
FINISHED,2026-07-14 12:40:06.371000+00:00,2026-07-14 12:40:06.646000+00:00,0.0,0.0,0.0,0.3632119572864566,0.525,0.7790430809836835,1.0,0.075,0.0,0.125,0.0,0.0,0.10934811498736963,0.7724148110661269,0.0,0.0,0.0,10.446607764984947,0.08333333333333333,0.0,0.0,0.3333333333333333,0.0,0.0,,,,,,,,,,,,,,,,,,,,,,,0.0,multiclass,cic-malmem,classical,,,,random_forest,-1,5,,,,,,500,,,4,7,None,random_forest-multiclass-nc5
FINISHED,2026-07-14 12:40:16.937000+00:00,2026-07-14 12:40:17.428000+00:00,0.0,0.4,0.0,0.3807978374505204,0.55,0.5935304680024274,0.975609756097561,0.09077380952380952,0.0,0.15625,0.0,0.0,0.09052050102036446,0.7707641700404859,0.3333333333333333,0.0,0.0,9.493200958007947,0.1068089430894309,0.0,0.0,0.0,0.0,0.0,,,,,,,,,,,,,,,,,,,,,,,0.0,multiclass,cic-malmem,classical,,,,random_forest,-1,5,,,,,,300,,,12,7,None,random_forest-multiclass-nc5
FINISHED,2026-07-14 12:40:31.824000+00:00,2026-07-14 12:40:32.093000+00:00,0.0,0.0,0.0,0.35334684763488805,0.525,0.7657402190379798,1.0,0.08333333333333333,0.5,0.125,0.0,0.0,0.12771927198627964,0.7019652496626181,0.0,0.0,0.0,13.344631423940882,0.09375,0.0,0.0,0.0,0.0,0.0,,,,,,,,,,,,,,,,,,,,,,,0.0,multiclass,cic-malmem,classical,,,,random_forest,-1,5,,,,,,500,,,22,1,log2,random_forest-multiclass-nc5
FINISHED,2026-07-14 12:40:40.513000+00:00,2026-07-14 12:40:40.844000+00:00,0.6666666666666666,0.0,0.0,0.38646228810363376,0.55,0.25740234297700226,1.0,0.15625,0.0,0.15625,0.0,0.0,0.03511134797008708,0.6649797570850202,0.0,0.0,0.0,8.061578774009831,0.14583333333333331,0.0,0.0,0.6666666666666666,0.0,0.0,,,,,,,,,,,,,,,,,,,,,,,0.0,multiclass,cic-malmem,classical,,,,random_forest,-1,5,,,,,,150,,,13,4,sqrt,random_forest-multiclass-nc5
FINISHED,2026-07-14 12:40:40.872000+00:00,2026-07-14 12:41:47.649000+00:00,,,,,,,,,,,,,,,,,,,,,,,,,0.14050885842005117,1.9261608538428925,0.5399999999999999,0.1326223544973545,0.7737742914979757,0.006862782051495234,0.17375000000000002,0.014663069070737547,10.724698980594985,0.04650268809434569,0.011679692997131497,0.014710910686778633,0.36542393226039077,0.01999999999999998,0.03448935885965177,0.015177474595147856,1.366595990678874,2.120298934204038,,,,,,multiclass,cic-malmem,classical,,,,xgboost,-1,5,,,,,,,,,,,,xgboost-multiclass-nc5
FINISHED,2026-07-14 12:40:58.879000+00:00,2026-07-14 12:40:59.278000+00:00,0.5,0.0,0.0,0.37665147071386906,0.525,4.711153607000597,0.9473684210526315,0.16145833333333331,0.6666666666666666,0.18125,0.0,0.0,0.00630828901194036,0.7493625590418354,0.0,0.0,0.0,13.227820791013073,0.15296052631578946,0.0,0.0,0.3333333333333333,0.0,0.0,,,,,,,,,,,,,,,,,,,,,,,0.0,multiclass,cic-malmem,classical,,,,xgboost,-1,5,,,,0.6014745103078235,0.04691216104791406,550,0.9120761149913955,,10,,,xgboost-multiclass-nc5
FINISHED,2026-07-14 12:41:11.575000+00:00,2026-07-14 12:41:11.965000+00:00,0.0,0.0,0.0,0.42599976904481596,0.575,1.6190210090135224,1.0,0.13020833333333331,0.0,0.25,0.6666666666666666,0.0,0.005840294994413853,0.7970015182186234,0.5,0.0,0.0,10.622886867960915,0.16041666666666665,0.0,0.0,0.4,0.0,0.0,,,,,,,,,,,,,,,,,,,,,,,0.0,multiclass,cic-malmem,classical,,,,xgboost,-1,5,,,,0.8723429293063323,0.2461836147383405,550,0.6741038957536337,,5,,,xgboost-multiclass-nc5
FINISHED,2026-07-14 12:41:25.825000+00:00,2026-07-14 12:41:26.368000+00:00,0.0,1.0,0.0,0.3430528556524246,0.525,1.9757625259808265,0.975609756097561,0.12202380952380952,0.0,0.125,0.0,0.0,0.006127692002337426,0.7734183114035087,0.0,0.0,0.0,11.824669483990874,0.12347560975609756,0.0,0.0,0.0,0.0,0.0,,,,,,,,,,,,,,,,,,,,,,,0.0,multiclass,cic-malmem,classical,,,,xgboost,-1,5,,,,0.6083933179419427,0.01919733178920577,600,0.6071847502459279,,9,,,xgboost-multiclass-nc5
FINISHED,2026-07-14 12:41:34.531000+00:00,2026-07-14 12:41:34.939000+00:00,0.0,0.0,0.0,0.32604748607986705,0.55,0.6673447000212036,0.851063829787234,0.1244212962962963,0.4,0.1875,0.0,0.0,0.019280761014670134,0.777285762483131,0.0,0.0,0.0,7.403218812018167,0.14069148936170212,0.0,0.0,1.0,0.0,0.0,,,,,,,,,,,,,,,,,,,,,,,0.0,multiclass,cic-malmem,classical,,,,xgboost,-1,5,,,,0.7164916560792167,0.0199473547030745,200,0.7727780074568463,,6,,,xgboost-multiclass-nc5
FINISHED,2026-07-14 12:41:47.209000+00:00,2026-07-14 12:41:47.626000+00:00,1.0,0.0,0.0,0.3553680798109773,0.525,1.6282128290040419,1.0,0.125,0.0,0.125,0.0,0.0,0.02084142796229571,0.77180330634278,0.0,0.0,0.0,10.544898947991896,0.125,0.0,0.0,0.0,0.0,0.0,,,,,,,,,,,,,,,,,,,,,,,0.0,multiclass,cic-malmem,classical,,,,xgboost,-1,5,,,,0.7518416973680894,0.02286387406565945,250,0.7406864506036903,,7,,,xgboost-multiclass-nc5
FINISHED,2026-07-14 12:41:47.661000+00:00,2026-07-14 12:43:19.025000+00:00,,,,,,,,,,,,,,,,,,,,,,,,,0.12791353383458645,1.841599640635952,0.5249999999999999,0.12594696969696967,0.7415106697031039,0.0005894039399143609,0.14250000000000002,0.023411419909640064,12.82241767939413,0.03820176697484032,0.003910812980029732,0.02072377300943131,0.3570605411718436,0.031622776601683784,0.0370896392214609,0.04283066125310022,2.2810016310651395,4.901508516003378,,,,,,multiclass,cic-malmem,classical,,,,lightgbm,-1,5,,,,,,,,,,,,lightgbm-multiclass-nc5
FINISHED,2026-07-14 12:42:03.141000+00:00,2026-07-14 12:42:03.586000+00:00,0.0,0.0,0.0,0.3157967560429553,0.475,3.596779557003174,0.9473684210526315,0.125,0.0,0.11875,0.0,0.0,0.003062416973989457,0.6736561656545209,0.0,0.0,0.0,11.81730943202274,0.12171052631578946,0.0,1.0,0.0,0.0,0.0,,,,,,,,,,,,,,,,,,,,,,,0.0,multiclass,cic-malmem,classical,,,,lightgbm,-1,5,,,,0.900842158996451,0.001081575658970729,250,0.9976938444308349,149,,,,lightgbm-multiclass-nc5
FINISHED,2026-07-14 12:42:22.402000+00:00,2026-07-14 12:42:22.921000+00:00,0.6666666666666666,0.0,0.0,0.425263381685176,0.575,3.6747811639797874,1.0,0.16666666666666666,0.0,0.21875,0.0,0.0,0.004024141991976649,0.8005229419703104,0.5,0.0,0.0,15.086323815979995,0.16666666666666666,0.0,0.0,0.5,0.0,0.0,,,,,,,,,,,,,,,,,,,,,,,0.0,multiclass,cic-malmem,classical,,,,lightgbm,-1,5,,,,0.7283400714479269,0.05243335738651049,200,0.6740208541703203,196,,,,lightgbm-multiclass-nc5
FINISHED,2026-07-14 12:42:45.289000+00:00,2026-07-14 12:42:45.898000+00:00,0.0,1.0,0.0,0.3345308670616903,0.525,7.2893700649729,0.9523809523809523,0.11931818181818182,0.0,0.125,0.0,0.0,0.004466209968086332,0.7300215080971659,0.0,0.0,0.0,15.01898340502521,0.12202380952380952,0.0,0.0,0.0,0.0,0.0,,,,,,,,,,,,,,,,,,,,,,,0.0,multiclass,cic-malmem,classical,,,,lightgbm,-1,5,,,,0.7824279936868144,0.005292705365436975,400,0.7465447373174767,48,,,,lightgbm-multiclass-nc5
FINISHED,2026-07-14 12:42:58.977000+00:00,2026-07-14 12:42:59.403000+00:00,0.0,0.0,0.0,0.3566685465268308,0.525,2.0496547510265373,1.0,0.09375,0.6666666666666666,0.125,0.0,0.0,0.003417656000237912,0.7710020242914979,0.0,0.0,0.0,10.977982380951289,0.10416666666666666,0.0,0.0,0.0,0.0,0.0,,,,,,,,,,,,,,,,,,,,,,,0.0,multiclass,cic-malmem,classical,,,,lightgbm,-1,5,,,,0.8875197339144492,0.25678536010614766,600,0.6237080901178704,17,,,,lightgbm-multiclass-nc5
FINISHED,2026-07-14 12:43:18.569000+00:00,2026-07-14 12:43:19.005000+00:00,1.0,0.0,0.0,0.35304315454256563,0.525,7.89695704303449,1.0,0.125,0.0,0.125,0.0,0.0,0.0045836399658583105,0.7323507085020242,0.0,0.0,0.0,11.211489362991415,0.125,0.0,0.0,0.0,0.0,0.0,,,,,,,,,,,,,,,,,,,,,,,0.0,multiclass,cic-malmem,classical,,,,lightgbm,-1,5,,,,0.6739417822102108,0.01942099825171803,450,0.8186841117373118,90,,,,lightgbm-multiclass-nc5
FINISHED,2026-07-14 12:43:19.036000+00:00,2026-07-14 12:43:22.713000+00:00,,,,,,,,,,,,,,,,,,,,,,,,,0.11824129799739555,0.08306712367840217,0.5450000000000002,0.1099404761904762,0.5924695934547909,3.945505091277732e-05,0.14375,0.02712980053552745,0.3745703096035868,0.046770717334674264,0.00033332419116050005,0.029517817425780947,0.37424226215470824,0.018708286933869687,0.035142828724962966,0.04860838581910824,0.0009507629539753144,0.0033211580011993647,,,,,,multiclass,cic-malmem,classical,,,,svm,-1,5,,,,,,,,,,,,svm-multiclass-nc5
FINISHED,2026-07-14 12:43:19.629000+00:00,2026-07-14 12:43:19.949000+00:00,0.0,0.0,0.0,0.3127940611549908,0.525,0.005187398986890912,0.9090909090909091,0.08333333333333334,0.0,0.09375,0.0,0.0,0.00041184097062796354,0.5004763410931174,0.0,0.0,0.0,0.540683577011805,0.08806818181818182,0.0,0.0,0.0,0.0,0.5,,,,,,,,,,,,,,,,,,,,,,,0.0,multiclass,cic-malmem,classical,1.6592067603406628,40.15669578794885,balanced,svm,-1,5,,,,,,,,,,,,svm-multiclass-nc5
FINISHED,2026-07-14 12:43:20.316000+00:00,2026-07-14 12:43:20.618000+00:00,0.0,0.0,0.0,0.39053175308446314,0.55,0.003158445004373789,1.0,0.11458333333333333,0.0,0.15625,0.6666666666666666,0.0,0.0003169929841533303,0.6367029352226721,0.0,0.0,0.0,0.334717430989258,0.12916666666666665,0.0,0.0,0.0,0.0,0.4,,,,,,,,,,,,,,,,,,,,,,,0.0,multiclass,cic-malmem,classical,0.013783028726634557,97.4807304964078,balanced,svm,-1,5,,,,,,,,,,,,svm-multiclass-nc5
FINISHED,2026-07-14 12:43:20.983000+00:00,2026-07-14 12:43:21.273000+00:00,0.0,0.6666666666666666,0.0,0.41633319989322654,0.575,0.0028729370096698403,0.975609756097561,0.13095238095238093,0.6666666666666666,0.21875,0.0,0.0,0.0003170369891449809,0.6215165317139002,0.2222222222222222,0.0,0.0,0.3342900410061702,0.15819783197831977,0.0,0.0,0.0,0.0,0.0,,,,,,,,,,,,,,,,,,,,,,,0.0,multiclass,cic-malmem,classical,0.03057925975499065,12.615884460108074,balanced,svm,-1,5,,,,,,,,,,,,svm-multiclass-nc5
FINISHED,2026-07-14 12:43:21.638000+00:00,2026-07-14 12:43:22.046000+00:00,0.0,0.0,0.0,0.36240621040244514,0.525,0.002797476015985012,1.0,0.075,0.0,0.09375,0.0,0.0,0.00031445600325241685,0.588119939271255,0.0,0.0,0.0,0.33138651598710567,0.08035714285714285,0.0,0.0,0.0,0.0,0.0,,,,,,,,,,,,,,,,,,,,,,,0.2857142857142857,multiclass,cic-malmem,classical,0.0017904703596960932,35.092247138920975,balanced,svm,-1,5,,,,,,,,,,,,svm-multiclass-nc5
FINISHED,2026-07-14 12:43:22.408000+00:00,2026-07-14 12:43:22.694000+00:00,0.0,0.0,0.0,0.3891460862384156,0.55,0.00258953298907727,1.0,0.14583333333333334,0.0,0.15625,0.0,0.5,0.0003062940086238086,0.6155322199730094,0.0,0.0,0.0,0.33177398302359506,0.13541666666666666,0.0,0.0,0.6666666666666666,0.0,0.0,,,,,,,,,,,,,,,,,,,,,,,0.0,multiclass,cic-malmem,classical,0.024682268682370608,7.091744083204272,balanced,svm,-1,5,,,,,,,,,,,,svm-multiclass-nc5
FINISHED,2026-07-14 12:43:28.445000+00:00,2026-07-14 12:46:15.804000+00:00,,,,,,,,,,,,,,,,,,,,,,,,,0.07990719058434077,0.09449099853631109,0.5149999999999999,0.07548534798534798,0.63708088731444,1.618664273530422,0.11687500000000002,0.014033441334206217,17.8814037325792,0.029685855217594793,5.176532170793507,0.017575884898267256,0.3680887085067067,0.025495097567963948,0.026490562956114475,0.04538470379648625,2.888106768396298,10.069852141011506,,,,,,multiclass,cic-malmem,quantum,,,,qsvm,,6,,,,,,,,,,,,qsvm-multiclass-nc6
FINISHED,2026-07-14 12:43:56.036000+00:00,2026-07-14 12:43:56.436000+00:00,0.0,0.0,0.0,0.3387880280281797,0.475,6.53796902904287,0.9473684210526315,0.06696428571428571,0.0,0.11875,0.0,0.0,3.2078039110056125,0.5691422064777327,0.0,0.0,0.0,17.784714392910246,0.06754385964912281,0.0,0.0,0.0,0.13333333333333333,0.0,,,,,,,,,,,,,,,,,,,6.533999877050519,19120.0,3.2074439900461584,0.14138606189420927,0.0,multiclass,cic-malmem,quantum,,10.0,None,qsvm,,6,0.408248290463863,6,angle,,,,,,,,,qsvm-multiclass-nc6
FINISHED,2026-07-14 12:44:33.442000+00:00,2026-07-14 12:44:33.735000+00:00,0.0,0.0,0.0,0.3338055797553422,0.5,12.163530284014996,1.0,0.0625,0.0,0.0625,0.0,0.0,6.892659056989942,0.6894821187584346,0.0,0.0,0.0,17.924137711990625,0.0625,0.0,0.0,0.0,0.0,0.0,,,,,,,,,,,,,,,,,,,12.159577501995955,19120.0,6.892214961000718,0.1826045217418955,0.0,multiclass,cic-malmem,quantum,,10.0,None,qsvm,,6,0.408248290463863,6,iqp,,,,,,,,,qsvm-multiclass-nc6
FINISHED,2026-07-14 12:45:01.333000+00:00,2026-07-14 12:45:01.605000+00:00,0.0,0.0,0.0,0.38395305901168325,0.55,6.549155538959894,0.975609756097561,0.10119047619047619,0.0,0.125,0.0,0.0,3.218867728020996,0.6707283232118758,0.8,0.0,0.0,17.799643142032437,0.11097560975609756,0.0,0.0,0.0,0.0,0.0,,,,,,,,,,,,,,,,,,,6.544744108978193,19120.0,3.2184745479607955,0.14346124213765565,0.0,multiclass,cic-malmem,quantum,,10.0,balanced,qsvm,,6,0.408248290463863,6,angle,,,,,,,,,qsvm-multiclass-nc6
FINISHED,2026-07-14 12:45:38.830000+00:00,2026-07-14 12:45:39.123000+00:00,0.0,0.0,0.0,0.38544321505484896,0.525,12.82989167002961,1.0,0.0673076923076923,0.14285714285714285,0.125,0.0,0.0,6.328033934987616,0.599380060728745,0.0,0.0,0.0,18.04299942398211,0.07142857142857142,0.0,0.0,0.0,0.0,0.0,,,,,,,,,,,,,,,,,,,12.82600875996286,19120.0,6.327601399971172,0.19042366985016634,0.0,multiclass,cic-malmem,quantum,,10.0,None,qsvm,,6,0.408248290463863,6,iqp,,,,,,,,,qsvm-multiclass-nc6
FINISHED,2026-07-14 12:46:15.512000+00:00,2026-07-14 12:46:15.788000+00:00,0.0,0.0,0.0,0.39845366068347937,0.525,12.268714183010161,0.9743589743589743,0.07946428571428571,0.0,0.153125,0.2857142857142857,0.0,6.23529622296337,0.6566717273954116,0.0,0.0,0.0,17.85552399198059,0.08708791208791208,0.0,0.0,0.0,0.13333333333333333,0.0,,,,,,,,,,,,,,,,,,,12.264282591000665,19120.0,6.234829285007436,0.18094592440616972,0.0,multiclass,cic-malmem,quantum,,1.0,balanced,qsvm,,6,0.408248290463863,6,iqp,,,,,,,,,qsvm-multiclass-nc6
FINISHED,2026-07-14 12:46:19.375000+00:00,2026-07-14 12:47:32.809000+00:00,,,,,,,,,,,,,,,,,,,,,,,,,0.10820389388104408,4.727176185318764,0.53,0.09982142857142857,0.708136217948718,0.03035799115295801,0.13625,0.021868702527282166,13.587356967385858,0.0369543637477362,0.08230967320268974,0.025030027225371523,0.36540369214885987,0.024494897427831803,0.03429226355699655,0.013021281907236528,0.2390583021200456,0.580940090212971,,,,,,multiclass,cic-malmem,classical,,,,random_forest,-1,6,,,,,,,,,,,,random_forest-multiclass-nc6
FINISHED,2026-07-14 12:46:41.909000+00:00,2026-07-14 12:46:42.239000+00:00,0.0,0.5,0.0,0.34348743533587694,0.5,0.1927832820219919,0.9473684210526315,0.09895833333333333,0.0,0.15,0.0,0.0,0.035743759013712406,0.7222482287449392,0.0,0.0,0.0,22.220250019978266,0.1112938596491228,0.0,0.0,0.3333333333333333,0.0,0.0,,,,,,,,,,,,,,,,,,,,,,,0.0,multiclass,cic-malmem,classical,,,,random_forest,-1,6,,,,,,100,,,29,7,None,random_forest-multiclass-nc6
FINISHED,2026-07-14 12:46:56.614000+00:00,2026-07-14 12:46:57.005000+00:00,0.5,0.0,0.0,0.3936274835879295,0.55,0.7742540510371327,1.0,0.109375,0.0,0.15625,0.0,0.0,0.10954136197688058,0.7049595141700404,0.0,0.0,0.0,13.352063563012052,0.11875,0.0,0.0,0.4,0.0,0.0,,,,,,,,,,,,,,,,,,,,,,,0.0,multiclass,cic-malmem,classical,,,,random_forest,-1,6,,,,,,500,,,15,4,log2,random_forest-multiclass-nc6
FINISHED,2026-07-14 12:47:05.351000+00:00,2026-07-14 12:47:05.642000+00:00,0.0,0.0,0.0,0.30800140399820397,0.5,0.408445893030148,0.975609756097561,0.05952380952380952,0.0,0.0625,0.0,0.0,0.057110187015496194,0.6845133265856951,0.0,0.0,0.0,7.79157281096559,0.06097560975609756,0.0,0.0,0.0,0.0,0.0,,,,,,,,,,,,,,,,,,,,,,,0.0,multiclass,cic-malmem,classical,,,,random_forest,-1,6,,,,,,250,,,24,3,log2,random_forest-multiclass-nc6
FINISHED,2026-07-14 12:47:18.652000+00:00,2026-07-14 12:47:18.931000+00:00,0.0,0.0,0.0,0.3920763199108503,0.55,0.7801948830019683,1.0,0.10625,0.3333333333333333,0.15625,0.0,0.0,0.09859952901024371,0.7144905533063428,0.0,0.0,0.0,11.99239813996246,0.11458333333333333,0.5,0.0,0.0,0.0,0.0,,,,,,,,,,,,,,,,,,,,,,,0.0,multiclass,cic-malmem,classical,,,,random_forest,-1,6,,,,,,500,,,7,1,log2,random_forest-multiclass-nc6
FINISHED,2026-07-14 12:47:32.515000+00:00,2026-07-14 12:47:32.793000+00:00,0.6666666666666666,0.0,0.0,0.38982581791143867,0.55,0.749022341973614,1.0,0.125,0.0,0.15625,0.0,0.0,0.11055352899711579,0.7144694669365721,0.0,0.0,0.0,12.580500303010922,0.13541666666666666,0.0,0.0,0.5,0.0,0.0,,,,,,,,,,,,,,,,,,,,,,,0.0,multiclass,cic-malmem,classical,,,,random_forest,-1,6,,,,,,500,,,16,8,sqrt,random_forest-multiclass-nc6
FINISHED,2026-07-14 12:47:32.817000+00:00,2026-07-14 12:48:35.768000+00:00,,,,,,,,,,,,,,,,,,,,,,,,,0.10518168471376968,1.5853253899324007,0.5199999999999999,0.09926242236024845,0.76991084682861,0.004564559224250578,0.13,0.023559811072749504,10.527014775027055,0.009999999999999998,0.008345863001886755,0.01969465195383639,0.344124137886377,0.010000000000000009,0.008963593777245399,0.02126717365486085,0.3790323423690206,1.557888923981227,,,,,,multiclass,cic-malmem,classical,,,,xgboost,-1,6,,,,,,,,,,,,xgboost-multiclass-nc6
FINISHED,2026-07-14 12:47:48.005000+00:00,2026-07-14 12:47:48.407000+00:00,0.4,0.0,0.0,0.3437267154166215,0.5,1.7237308669718914,0.9473684210526315,0.109375,0.5,0.15,0.0,0.0,0.005360664974432439,0.7293073127530364,0.0,0.0,0.0,13.398703298997134,0.11546052631578947,0.0,0.0,0.0,0.0,0.0,,,,,,,,,,,,,,,,,,,,,,,0.0,multiclass,cic-malmem,classical,,,,xgboost,-1,6,,,,0.9985735885746017,0.25804925418926067,600,0.6123030542363842,,10,,,xgboost-multiclass-nc6
FINISHED,2026-07-14 12:47:59.528000+00:00,2026-07-14 12:48:00.074000+00:00,0.0,0.0,0.0,0.35684223334550697,0.525,1.6856181609909981,1.0,0.078125,0.0,0.125,0.0,0.0,0.0056437460007146,0.791244939271255,0.0,0.0,0.0,9.374807260057423,0.0875,0.0,0.0,0.4,0.0,0.0,,,,,,,,,,,,,,,,,,,,,,,0.0,multiclass,cic-malmem,classical,,,,xgboost,-1,6,,,,0.895263957478814,0.05819046629725154,600,0.6236455099722072,,10,,,xgboost-multiclass-nc6
FINISHED,2026-07-14 12:48:12.773000+00:00,2026-07-14 12:48:13.177000+00:00,0.0,1.0,0.0,0.34362022488704624,0.525,1.5806980729685165,0.975609756097561,0.12202380952380952,0.0,0.125,0.0,0.0,0.0062029469991102815,0.7716048836032389,0.0,0.0,0.0,11.053919594036415,0.12347560975609756,0.0,0.0,0.0,0.0,0.0,,,,,,,,,,,,,,,,,,,,,,,0.0,multiclass,cic-malmem,classical,,,,xgboost,-1,6,,,,0.6263887559637036,0.01917633550616253,500,0.832146799137708,,3,,,xgboost-multiclass-nc6
FINISHED,2026-07-14 12:48:23.207000+00:00,2026-07-14 12:48:23.613000+00:00,0.0,0.0,0.0,0.3290029859510456,0.525,0.841155671980232,0.9302325581395349,0.06476449275362318,0.2857142857142857,0.125,0.0,0.0,0.017394925002008677,0.7782768218623481,0.0,0.0,0.0,9.09450609103078,0.07599667774086379,0.0,0.0,0.0,0.0,0.0,,,,,,,,,,,,,,,,,,,,,,,0.0,multiclass,cic-malmem,classical,,,,xgboost,-1,6,,,,0.6016584610960614,0.02286387406565945,250,0.7406864506036903,,8,,,xgboost-multiclass-nc6
FINISHED,2026-07-14 12:48:35.344000+00:00,2026-07-14 12:48:35.751000+00:00,1.0,0.0,0.0,0.3474285298316647,0.525,1.9582418469944969,0.975609756097561,0.12202380952380952,0.0,0.125,0.0,0.0,0.0071270320331677794,0.7791202766531714,0.0,0.0,0.0,9.713137631013524,0.12347560975609756,0.0,0.0,0.0,0.0,0.0,,,,,,,,,,,,,,,,,,,,,,,0.0,multiclass,cic-malmem,classical,,,,xgboost,-1,6,,,,0.6369682229444843,0.009924896728260964,550,0.7710498101485325,,5,,,xgboost-multiclass-nc6
FINISHED,2026-07-14 12:48:35.779000+00:00,2026-07-14 12:50:00.531000+00:00,,,,,,,,,,,,,,,,,,,,,,,,,0.10106829573934836,1.32139738096669,0.5199999999999999,0.10198863636363638,0.7111818488529016,0.0006409464360785448,0.12375,0.03916793049364733,12.576735815615393,0.03432382554436495,0.003312745003495365,0.03181461299568684,0.35119269706721146,0.02915475947422653,0.040027608713998,0.04204570536665498,1.6454841730009162,3.832849483191967,,,,,,multiclass,cic-malmem,classical,,,,lightgbm,-1,6,,,,,,,,,,,,lightgbm-multiclass-nc6
FINISHED,2026-07-14 12:48:50.161000+00:00,2026-07-14 12:48:50.607000+00:00,0.5,0.0,0.0,0.3116916672546913,0.475,3.297075845010113,0.9473684210526315,0.08333333333333333,0.0,0.11875,0.0,0.0,0.003049832012038678,0.6810914304993253,0.0,0.0,0.0,11.018465014989488,0.09046052631578946,0.0,0.0,0.0,0.0,0.0,,,,,,,,,,,,,,,,,,,,,,,0.0,multiclass,cic-malmem,classical,,,,lightgbm,-1,6,,,,0.8690709931632327,0.04649578983250314,200,0.9205851173342268,147,,,,lightgbm-multiclass-nc6
FINISHED,2026-07-14 12:49:03.645000+00:00,2026-07-14 12:49:04.065000+00:00,0.6666666666666666,0.0,0.0,0.3938035283686073,0.55,1.2484807199798524,1.0,0.140625,0.0,0.15625,0.0,0.0,0.0023345419904217124,0.7396465924426451,0.0,0.0,0.0,11.743129543028772,0.12916666666666665,0.0,0.0,0.4,0.0,0.0,,,,,,,,,,,,,,,,,,,,,,,0.0,multiclass,cic-malmem,classical,,,,lightgbm,-1,6,,,,0.7018465772256731,0.0024797339229451886,100,0.9445744357204153,142,,,,lightgbm-multiclass-nc6
FINISHED,2026-07-14 12:49:24.039000+00:00,2026-07-14 12:49:24.616000+00:00,0.0,0.0,0.0,0.2972805874301282,0.5,5.106848792987876,0.9523809523809523,0.056818181818181816,0.0,0.0625,0.0,0.0,0.003908145998138934,0.6939178475033738,0.0,0.0,0.0,14.815645950031467,0.05952380952380952,0.0,0.0,0.0,0.0,0.0,,,,,,,,,,,,,,,,,,,,,,,0.0,multiclass,cic-malmem,classical,,,,lightgbm,-1,6,,,,0.7337501416644183,0.00247331690021389,300,0.8733027208114422,81,,,,lightgbm-multiclass-nc6
FINISHED,2026-07-14 12:49:42.820000+00:00,2026-07-14 12:49:43.338000+00:00,0.0,0.0,0.0,0.36179384819798094,0.525,6.02967122499831,1.0,0.07291666666666667,0.2857142857142857,0.125,0.0,0.0,0.004117827047593892,0.7782768218623483,0.0,0.0,0.0,12.11334436701145,0.08035714285714285,0.0,0.0,0.0,0.0,0.0,,,,,,,,,,,,,,,,,,,,,,,0.0,multiclass,cic-malmem,classical,,,,lightgbm,-1,6,,,,0.7550376816255844,0.04736064476213105,450,0.9131619449397814,160,,,,lightgbm-multiclass-nc6
FINISHED,2026-07-14 12:50:00.066000+00:00,2026-07-14 12:50:00.510000+00:00,0.6666666666666666,0.0,0.0,0.3913938540846496,0.55,3.482170832983684,1.0,0.15625,0.0,0.15625,0.0,0.0,0.0031533779692836106,0.6629765519568152,0.0,0.0,0.0,13.19309420301579,0.14583333333333331,0.0,0.0,0.6666666666666666,0.0,0.0,,,,,,,,,,,,,,,,,,,,,,,0.0,multiclass,cic-malmem,classical,,,,lightgbm,-1,6,,,,0.9131275781325293,0.0010242236081009085,250,0.9289856202403853,139,,,,lightgbm-multiclass-nc6
FINISHED,2026-07-14 12:50:00.543000+00:00,2026-07-14 12:50:04.173000+00:00,,,,,,,,,,,,,,,,,,,,,,,,,0.10368687216007497,0.08411354347529243,0.5199999999999999,0.10577380952380952,0.5650253036437247,4.301561752399168e-05,0.12875,0.029216187309555455,0.3732305376091972,0.022569337606584736,0.0003337317961268127,0.021934453974920633,0.35913057676645205,0.02915475947422653,0.026443219456925664,0.038889888462250645,0.0005237958974821424,0.003076542785856873,,,,,,multiclass,cic-malmem,classical,,,,svm,-1,6,,,,,,,,,,,,svm-multiclass-nc6
FINISHED,2026-07-14 12:50:01.137000+00:00,2026-07-14 12:50:01.453000+00:00,0.0,0.2857142857142857,0.0,0.3483494062680585,0.5,0.002936634002253413,0.9473684210526315,0.10416666666666667,0.0,0.15,0.0,0.0,0.0003550400142557919,0.5494264507422402,0.0,0.0,0.0,0.541412411024794,0.10831766917293231,0.0,0.0,0.5,0.0,0.0,,,,,,,,,,,,,,,,,,,,,,,0.0,multiclass,cic-malmem,classical,0.002333865557618051,93.83439921047587,balanced,svm,-1,6,,,,,,,,,,,,svm-multiclass-nc6
FINISHED,2026-07-14 12:50:01.819000+00:00,2026-07-14 12:50:02.109000+00:00,0.0,0.0,0.0,0.31426980601835314,0.475,0.00409544596914202,0.9473684210526315,0.075,0.0,0.11875,0.0,0.0,0.00040839798748493195,0.5103955802968961,0.0,0.0,0.0,0.3338785730302334,0.0800438596491228,0.0,0.0,0.3333333333333333,0.0,0.0,,,,,,,,,,,,,,,,,,,,,,,0.0,multiclass,cic-malmem,classical,0.8431013932082461,0.6672367170464207,balanced,svm,-1,6,,,,,,,,,,,,svm-multiclass-nc6
FINISHED,2026-07-14 12:50:02.473000+00:00,2026-07-14 12:50:02.890000+00:00,0.0,0.0,0.0,0.3791580692199078,0.55,0.0029646469629369676,0.975609756097561,0.13095238095238093,0.0,0.125,0.0,0.6666666666666666,0.0003040069714188576,0.5588478407557356,0.2222222222222222,0.0,0.0,0.33273777103750035,0.11653116531165311,0.0,0.0,0.0,0.0,0.0,,,,,,,,,,,,,,,,,,,,,,,0.0,multiclass,cic-malmem,classical,0.008913059064131548,97.89459673369454,balanced,svm,-1,6,,,,,,,,,,,,svm-multiclass-nc6
FINISHED,2026-07-14 12:50:03.249000+00:00,2026-07-14 12:50:03.527000+00:00,0.0,0.0,0.0,0.3640497844145022,0.525,0.0026324469945393503,1.0,0.07291666666666667,0.0,0.09375,0.0,0.0,0.0003091089893132448,0.5769863360323886,0.0,0.0,0.0,0.32946928800083697,0.078125,0.0,0.0,0.0,0.0,0.0,,,,,,,,,,,,,,,,,,,,,,,0.25,multiclass,cic-malmem,classical,0.003031261422582967,23.445191047989724,balanced,svm,-1,6,,,,,,,,,,,,svm-multiclass-nc6
FINISHED,2026-07-14 12:50:03.885000+00:00,2026-07-14 12:50:04.156000+00:00,0.0,0.0,0.0,0.38982581791143867,0.55,0.002753540000412613,1.0,0.14583333333333334,0.0,0.15625,0.0,0.5,0.00029210501816123724,0.629470310391363,0.0,0.0,0.0,0.3286546449526213,0.13541666666666666,0.0,0.0,0.6666666666666666,0.0,0.0,,,,,,,,,,,,,,,,,,,,,,,0.0,multiclass,cic-malmem,classical,0.009167785859319854,87.40009981791576,balanced,svm,-1,6,,,,,,,,,,,,svm-multiclass-nc6
FINISHED,2026-07-14 13:29:20.101000+00:00,2026-07-14 13:41:04.852000+00:00,,,,,,,,,,,,,,,,,,,,,,,,,0.09933719056015718,0.7687094188496892,0.539,0.08944523070044999,0.7017889941922362,3.351296630852877,0.15355357142857143,0.016114119681039457,73.69895795598859,0.02660914422003174,22.52600694659632,0.01926834022154555,0.39653244716354863,0.01655294535724683,0.016853038988063267,0.040602252254222856,6.927588462788987,44.390376334008764,,,,,,multiclass,cic-malmem,quantum,,,,qsvm,,1,,,,,,,,,,,,qsvm-multiclass-nc1
FINISHED,2026-07-14 13:31:44.604000+00:00,2026-07-14 13:31:44.890000+00:00,0.0,0.0,0.25,0.4041116570369654,0.545,47.91270877799252,0.98989898989899,0.09589460784313726,0.18181818181818182,0.16616071428571427,0.0,0.08695652173913043,24.371126859041397,0.7429854276670032,0.1951219512195122,0.0,0.0,72.16527979803504,0.1064872277922384,0.0,0.0,0.0,0.0,0.0,,,,,,,,,,,,,,,,,,,47.902017687039915,479600.0,24.36982443497982,0.09583440202848557,0.0,multiclass,cic-malmem,quantum,,10.0,balanced,qsvm,,1,1.0,1,angle,,,,,,,,,qsvm-multiclass-nc1
FINISHED,2026-07-14 13:34:10.728000+00:00,2026-07-14 13:34:11.010000+00:00,0.0,0.13636363636363635,0.18181818181818182,0.4247640258132566,0.565,47.397925589000806,0.9950248756218906,0.0980557574718525,0.0,0.19285714285714284,0.0,0.26666666666666666,24.412331332976464,0.7049341139416968,0.2631578947368421,0.0,0.0,73.98939885600703,0.11518945345045109,0.0,0.0,0.0,0.0,0.0,,,,,,,,,,,,,,,,,,,47.38503337302245,479600.0,24.411049893999007,0.09825688185072783,0.0,multiclass,cic-malmem,quantum,,10.0,balanced,qsvm,,1,1.0,1,angle,,,,,,,,,qsvm-multiclass-nc1
FINISHED,2026-07-14 13:36:36.919000+00:00,2026-07-14 13:36:37.206000+00:00,0.0,0.0,0.0,0.37553601173984746,0.515,47.94936125300592,0.9847715736040609,0.06994241634072143,0.08888888888888889,0.123125,0.0,0.0,23.77609959698748,0.7416786163186669,0.12307692307692308,0.0,0.0,74.15448769502109,0.07479608659811705,0.0,0.0,0.0,0.0,0.0,,,,,,,,,,,,,,,,,,,47.92648012796417,479600.0,23.77419640403241,0.11257911379729049,0.0,multiclass,cic-malmem,quantum,,0.1,balanced,qsvm,,1,1.0,1,angle,,,,,,,,,qsvm-multiclass-nc1
FINISHED,2026-07-14 13:39:03.722000+00:00,2026-07-14 13:39:03.983000+00:00,0.0,0.0,0.0,0.3863797896972117,0.53,48.14782471902436,0.9949748743718593,0.07176242590059279,0.0,0.124375,0.0,0.13793103448275862,24.231824675982352,0.6861030217943971,0.12,0.0,0.0,74.10500461794436,0.07830661930341362,0.0,0.0,0.0,0.0,0.0,,,,,,,,,,,,,,,,,,,48.13770063902484,479600.0,24.230738975980785,0.11933045309229814,0.0,multiclass,cic-malmem,quantum,,10.0,balanced,qsvm,,1,1.0,1,angle,,,,,,,,,qsvm-multiclass-nc1
FINISHED,2026-07-14 13:41:04.474000+00:00,2026-07-14 13:41:04.837000+00:00,0.0,0.2,0.26666666666666666,0.39187075153046225,0.54,30.544061331020202,0.98989898989899,0.11157094594594594,0.13636363636363635,0.16124999999999998,0.0,0.0,15.838652267993893,0.633243791239417,0.26666666666666666,0.0,0.0,74.08061881293543,0.12190656565656566,0.0,0.0,0.0,0.09090909090909091,0.0,,,,,,,,,,,,,,,,,,,30.534124957979657,479600.0,15.83742076496128,0.20018621460613342,0.0,multiclass,cic-malmem,quantum,,10.0,balanced,qsvm,,1,1.0,1,iqp,,,,,,,,,qsvm-multiclass-nc1
FINISHED,2026-07-14 13:41:08.397000+00:00,2026-07-14 13:42:29.316000+00:00,,,,,,,,,,,,,,,,,,,,,,,,,0.11886156726513879,5.402609048706289,0.5269999999999999,0.11777985682202444,0.7168987365072874,0.020228635806865534,0.1275,0.010955877108455447,14.957526837778278,0.021736802284476473,0.09051462339702994,0.013931225336525842,0.3575984326405871,0.013266499161421611,0.01713174945474808,0.06989303090220052,0.14415549709952832,0.6807789414073341,,,,,,multiclass,cic-malmem,classical,,,,random_forest,-1,1,,,,,,,,,,,,random_forest-multiclass-nc1
FINISHED,2026-07-14 13:41:34.729000+00:00,2026-07-14 13:41:35.028000+00:00,0.0,0.0,0.25,0.36923562264763954,0.535,0.8383387119974941,0.9949748743718593,0.1246054292929293,0.13333333333333333,0.14669642857142856,0.0,0.125,0.11169713799608871,0.7790602234407872,0.26666666666666666,0.1111111111111111,0.0,25.214030784962233,0.128931510456322,0.0,0.0,0.0,0.0,0.0,,,,,,,,,,,,,,,,,,,,,,,0.18181818181818182,multiclass,cic-malmem,classical,,,,random_forest,-1,1,,,,,,400,,,9,10,log2,random_forest-multiclass-nc1
FINISHED,2026-07-14 13:41:48.002000+00:00,2026-07-14 13:41:48.315000+00:00,0.0,0.0,0.16666666666666666,0.3512440485699554,0.525,0.6262211470166221,0.9950248756218906,0.1067269673395911,0.0,0.11220238095238094,0.0,0.0,0.08794223901350051,0.7663823849757818,0.2222222222222222,0.2,0.0,12.137091259937733,0.10792318171049514,0.0,0.0,0.0,0.0,0.0,,,,,,,,,,,,,,,,,,,,,,,0.14285714285714285,multiclass,cic-malmem,classical,,,,random_forest,-1,1,,,,,,300,,,13,4,None,random_forest-multiclass-nc1
FINISHED,2026-07-14 13:41:59.138000+00:00,2026-07-14 13:41:59.540000+00:00,0.18181818181818182,0.0,0.25,0.3811363962441313,0.545,0.6334724919870496,1.0,0.1350949397824398,0.0,0.15595238095238095,0.0,0.1,0.08868316101143137,0.6935344375712885,0.2857142857142857,0.0,0.0,9.982723077002447,0.14067911255411253,0.0,0.13333333333333333,0.0,0.16666666666666666,0.13333333333333333,,,,,,,,,,,,,,,,,,,,,,,0.0,multiclass,cic-malmem,classical,,,,random_forest,-1,1,,,,,,300,,,21,5,sqrt,random_forest-multiclass-nc1
FINISHED,2026-07-14 13:42:12.300000+00:00,2026-07-14 13:42:12.596000+00:00,0.0,0.21052631578947367,0.36363636363636365,0.3558830803574535,0.525,0.4627818860462867,0.9949748743718593,0.10644303613053613,0.0,0.1259375,0.10526315789473684,0.0,0.05523145798360929,0.7554319338103357,0.0,0.0,0.0,12.143763394968119,0.11357861590934852,0.14285714285714285,0.0,0.0,0.0,0.0,,,,,,,,,,,,,,,,,,,,,,,0.0,multiclass,cic-malmem,classical,,,,random_forest,-1,1,,,,,,200,,,32,9,sqrt,random_forest-multiclass-nc1
FINISHED,2026-07-14 13:42:28.997000+00:00,2026-07-14 13:42:29.296000+00:00,0.0,0.0,0.0,0.33049301538375553,0.505,0.8430804699892178,0.9797979797979798,0.11602891156462584,0.0,0.09671130952380953,0.0,0.18181818181818182,0.1090191209805198,0.5900847027382434,0.0,0.0,0.0,15.310025672020856,0.1031954156954157,0.3076923076923077,0.0,0.18181818181818182,0.0,0.0,,,,,,,,,,,,,,,,,,,,,,,0.0,multiclass,cic-malmem,classical,,,,random_forest,-1,1,,,,,,400,,,30,1,None,random_forest-multiclass-nc1
FINISHED,2026-07-14 13:42:29.326000+00:00,2026-07-14 13:44:07.522000+00:00,,,,,,,,,,,,,,,,,,,,,,,,,0.12399294289038018,2.432709279450576,0.5280000000000001,0.13274320113410823,0.773598564257141,0.007508281111097081,0.1273511904761905,0.015663226278335537,16.13296879599802,0.017212490850247137,0.029216018784791232,0.015904260813759716,0.3578970420661545,0.012083045973594582,0.014034166422088988,0.016416863111914492,3.883494291245461,2.9527635948150417,,,,,,multiclass,cic-malmem,classical,,,,xgboost,-1,1,,,,,,,,,,,,xgboost-multiclass-nc1
FINISHED,2026-07-14 13:43:00.113000+00:00,2026-07-14 13:43:00.503000+00:00,0.0,0.0,0.16666666666666666,0.3619292491296947,0.53,10.648478076036554,0.9949748743718593,0.14913194444444444,0.0,0.13107142857142856,0.0,0.0,0.03579095797613263,0.7742765547616778,0.15384615384615385,0.09090909090909091,0.0,19.977722715993878,0.13207593547574703,0.18181818181818182,0.0,0.0,0.125,0.0,,,,,,,,,,,,,,,,,,,,,,,0.4,multiclass,cic-malmem,classical,,,,xgboost,-1,1,,,,0.8246265653740514,0.03312523104014552,600,0.796930500066716,,11,,,xgboost-multiclass-nc1
FINISHED,2026-07-14 13:43:17.493000+00:00,2026-07-14 13:43:17.902000+00:00,0.2,0.0,0.3333333333333333,0.37787064560495337,0.545,0.7424953050212935,0.9950248756218906,0.14769468018230392,0.0,0.15148809523809526,0.0,0.13333333333333333,0.023516465967986733,0.7914553816903439,0.14285714285714285,0.13333333333333333,0.0,16.112431841960642,0.1461176261549396,0.13333333333333333,0.0,0.0,0.0,0.0,,,,,,,,,,,,,,,,,,,,,,,0.26666666666666666,multiclass,cic-malmem,classical,,,,xgboost,-1,1,,,,0.8952393368504931,0.1028121309731498,100,0.7179674499187636,,11,,,xgboost-multiclass-nc1
FINISHED,2026-07-14 13:43:35.200000+00:00,2026-07-14 13:43:35.735000+00:00,0.2222222222222222,0.0,0.26666666666666666,0.36342185731266596,0.535,0.7893737829872407,0.9900990099009901,0.13843224789915967,0.0,0.1351190476190476,0.0,0.0,0.021786436962429434,0.7510411068326315,0.09523809523809523,0.0,0.16666666666666666,16.406968806055374,0.126754509242133,0.0,0.0,0.0,0.15384615384615385,0.13333333333333333,,,,,,,,,,,,,,,,,,,,,,,0.0,multiclass,cic-malmem,classical,,,,xgboost,-1,1,,,,0.6841080078484738,0.11777517005248563,100,0.668147523279367,,12,,,xgboost-multiclass-nc1
FINISHED,2026-07-14 13:43:48.679000+00:00,2026-07-14 13:43:49.076000+00:00,0.0,0.18181818181818182,0.0,0.3503092317946576,0.52,0.5500995480106212,0.98989898989899,0.11710927960927961,0.0,0.11928571428571427,0.0,0.2857142857142857,0.024447022005915642,0.7915991296376613,0.0,0.16666666666666666,0.0,12.304106038005557,0.11641841345788714,0.13333333333333333,0.0,0.0,0.0,0.10526315789473684,,,,,,,,,,,,,,,,,,,,,,,0.0,multiclass,cic-malmem,classical,,,,xgboost,-1,1,,,,0.8446294127232539,0.27060089164055035,150,0.6555732707147598,,3,,,xgboost-multiclass-nc1
FINISHED,2026-07-14 13:44:07.107000+00:00,2026-07-14 13:44:07.503000+00:00,0.0,0.0,0.11764705882352941,0.33595422648880097,0.51,2.0333712620195,0.9849246231155779,0.11134785353535354,0.0,0.09979166666666667,0.1,0.0,0.040539211011491716,0.7596206483633904,0.0,0.0,0.0,15.863614577974658,0.09859823012119422,0.0,0.25,0.125,0.0,0.0,,,,,,,,,,,,,,,,,,,,,,,0.0,multiclass,cic-malmem,classical,,,,xgboost,-1,1,,,,0.8510571781023799,0.29131880658511183,300,0.7097939893129923,,10,,,xgboost-multiclass-nc1
FINISHED,2026-07-14 13:44:07.533000+00:00,2026-07-14 13:47:49.309000+00:00,,,,,,,,,,,,,,,,,,,,,,,,,0.11946809320448275,5.250632743867864,0.5289999999999999,0.1282340294814575,0.7639564283221726,0.0034647023022903755,0.1342142857142857,0.04110244378893356,28.09751344739925,0.02140515089164002,0.012003883987199515,0.020456038208717574,0.36291382020930746,0.012806248474865708,0.016022646966255025,0.020839267363566786,6.72968036030125,15.613574261788745,,,,,,multiclass,cic-malmem,classical,,,,lightgbm,-1,1,,,,,,,,,,,,lightgbm-multiclass-nc1
FINISHED,2026-07-14 13:44:56.084000+00:00,2026-07-14 13:44:56.535000+00:00,0.0,0.11764705882352941,0.25,0.3793263438213986,0.54,18.26612721796846,0.9949748743718593,0.14919871794871795,0.18181818181818182,0.15919642857142857,0.0,0.0,0.01461203396320343,0.7826135008847263,0.2,0.16666666666666666,0.0,30.175533642061055,0.1423608405216815,0.16666666666666666,0.0,0.0,0.0,0.0,,,,,,,,,,,,,,,,,,,,,,,0.2,multiclass,cic-malmem,classical,,,,lightgbm,-1,1,,,,0.6585028178210163,0.07970813993595927,350,0.6863344162851542,147,,,,lightgbm-multiclass-nc1
FINISHED,2026-07-14 13:45:49.963000+00:00,2026-07-14 13:45:50.425000+00:00,0.0,0.0,0.125,0.3794867215221544,0.545,18.578780697018374,0.9950248756218906,0.19985467296729675,0.25,0.14791666666666664,0.0,0.13333333333333333,0.013049198023509234,0.7852395879801535,0.23529411764705882,0.25,0.0,34.7461739279679,0.1447757202454186,0.0,0.0,0.15384615384615385,0.0,0.0,,,,,,,,,,,,,,,,,,,,,,,0.17391304347826086,multiclass,cic-malmem,classical,,,,lightgbm,-1,1,,,,0.9246159476415229,0.0020170646142846807,350,0.9462358798703743,103,,,,lightgbm-multiclass-nc1
FINISHED,2026-07-14 13:46:47.429000+00:00,2026-07-14 13:46:47.893000+00:00,0.0,0.0,0.3,0.3652531418389064,0.53,25.26368732895935,0.98989898989899,0.10075571895424837,0.0,0.1426488095238095,0.16,0.125,0.01640436495654285,0.7335242904271955,0.125,0.0,0.0,31.6262867070036,0.11282263423710792,0.0,0.0,0.0,0.0,0.10526315789473684,,,,,,,,,,,,,,,,,,,,,,,0.0,multiclass,cic-malmem,classical,,,,lightgbm,-1,1,,,,0.9862528132298237,0.0014492412389916862,400,0.9795542149013333,56,,,,lightgbm-multiclass-nc1
FINISHED,2026-07-14 13:47:19.578000+00:00,2026-07-14 13:47:20.378000+00:00,0.0,0.2727272727272727,0.13333333333333333,0.35267447881010416,0.52,8.663690462999512,0.98989898989899,0.0943576388888889,0.15384615384615385,0.12285714285714285,0.0,0.0,0.008382148982491344,0.7450779495972237,0.08,0.0,0.0,22.911208448989782,0.10186285936285938,0.0,0.0,0.0,0.0,0.0,,,,,,,,,,,,,,,,,,,,,,,0.0,multiclass,cic-malmem,classical,,,,lightgbm,-1,1,,,,0.8282460599148197,0.0010667008917609319,150,0.9416501937309651,126,,,,lightgbm-multiclass-nc1
FINISHED,2026-07-14 13:47:48.802000+00:00,2026-07-14 13:47:49.287000+00:00,0.0,0.0,0.0,0.3378284150539737,0.51,7.295585601998027,0.9849246231155779,0.09700339864813551,0.0,0.09845238095238094,0.0,0.0,0.007571674010250717,0.7733268127215637,0.16666666666666666,0.0,0.0,21.028364510973915,0.09551841165534633,0.15384615384615385,0.08,0.0,0.14285714285714285,0.0,,,,,,,,,,,,,,,,,,,,,,,0.0,multiclass,cic-malmem,classical,,,,lightgbm,-1,1,,,,0.8832290311184181,0.13983740016490973,150,0.8404460046972835,28,,,,lightgbm-multiclass-nc1
FINISHED,2026-07-14 13:47:49.321000+00:00,2026-07-14 13:47:55.935000+00:00,,,,,,,,,,,,,,,,,,,,,,,,,0.12447427760093603,0.12083770158916422,0.541,0.15054673966155332,0.5859080103504803,0.000930878687504874,0.1544732142857143,0.02432189002349828,0.8684104844229296,0.02364931516365222,0.004411983222234994,0.009396669703074848,0.38849749127476263,0.009695359714832668,0.01885832086971527,0.04063439342353123,0.012708132345340512,0.02731240898137912,,,,,,multiclass,cic-malmem,classical,,,,svm,-1,1,,,,,,,,,,,,svm-multiclass-nc1
FINISHED,2026-07-14 13:47:50.441000+00:00,2026-07-14 13:47:50.802000+00:00,0.0,0.11428571428571428,0.3333333333333333,0.41301174675416574,0.555,0.027955567988101393,0.98989898989899,0.1844876126126126,0.2222222222222222,0.1911607142857143,0.0,0.0,0.0052246510167606175,0.5708607656357996,0.22727272727272727,0.25,0.0,1.0142571110045537,0.14091625286478227,0.0,0.0,0.0,0.11764705882352941,0.0,,,,,,,,,,,,,,,,,,,,,,,0.0,multiclass,cic-malmem,classical,0.8431013932082461,0.6672367170464207,balanced,svm,-1,1,,,,,,,,,,,,svm-multiclass-nc1
FINISHED,2026-07-14 13:47:51.780000+00:00,2026-07-14 13:47:52.116000+00:00,0.0,0.0,0.0,0.3823245650324748,0.54,0.029721202969085425,0.9950248756218906,0.15643937777398428,0.0,0.13541666666666666,0.0,0.0,0.00470601103734225,0.6014876774263196,0.2222222222222222,0.2857142857142857,0.18181818181818182,0.8928709730389528,0.11616828805342758,0.17391304347826086,0.0,0.0,0.0,0.0,,,,,,,,,,,,,,,,,,,,,,,0.0,multiclass,cic-malmem,classical,1.1570224361558712,4.441211551981272,balanced,svm,-1,1,,,,,,,,,,,,svm-multiclass-nc1
FINISHED,2026-07-14 13:47:53.005000+00:00,2026-07-14 13:47:53.355000+00:00,0.0,0.0,0.4,0.38971204212463023,0.54,0.01662373199360445,0.9949748743718593,0.1331591415830546,0.0,0.1568154761904762,0.0,0.1,0.0037409660289995372,0.5139740721410715,0.15384615384615385,0.0,0.0,0.8243876339984126,0.124358132445444,0.0,0.0,0.0,0.25,0.0,,,,,,,,,,,,,,,,,,,,,,,0.09090909090909091,multiclass,cic-malmem,classical,0.16954391348834147,7.421776371436489,balanced,svm,-1,1,,,,,,,,,,,,svm-multiclass-nc1
FINISHED,2026-07-14 13:47:54.410000+00:00,2026-07-14 13:47:54.893000+00:00,0.0,0.2,0.2222222222222222,0.3569659741315344,0.525,0.0492671929532662,0.9949748743718593,0.11465773809523809,0.0,0.12348214285714285,0.0,0.0,0.005427153024356812,0.6159943072245543,0.09090909090909091,0.18181818181818182,0.0,0.9488429450429976,0.11454884451115607,0.0,0.0,0.0,0.0,0.0,,,,,,,,,,,,,,,,,,,,,,,0.14285714285714285,multiclass,cic-malmem,classical,9.08181533141833,28.717043296641535,balanced,svm,-1,1,,,,,,,,,,,,svm-multiclass-nc1
FINISHED,2026-07-14 13:47:55.605000+00:00,2026-07-14 13:47:55.915000+00:00,0.0,0.0,0.2857142857142857,0.4004731283310078,0.545,0.012994349002838135,0.98989898989899,0.16398982824287703,0.16666666666666666,0.16549107142857142,0.0,0.0,0.0029611350037157536,0.6272232293246568,0.26666666666666666,0.0,0.2222222222222222,0.6616937590297312,0.12637987012987012,0.0,0.0,0.0,0.09090909090909091,0.0,,,,,,,,,,,,,,,,,,,,,,,0.0,multiclass,cic-malmem,classical,0.009997778181293306,15.379114743311378,balanced,svm,-1,1,,,,,,,,,,,,svm-multiclass-nc1
FINISHED,2026-07-14 13:48:03.084000+00:00,2026-07-14 14:06:05.020000+00:00,,,,,,,,,,,,,,,,,,,,,,,,,0.12230139873518575,0.3215014599894199,0.542,0.1197887373782404,0.6650081283843965,3.883423067236906,0.1647172619047619,0.02357099317775212,121.00477648541565,0.012740222897518636,31.798415687389205,0.008163927103164033,0.3898832816141436,0.01029563014098701,0.01345848328783291,0.019853577754702426,7.40029008810786,63.20925419118721,,,,,,multiclass,cic-malmem,quantum,,,,qsvm,,2,,,,,,,,,,,,qsvm-multiclass-nc2
FINISHED,2026-07-14 13:51:30.475000+00:00,2026-07-14 13:51:30.837000+00:00,0.0,0.0,0.18181818181818182,0.40004960240602444,0.55,57.06915910798125,0.98989898989899,0.10626197318007663,0.17142857142857143,0.17508928571428573,0.0,0.2777777777777778,28.769042443018407,0.6832977307382008,0.0,0.0,0.08,121.49565708101727,0.12193272005772005,0.0,0.0,0.0,0.0,0.0,,,,,,,,,,,,,,,,,,,57.057450957014225,479600.0,28.767695493006613,0.09409176299594844,0.25,multiclass,cic-malmem,quantum,,10.0,balanced,qsvm,,2,0.7071067811865476,2,iqp,,,,,,,,,qsvm-multiclass-nc2
FINISHED,2026-07-14 13:54:57.913000+00:00,2026-07-14 13:54:58.291000+00:00,0.0,0.14634146341463414,0.36363636363636365,0.3854567061531549,0.54,57.15725954703521,0.99,0.102396978021978,0.0,0.1589732142857143,0.09090909090909091,0.12121212121212122,28.840004361001775,0.692155956022459,0.0,0.0,0.0,121.04941597196739,0.11358513731668417,0.0,0.0,0.0,0.0,0.10526315789473684,,,,,,,,,,,,,,,,,,,57.14590241695987,479600.0,28.83871152898064,0.08237130371025371,0.0,multiclass,cic-malmem,quantum,,10.0,balanced,qsvm,,2,0.7071067811865476,2,iqp,,,,,,,,,qsvm-multiclass-nc2
FINISHED,2026-07-14 13:58:24.404000+00:00,2026-07-14 13:58:24.677000+00:00,0.0,0.09523809523809523,0.5454545454545454,0.40832247702033353,0.555,57.27515965298517,0.9949748743718593,0.11954365079365079,0.0,0.18419642857142857,0.0,0.21428571428571427,28.288540921988897,0.6380749813040354,0.1,0.0,0.21428571428571427,120.5178750900086,0.13526493397724554,0.0,0.0,0.0,0.0,0.0,,,,,,,,,,,,,,,,,,,57.263342629012186,479600.0,28.287240003002807,0.09735484781684155,0.0,multiclass,cic-malmem,quantum,,10.0,balanced,qsvm,,2,0.7071067811865476,2,iqp,,,,,,,,,qsvm-multiclass-nc2
FINISHED,2026-07-14 14:02:14.510000+00:00,2026-07-14 14:02:14.907000+00:00,0.0,0.0,0.23529411764705882,0.3691222860487928,0.525,72.24681071896339,0.9795918367346939,0.10531337535014006,0.0,0.1519642857142857,0.0,0.21428571428571427,36.71093173895497,0.6545919435667031,0.08333333333333333,0.0,0.0,120.8470418000361,0.11397600706949446,0.0,0.2,0.0,0.0,0.0,,,,,,,,,,,,,,,,,,,72.23553591099335,479600.0,36.709647728013806,0.11031946283909606,0.1111111111111111,multiclass,cic-malmem,quantum,,10.0,balanced,qsvm,,2,0.7071067811865476,2,angle,,,,,,,,,qsvm-multiclass-nc2
FINISHED,2026-07-14 14:06:04.731000+00:00,2026-07-14 14:06:04.999000+00:00,0.0,0.0,0.2222222222222222,0.38646533644241216,0.54,72.29788192897104,0.98989898989899,0.16542770954535657,0.14634146341463414,0.15336309523809524,0.0,0.1,36.383558971981984,0.6569200302905842,0.25,0.0,0.19047619047619047,121.11389248404885,0.12674819525478456,0.0,0.0,0.0,0.0,0.12903225806451613,,,,,,,,,,,,,,,,,,,72.28743678302271,479600.0,36.38251241098624,0.19201295127413565,0.0,multiclass,cic-malmem,quantum,,10.0,balanced,qsvm,,2,0.7071067811865476,2,angle,,,,,,,,,qsvm-multiclass-nc2
FINISHED,2026-07-14 14:06:08.693000+00:00,2026-07-14 14:07:41.824000+00:00,,,,,,,,,,,,,,,,,,,,,,,,,0.18515108852508105,5.008465250752323,0.563,0.1863668650518898,0.7922767809876484,0.03162814357044562,0.1904920634920635,0.02896314131591444,17.226162128977013,0.023328194747520792,0.10901303300634027,0.025441493539266623,0.4059452830842341,0.013638181696985817,0.017756349233720624,0.03091826057293262,0.23847007300752224,0.8284609940019436,,,,,,multiclass,cic-malmem,classical,,,,random_forest,-1,2,,,,,,,,,,,,random_forest-multiclass-nc2
FINISHED,2026-07-14 14:06:36.630000+00:00,2026-07-14 14:06:36.919000+00:00,0.0,0.0,0.25,0.4231675719662737,0.575,1.0154799040174112,0.9949748743718593,0.20416736041736042,0.2222222222222222,0.20746031746031746,0.2222222222222222,0.0,0.1387692210264504,0.8258609167626242,0.4,0.26666666666666666,0.13333333333333333,26.592882576980628,0.20242312301043458,0.18181818181818182,0.0,0.0,0.18181818181818182,0.2857142857142857,,,,,,,,,,,,,,,,,,,,,,,0.1,multiclass,cic-malmem,classical,,,,random_forest,-1,2,,,,,,500,,,7,2,log2,random_forest-multiclass-nc2
FINISHED,2026-07-14 14:06:53.576000+00:00,2026-07-14 14:06:53.860000+00:00,0.125,0.0,0.4444444444444444,0.4189962172931816,0.575,1.0609562320169061,0.9950248756218906,0.2218018230394468,0.36363636363636365,0.20654761904761904,0.0,0.0,0.1273654979886487,0.7849274350598385,0.23529411764705882,0.3333333333333333,0.16666666666666666,15.301655298972037,0.21110534472721698,0.0,0.0,0.2857142857142857,0.14285714285714285,0.14285714285714285,,,,,,,,,,,,,,,,,,,,,,,0.14285714285714285,multiclass,cic-malmem,classical,,,,random_forest,-1,2,,,,,,500,,,17,4,sqrt,random_forest-multiclass-nc2
FINISHED,2026-07-14 14:07:12.766000+00:00,2026-07-14 14:07:13.155000+00:00,0.0,0.0,0.5,0.3957078428465867,0.555,0.9667118230136111,1.0,0.1472470238095238,0.0,0.17366071428571428,0.125,0.0,0.13360424700658768,0.7403809510140833,0.15384615384615385,0.14285714285714285,0.14285714285714285,17.63503761496395,0.15522550366300364,0.0,0.14285714285714285,0.14285714285714285,0.0,0.13333333333333333,,,,,,,,,,,,,,,,,,,,,,,0.0,multiclass,cic-malmem,classical,,,,random_forest,-1,2,,,,,,450,,,20,3,log2,random_forest-multiclass-nc2
FINISHED,2026-07-14 14:07:25.836000+00:00,2026-07-14 14:07:26.145000+00:00,0.0,0.36363636363636365,0.4444444444444444,0.37587765235010606,0.54,0.4479773399652913,0.9949748743718593,0.15703983516483516,0.14285714285714285,0.15272321428571428,0.13333333333333333,0.13333333333333333,0.05635220598196611,0.7881460884743456,0.13333333333333333,0.0,0.0,12.076390651986003,0.1531984989502842,0.0,0.0,0.0,0.0,0.10526315789473684,,,,,,,,,,,,,,,,,,,,,,,0.0,multiclass,cic-malmem,classical,,,,random_forest,-1,2,,,,,,200,,,16,8,log2,random_forest-multiclass-nc2
FINISHED,2026-07-14 14:07:41.527000+00:00,2026-07-14 14:07:41.807000+00:00,0.0,0.3076923076923077,0.4444444444444444,0.41597713096502215,0.57,0.6511796709964983,0.9849246231155779,0.20157828282828283,0.11764705882352941,0.2120684523809524,0.2857142857142857,0.0,0.08897399302804843,0.8220685136273513,0.125,0.13333333333333333,0.1111111111111111,14.524844501982443,0.20380297227446575,0.0,0.11764705882352941,0.5,0.0,0.13333333333333333,,,,,,,,,,,,,,,,,,,,,,,0.0,multiclass,cic-malmem,classical,,,,random_forest,-1,2,,,,,,300,,,8,3,log2,random_forest-multiclass-nc2
FINISHED,2026-07-14 14:07:41.834000+00:00,2026-07-14 14:10:29.250000+00:00,,,,,,,,,,,,,,,,,,,,,,,,,0.16157466123618563,3.09721284505069,0.552,0.1683376176378142,0.7844173393702434,0.006630324642304052,0.16427579365079364,0.037380609784537826,24.48599446960725,0.027100028831303306,0.02512103539193049,0.03151035081256424,0.38646385230343616,0.015033296378372876,0.019866516234062933,0.028753987374702823,6.717317971756602,8.40181003519101,,,,,,multiclass,cic-malmem,classical,,,,xgboost,-1,2,,,,,,,,,,,,xgboost-multiclass-nc2
FINISHED,2026-07-14 14:08:25.118000+00:00,2026-07-14 14:08:25.612000+00:00,0.0,0.0,0.5714285714285714,0.4099827017006127,0.57,21.52512577897869,0.9900990099009901,0.21459792250233425,0.11764705882352941,0.19890873015873017,0.11764705882352941,0.0,0.02363860997138545,0.7850574924532111,0.2,0.0,0.25,21.64036592800403,0.20301793127761386,0.2857142857142857,0.0,0.13333333333333333,0.14285714285714285,0.2857142857142857,,,,,,,,,,,,,,,,,,,,,,,0.15384615384615385,multiclass,cic-malmem,classical,,,,xgboost,-1,2,,,,0.8537902208138124,0.03448116021192501,250,0.91322279071063,,10,,,xgboost-multiclass-nc2
FINISHED,2026-07-14 14:08:54.739000+00:00,2026-07-14 14:08:55.174000+00:00,0.18181818181818182,0.0,0.5,0.4033883255355248,0.565,2.849317583022639,0.9900990099009901,0.19860089869281045,0.11764705882352941,0.19017857142857142,0.0,0.0,0.03637301200069487,0.8069037336194832,0.15384615384615385,0.14285714285714285,0.0,26.152609373966698,0.18962333438843493,0.0,0.3333333333333333,0.25,0.15384615384615385,0.0,,,,,,,,,,,,,,,,,,,,,,,0.21052631578947367,multiclass,cic-malmem,classical,,,,xgboost,-1,2,,,,0.6185801650879991,0.018785426399210624,500,0.836965827544817,,4,,,xgboost-multiclass-nc2
FINISHED,2026-07-14 14:09:21.001000+00:00,2026-07-14 14:09:21.624000+00:00,0.0,0.0,0.3076923076923077,0.357911003918407,0.53,5.657850217015948,0.9950248756218906,0.10935142621404999,0.0,0.12767857142857142,0.0,0.0,0.026720514986664057,0.7304726190001173,0.2,0.0,0.0,20.04401961498661,0.11475315729047074,0.0,0.16666666666666666,0.0,0.0,0.16666666666666666,,,,,,,,,,,,,,,,,,,,,,,0.0,multiclass,cic-malmem,classical,,,,xgboost,-1,2,,,,0.8852264124292792,0.2972956627905984,300,0.7684759618377316,,9,,,xgboost-multiclass-nc2
FINISHED,2026-07-14 14:09:57.189000+00:00,2026-07-14 14:09:57.623000+00:00,0.0,0.16666666666666666,0.5,0.36938619798050787,0.54,7.288684828963596,0.9900990099009901,0.171765581232493,0.0,0.14293154761904764,0.1,0.13333333333333333,0.015985745005309582,0.8108490951873428,0.14285714285714285,0.2222222222222222,0.0,28.179532763024326,0.14789309288071664,0.0,0.0,0.0,0.0,0.1111111111111111,,,,,,,,,,,,,,,,,,,,,,,0.0,multiclass,cic-malmem,classical,,,,xgboost,-1,2,,,,0.6185801650879991,0.018785426399210624,500,0.836965827544817,,4,,,xgboost-multiclass-nc2
FINISHED,2026-07-14 14:10:28.829000+00:00,2026-07-14 14:10:29.226000+00:00,0.0,0.15384615384615385,0.0,0.39165103238212856,0.555,4.688071767974179,0.9950248756218906,0.1473722595473833,0.0,0.16168154761904763,0.11764705882352941,0.125,0.022887294995598495,0.7888037565910626,0.0,0.0,0.2857142857142857,26.41344466805458,0.15258579034369202,0.0,0.15384615384615385,0.23529411764705882,0.0,0.375,,,,,,,,,,,,,,,,,,,,,,,0.0,multiclass,cic-malmem,classical,,,,xgboost,-1,2,,,,0.9551097883344569,0.21508804084062833,600,0.7020228276855585,,11,,,xgboost-multiclass-nc2
FINISHED,2026-07-14 14:10:29.263000+00:00,2026-07-14 14:21:53.192000+00:00,,,,,,,,,,,,,,,,,,,,,,,,,0.18652051268354003,12.026780523006202,0.567,0.18693021469244533,0.7913353769493802,0.045175662935158,0.19465079365079366,0.03197311093857757,43.03713998119347,0.028250596952814105,0.04525931860553101,0.03065778415882599,0.41039264465138564,0.014352700094407292,0.01856332757521079,0.011485637520789394,83.19079679394407,72.33952024420724,,,,,,multiclass,cic-malmem,classical,,,,lightgbm,-1,2,,,,,,,,,,,,lightgbm-multiclass-nc2
FINISHED,2026-07-14 14:15:01.186000+00:00,2026-07-14 14:16:44.569000+00:00,0.2222222222222222,0.2,0.4444444444444444,0.4342795180146914,0.585,236.06629870500183,1.0,0.21686958874458873,0.25,0.22926587301587298,0.13333333333333333,0.0,0.13239163800608367,0.8007161693831497,0.15384615384615385,0.18181818181818182,0.2857142857142857,35.31886956503149,0.21983668904624787,0.2857142857142857,0.0,0.125,0.0,0.23529411764705882,,,,,,,,,,,,,,,,,,,,,,,0.0,multiclass,cic-malmem,classical,,,,lightgbm,-1,2,,,,0.8252667350715506,0.09298928778294614,350,0.6624997407419837,218,,,,lightgbm-multiclass-nc2
FINISHED,2026-07-14 14:18:19.906000+00:00,2026-07-14 14:18:20.393000+00:00,0.18181818181818182,0.2,0.4,0.42614347930517793,0.58,30.837034455034882,0.9950248756218906,0.22172967296729673,0.3333333333333333,0.22053571428571428,0.0,0.0,0.016876405978109688,0.7875037640214346,0.16666666666666666,0.3333333333333333,0.16666666666666666,64.24636966892285,0.21694740643228178,0.1111111111111111,0.125,0.35294117647058826,0.0,0.0,,,,,,,,,,,,,,,,,,,,,,,0.10526315789473684,multiclass,cic-malmem,classical,,,,lightgbm,-1,2,,,,0.9127816752690248,0.005010281986118745,350,0.7268270417334388,152,,,,lightgbm-multiclass-nc2
FINISHED,2026-07-14 14:20:03.160000+00:00,2026-07-14 14:20:03.654000+00:00,0.18181818181818182,0.0,0.26666666666666666,0.382281815304645,0.545,54.42967433400918,1.0,0.13555234593837534,0.0,0.15223214285714287,0.2857142857142857,0.0,0.04576036200160161,0.7725546070459895,0.17391304347826086,0.13333333333333333,0.0,48.17454966699006,0.13720572905355513,0.0,0.15384615384615385,0.0,0.0,0.0,,,,,,,,,,,,,,,,,,,,,,,0.0,multiclass,cic-malmem,classical,,,,lightgbm,-1,2,,,,0.8262452362725613,0.005258837492973114,600,0.6071847502459279,183,,,,lightgbm-multiclass-nc2
FINISHED,2026-07-14 14:21:12.818000+00:00,2026-07-14 14:21:13.929000+00:00,0.0,0.6153846153846154,0.25,0.4095108520391401,0.565,32.694582069001626,0.9949748743718593,0.1919776404151404,0.125,0.19453869047619046,0.2857142857142857,0.21052631578947367,0.020684481016360223,0.8055887113981827,0.0,0.2,0.0,36.360481170006096,0.1872969754007343,0.18181818181818182,0.0,0.0,0.13333333333333333,0.0,,,,,,,,,,,,,,,,,,,,,,,0.0,multiclass,cic-malmem,classical,,,,lightgbm,-1,2,,,,0.9482512004607759,0.008772533829358569,350,0.9397051165962144,160,,,,lightgbm-multiclass-nc2
FINISHED,2026-07-14 14:21:52.757000+00:00,2026-07-14 14:21:53.171000+00:00,0.0,0.0,0.2222222222222222,0.3997475585932736,0.56,7.670011657988653,0.99,0.16852182539682536,0.0,0.17668154761904759,0.3,0.0,0.01058370602549985,0.7903136328981445,0.0,0.0,0.23529411764705882,31.08542983501684,0.17131576348488115,0.14285714285714285,0.3076923076923077,0.23529411764705882,0.0,0.3076923076923077,,,,,,,,,,,,,,,,,,,,,,,0.0,multiclass,cic-malmem,classical,,,,lightgbm,-1,2,,,,0.9896193616970135,0.25215116809209465,600,0.6071847502459279,183,,,,lightgbm-multiclass-nc2
FINISHED,2026-07-14 14:21:53.205000+00:00,2026-07-14 14:21:59.931000+00:00,,,,,,,,,,,,,,,,,,,,,,,,,0.15156491665773747,0.10479787855973187,0.548,0.16798534315006958,0.6248027202428826,0.0001245984944500268,0.15843650793650793,0.03444373991969677,0.9094999892171473,0.0084141088262519,0.003834783018101007,0.017218136278384373,0.3826040989547142,0.00509901951359279,0.007820804263010774,0.02747615129321854,0.016685715806147167,0.04573452199110761,,,,,,multiclass,cic-malmem,classical,,,,svm,-1,2,,,,,,,,,,,,svm-multiclass-nc2
FINISHED,2026-07-14 14:21:54.442000+00:00,2026-07-14 14:21:54.749000+00:00,0.3333333333333333,0.0,0.4,0.3889192148791116,0.55,0.06476071802899241,0.9949748743718593,0.21496212121212122,0.11764705882352941,0.16480158730158728,0.1,0.15384615384615385,0.0037970510311424732,0.6713292939107108,0.0,0.0,0.2222222222222222,1.1140630170120858,0.17078437239916072,0.0,0.0,0.0,0.2,0.21052631578947367,,,,,,,,,,,,,,,,,,,,,,,0.0,multiclass,cic-malmem,classical,1.0699496846406802,99.41450502972597,balanced,svm,-1,2,,,,,,,,,,,,svm-multiclass-nc2
FINISHED,2026-07-14 14:21:55.683000+00:00,2026-07-14 14:21:55.999000+00:00,0.13333333333333333,0.0,0.2857142857142857,0.3888564693779301,0.555,0.03965588298160583,0.9852216748768473,0.1693067484026222,0.0,0.16577380952380952,0.0,0.0,0.0037930270191282034,0.6405711851006144,0.3076923076923077,0.10526315789473684,0.35294117647058826,0.846876694005914,0.16139658894759915,0.13333333333333333,0.0,0.0,0.0,0.15384615384615385,,,,,,,,,,,,,,,,,,,,,,,0.125,multiclass,cic-malmem,classical,0.8503331827320104,34.89659465717493,balanced,svm,-1,2,,,,,,,,,,,,svm-multiclass-nc2
FINISHED,2026-07-14 14:21:56.933000+00:00,2026-07-14 14:21:57.255000+00:00,0.0,0.0,0.5,0.38535456781033234,0.545,0.017980408971197903,0.9950248756218906,0.12435318632669717,0.0,0.15297619047619046,0.0,0.17391304347826086,0.0036421350087039173,0.5974108928022426,0.16666666666666666,0.0,0.15789473684210525,0.8711098660714924,0.1245937076630577,0.0,0.0,0.0,0.0,0.0,,,,,,,,,,,,,,,,,,,,,,,0.0,multiclass,cic-malmem,classical,0.060744798876728553,14.20487504671339,balanced,svm,-1,2,,,,,,,,,,,,svm-multiclass-nc2
FINISHED,2026-07-14 14:21:58.255000+00:00,2026-07-14 14:21:58.700000+00:00,0.0,0.15384615384615385,0.4444444444444444,0.36780484415875486,0.54,0.060661486990284175,0.9852216748768473,0.1355804053012791,0.0,0.14441964285714284,0.1,0.0,0.003983389004133642,0.6083254415564525,0.0,0.0,0.13333333333333333,0.8917119830148295,0.13855285040629867,0.0,0.0,0.0,0.13333333333333333,0.26666666666666666,,,,,,,,,,,,,,,,,,,,,,,0.0,multiclass,cic-malmem,classical,1.1165922051992865,98.03103247366448,balanced,svm,-1,2,,,,,,,,,,,,svm-multiclass-nc2
FINISHED,2026-07-14 14:21:59.609000+00:00,2026-07-14 14:21:59.913000+00:00,0.0,0.23529411764705882,0.5714285714285714,0.38208539854744206,0.55,0.045614112983457744,0.9852216748768473,0.1957242545076283,0.0,0.16421130952380952,0.0,0.0,0.003958313027396798,0.6063767878443926,0.14285714285714285,0.0,0.1,0.8237383859814145,0.16249706387257098,0.0,0.0,0.18181818181818182,0.0,0.13333333333333333,,,,,,,,,,,,,,,,,,,,,,,0.25,multiclass,cic-malmem,classical,2.8138605866964,34.89659465717493,balanced,svm,-1,2,,,,,,,,,,,,svm-multiclass-nc2
FINISHED,2026-07-14 14:22:06.410000+00:00,2026-07-14 14:49:24.227000+00:00,,,,,,,,,,,,,,,,,,,,,,,,,0.12426121403460184,1.0057233018383729,0.543,0.12565931232084301,0.6568103223082684,0.655871029658508,0.15723214285714282,0.03876520307896476,181.34831827480812,0.01707431682995694,48.68720528599806,0.02262477455425591,0.3902521394759801,0.01029563014098701,0.015177217766349461,0.028596657057151403,1.1179593335088391,97.21694734279299,,,,,,multiclass,cic-malmem,quantum,,,,qsvm,,3,,,,,,,,,,,,qsvm-multiclass-nc3
FINISHED,2026-07-14 14:27:37.268000+00:00,2026-07-14 14:27:37.561000+00:00,0.0,0.0,0.2,0.3707886381440599,0.53,98.17716654500691,0.9949748743718593,0.09703947368421054,0.07692307692307693,0.13107142857142856,0.0,0.16666666666666666,49.65452394197928,0.6634438163474121,0.0,0.0,0.07407407407407407,182.97442066000076,0.10326084848478795,0.0,0.0,0.0,0.0,0.0,,,,,,,,,,,,,,,,,,,98.16529502597405,479600.0,49.653284212981816,0.10440602830936843,0.13953488372093023,multiclass,cic-malmem,quantum,,10.0,balanced,qsvm,,3,0.5773502691896257,3,iqp,,,,,,,,,qsvm-multiclass-nc3
FINISHED,2026-07-14 14:33:05.639000+00:00,2026-07-14 14:33:05.919000+00:00,0.0,0.13953488372093023,0.36363636363636365,0.385015193343557,0.54,97.31850991299143,0.9950248756218906,0.09764089498786538,0.0,0.15178571428571427,0.0,0.1111111111111111,48.92427840601886,0.7030575633049019,0.0,0.0,0.0,181.8071748180082,0.10752614657508791,0.0,0.0,0.0,0.0,0.1111111111111111,,,,,,,,,,,,,,,,,,,97.3073945499491,479600.0,48.92303584900219,0.09423016315268636,0.0,multiclass,cic-malmem,quantum,,10.0,balanced,qsvm,,3,0.5773502691896257,3,iqp,,,,,,,,,qsvm-multiclass-nc3
FINISHED,2026-07-14 14:38:33.393000+00:00,2026-07-14 14:38:33.657000+00:00,0.0,0.0,0.5714285714285714,0.4009210629641694,0.555,97.89127949799877,1.0,0.19307357410004672,0.0,0.16822916666666665,0.0,0.18181818181818182,48.212527273979504,0.6146389781685219,0.2222222222222222,0.0,0.18181818181818182,181.34076837601606,0.1584050087339561,0.0,0.0,0.1,0.0,0.06666666666666667,,,,,,,,,,,,,,,,,,,97.87985850300174,479600.0,48.21129408403067,0.1092660174139188,0.21052631578947367,multiclass,cic-malmem,quantum,,10.0,balanced,qsvm,,3,0.5773502691896257,3,iqp,,,,,,,,,qsvm-multiclass-nc3
FINISHED,2026-07-14 14:44:00.689000+00:00,2026-07-14 14:44:00.954000+00:00,0.0,0.0,0.23529411764705882,0.3809397287891851,0.535,97.64408531499794,0.98989898989899,0.09470928549875918,0.0,0.1532142857142857,0.0,0.15384615384615385,48.90000084601343,0.6455283324513909,0.09523809523809523,0.0,0.0,180.45922553399578,0.10780770946639619,0.0,0.0,0.0,0.1111111111111111,0.0,,,,,,,,,,,,,,,,,,,97.633409061993,479600.0,48.89890818897402,0.1217422397657777,0.13953488372093023,multiclass,cic-malmem,quantum,,10.0,balanced,qsvm,,3,0.5773502691896257,3,iqp,,,,,,,,,qsvm-multiclass-nc3
FINISHED,2026-07-14 14:49:23.941000+00:00,2026-07-14 14:49:24.210000+00:00,0.0,0.11764705882352941,0.25,0.4135960741389292,0.555,95.05369544296991,0.98989898989899,0.14583333333333331,0.21052631578947367,0.18186011904761906,0.0,0.21052631578947367,47.74469596199924,0.6573829212691148,0.36363636363636365,0.0,0.16666666666666666,180.16000198601978,0.14430635691278107,0.0,0.0,0.0,0.0,0.0,,,,,,,,,,,,,,,,,,,95.04223554796772,479600.0,47.743348977994174,0.13703624195987107,0.0,multiclass,cic-malmem,quantum,,10.0,balanced,qsvm,,3,0.5773502691896257,3,angle,,,,,,,,,qsvm-multiclass-nc3
FINISHED,2026-07-14 14:49:27.814000+00:00,2026-07-14 14:51:04.906000+00:00,,,,,,,,,,,,,,,,,,,,,,,,,0.19483120157612188,5.933860861242065,0.568,0.209508272255797,0.8053150946699754,0.00810107295813029,0.2001686507936508,0.02985267704417995,17.758458214590792,0.019184325683089296,0.14221482899738475,0.021306760992252125,0.4131106382945899,0.006782329983125248,0.010714864855267653,0.021598812432527602,0.09717859469424608,1.037904806016013,,,,,,multiclass,cic-malmem,classical,,,,random_forest,-1,3,,,,,,,,,,,,random_forest-multiclass-nc3
FINISHED,2026-07-14 14:49:58.262000+00:00,2026-07-14 14:49:58.566000+00:00,0.125,0.15384615384615385,0.2222222222222222,0.4322820191678732,0.58,1.0333700200426392,0.98989898989899,0.26302083333333337,0.375,0.2338194444444444,0.14285714285714285,0.2222222222222222,0.13982133800163865,0.8326931607208813,0.13333333333333333,0.25,0.16666666666666666,29.07514419395011,0.23419866489719432,0.13333333333333333,0.11764705882352941,0.3333333333333333,0.18181818181818182,0.2,,,,,,,,,,,,,,,,,,,,,,,0.0,multiclass,cic-malmem,classical,,,,random_forest,-1,3,,,,,,500,,,24,3,None,random_forest-multiclass-nc3
FINISHED,2026-07-14 14:50:13.622000+00:00,2026-07-14 14:50:13.892000+00:00,0.14285714285714285,0.0,0.4444444444444444,0.4056010618272527,0.565,1.0108088900451548,0.9950248756218906,0.19623589591101967,0.16666666666666666,0.1886904761904762,0.0,0.0,0.14262388198403642,0.8020520671230509,0.3333333333333333,0.0,0.11764705882352941,13.730034075968433,0.1893837146416163,0.0,0.23529411764705882,0.46153846153846156,0.0,0.13333333333333333,,,,,,,,,,,,,,,,,,,,,,,0.0,multiclass,cic-malmem,classical,,,,random_forest,-1,3,,,,,,500,,,15,2,log2,random_forest-multiclass-nc3
FINISHED,2026-07-14 14:50:31.251000+00:00,2026-07-14 14:50:31.628000+00:00,0.25,0.16666666666666666,0.3333333333333333,0.40146470327585027,0.56,1.013611543981824,1.0,0.2171875,0.1111111111111111,0.1767857142857143,0.375,0.0,0.14690153999254107,0.7713823875585692,0.1,0.14285714285714285,0.0,16.017953163012862,0.17324359668109668,0.18181818181818182,0.0,0.1111111111111111,0.0,0.0,,,,,,,,,,,,,,,,,,,,,,,0.0,multiclass,cic-malmem,classical,,,,random_forest,-1,3,,,,,,500,,,15,1,log2,random_forest-multiclass-nc3
FINISHED,2026-07-14 14:50:50.763000+00:00,2026-07-14 14:50:51.030000+00:00,0.0,0.25,0.3333333333333333,0.4104121522962778,0.565,1.2147119020228274,0.9949748743718593,0.17532467532467533,0.0,0.19699404761904762,0.13333333333333333,0.2,0.15304204198764637,0.7965726337482024,0.10526315789473684,0.0,0.10526315789473684,17.567192883987445,0.18005253479232314,0.3076923076923077,0.0,0.3333333333333333,0.0,0.11764705882352941,,,,,,,,,,,,,,,,,,,,,,,0.0,multiclass,cic-malmem,classical,,,,random_forest,-1,3,,,,,,600,,,15,4,log2,random_forest-multiclass-nc3
FINISHED,2026-07-14 14:51:04.593000+00:00,2026-07-14 14:51:04.887000+00:00,0.0,0.15384615384615385,0.2,0.41579325490569563,0.57,0.9170216739876196,0.9849246231155779,0.1957724567099567,0.2857142857142857,0.20455357142857145,0.42857142857142855,0.0,0.12868534302106127,0.8238752241991729,0.14285714285714285,0.21052631578947367,0.0,12.401966756035108,0.19727749686837892,0.16666666666666666,0.0,0.3333333333333333,0.0,0.25,,,,,,,,,,,,,,,,,,,,,,,0.0,multiclass,cic-malmem,classical,,,,random_forest,-1,3,,,,,,450,,,23,6,sqrt,random_forest-multiclass-nc3
FINISHED,2026-07-14 14:51:04.917000+00:00,2026-07-14 14:54:01.112000+00:00,,,,,,,,,,,,,,,,,,,,,,,,,0.20591656695816032,4.0808529280351955,0.575,0.21885046467639652,0.8232835073837705,0.011272058489478624,0.20878273809523806,0.04403073259910184,28.094022701412904,0.030425884180188725,0.02715753121301532,0.03522272215646836,0.42061925889626617,0.015811388300841868,0.020612348828238602,0.02113880180920542,1.544961438883565,6.585777274379507,,,,,,multiclass,cic-malmem,classical,,,,xgboost,-1,3,,,,,,,,,,,,xgboost-multiclass-nc3
FINISHED,2026-07-14 14:51:45.874000+00:00,2026-07-14 14:51:46.253000+00:00,0.09523809523809523,0.2222222222222222,0.2857142857142857,0.427844701868923,0.58,9.23328257695539,1.0,0.24040178571428572,0.26666666666666666,0.21562499999999998,0.0,0.26666666666666666,0.02652530901832506,0.8359449183490597,0.16666666666666666,0.15384615384615385,0.4,31.570058472047094,0.22245948495948495,0.15384615384615385,0.0,0.18181818181818182,0.16666666666666666,0.2,,,,,,,,,,,,,,,,,,,,,,,0.0,multiclass,cic-malmem,classical,,,,xgboost,-1,3,,,,0.8487147089943409,0.09298928778294614,550,0.721433619556339,,9,,,xgboost-multiclass-nc3
FINISHED,2026-07-14 14:52:23.102000+00:00,2026-07-14 14:52:23.489000+00:00,0.25,0.0,0.25,0.43127531710168077,0.585,6.585442295996472,0.9900990099009901,0.22526329879271056,0.18181818181818182,0.22120535714285716,0.13333333333333333,0.0,0.04361913597676903,0.8273474782973016,0.18181818181818182,0.10526315789473684,0.13333333333333333,30.109397760010324,0.21682912760622505,0.15384615384615385,0.2857142857142857,0.4,0.18181818181818182,0.0,,,,,,,,,,,,,,,,,,,,,,,0.2222222222222222,multiclass,cic-malmem,classical,,,,xgboost,-1,3,,,,0.9130861657309537,0.04942513703617989,600,0.915790826527786,,10,,,xgboost-multiclass-nc3
FINISHED,2026-07-14 14:52:48.778000+00:00,2026-07-14 14:52:49.304000+00:00,0.18181818181818182,0.0,0.3333333333333333,0.3808230260811847,0.545,4.417881354980636,1.0,0.13442460317460317,0.0,0.15111607142857142,0.25,0.0,0.012049237033352256,0.7858291248921386,0.2,0.0,0.0,20.7939575620112,0.1385082442067736,0.0,0.13333333333333333,0.11764705882352941,0.0,0.0,,,,,,,,,,,,,,,,,,,,,,,0.0,multiclass,cic-malmem,classical,,,,xgboost,-1,3,,,,0.8307796695558711,0.046534586920233545,300,0.9100527164197302,,11,,,xgboost-multiclass-nc3
FINISHED,2026-07-14 14:53:22.070000+00:00,2026-07-14 14:53:22.483000+00:00,0.0,0.2857142857142857,0.5,0.42336936753519516,0.575,6.110959179990459,0.9949748743718593,0.23181280525030523,0.23529411764705882,0.21447916666666667,0.19047619047619047,0.2857142857142857,0.018569234001915902,0.8188199764419977,0.2222222222222222,0.18181818181818182,0.13333333333333333,26.528969817969482,0.21058854827144805,0.2222222222222222,0.0,0.11764705882352941,0.0,0.0,,,,,,,,,,,,,,,,,,,,,,,0.0,multiclass,cic-malmem,classical,,,,xgboost,-1,3,,,,0.9498699557511783,0.03230061469147422,350,0.7199232629799014,,11,,,xgboost-multiclass-nc3
FINISHED,2026-07-14 14:54:00.668000+00:00,2026-07-14 14:54:01.089000+00:00,0.15384615384615385,0.3333333333333333,0.2857142857142857,0.4397838818943469,0.59,6.581320963974576,0.9850746268656716,0.262349830450078,0.14285714285714285,0.24148809523809522,0.26666666666666666,0.16666666666666666,0.03502474003471434,0.848476038938355,0.16666666666666666,0.2,0.0,31.467729895026423,0.24119742974687006,0.0,0.125,0.4,0.1,0.3333333333333333,,,,,,,,,,,,,,,,,,,,,,,0.2,multiclass,cic-malmem,classical,,,,xgboost,-1,3,,,,0.9032475568830881,0.010008654148692115,600,0.6888265901659455,,9,,,xgboost-multiclass-nc3
FINISHED,2026-07-14 14:54:01.125000+00:00,2026-07-14 14:58:33.993000+00:00,,,,,,,,,,,,,,,,,,,,,,,,,0.20187278577390363,6.121288765216808,0.5720000000000001,0.21413820885076595,0.8054237421122454,0.005926414984875103,0.2044821428571429,0.06167172310923526,37.61476428479655,0.04700993466189992,0.014794699405319989,0.04947235500989253,0.41546081365958115,0.024819347291981684,0.034620970499017266,0.01716317555357339,6.07159014630016,16.411268051015213,,,,,,multiclass,cic-malmem,classical,,,,lightgbm,-1,3,,,,,,,,,,,,lightgbm-multiclass-nc3
FINISHED,2026-07-14 14:54:56.265000+00:00,2026-07-14 14:54:56.697000+00:00,0.14285714285714285,0.25,0.3333333333333333,0.38081589399890325,0.55,17.75270080199698,0.9852216748768473,0.17689984974572354,0.23529411764705882,0.165625,0.0,0.0,0.016744590015150607,0.8075878676201276,0.0,0.0,0.15384615384615385,37.28877724800259,0.16589991102541812,0.15384615384615385,0.13333333333333333,0.26666666666666666,0.0,0.0,,,,,,,,,,,,,,,,,,,,,,,0.0,multiclass,cic-malmem,classical,,,,lightgbm,-1,3,,,,0.6624074561769746,0.06504856968981275,300,0.8394633936788146,244,,,,lightgbm-multiclass-nc3
FINISHED,2026-07-14 14:55:40.747000+00:00,2026-07-14 14:55:41.183000+00:00,0.18181818181818182,0.2857142857142857,0.2857142857142857,0.44484558687701853,0.595,5.771057136007585,0.9900990099009901,0.29021796218487395,0.3076923076923077,0.24300595238095238,0.26666666666666666,0.2857142857142857,0.0066056729992851615,0.8171264457090535,0.4,0.1111111111111111,0.13333333333333333,38.210727330995724,0.24986646672909046,0.0,0.375,0.375,0.0,0.0,,,,,,,,,,,,,,,,,,,,,,,0.0,multiclass,cic-malmem,classical,,,,lightgbm,-1,3,,,,0.8832290311184181,0.13983740016490973,150,0.8404460046972835,28,,,,lightgbm-multiclass-nc3
FINISHED,2026-07-14 14:56:49.842000+00:00,2026-07-14 14:56:50.248000+00:00,0.0,0.0,0.3333333333333333,0.36698456578368066,0.535,22.238391845021397,1.0,0.11867559523809523,0.0,0.13288690476190476,0.25,0.0,0.017773320025298744,0.7717688807430623,0.1,0.0,0.0,46.32492550800089,0.12395833333333334,0.13333333333333333,0.16666666666666666,0.0,0.0,0.0,,,,,,,,,,,,,,,,,,,,,,,0.0,multiclass,cic-malmem,classical,,,,lightgbm,-1,3,,,,0.9082197086055099,0.04669207840693148,600,0.6885385036126941,171,,,,lightgbm-multiclass-nc3
FINISHED,2026-07-14 14:57:31.826000+00:00,2026-07-14 14:57:32.417000+00:00,0.0,0.35294117647058826,0.5,0.45056235736831424,0.595,14.317869424005039,0.9949748743718593,0.26617739898989895,0.13333333333333333,0.25354166666666667,0.23529411764705882,0.375,0.009695837972685695,0.814133811350406,0.18181818181818182,0.18181818181818182,0.0,27.179062802984845,0.24893485270231133,0.26666666666666666,0.2,0.25,0.2,0.1111111111111111,,,,,,,,,,,,,,,,,,,,,,,0.0,multiclass,cic-malmem,classical,,,,lightgbm,-1,3,,,,0.9477850655406262,0.03230061469147422,150,0.6884930803211916,113,,,,lightgbm-multiclass-nc3
FINISHED,2026-07-14 14:58:33.559000+00:00,2026-07-14 14:58:33.974000+00:00,0.0,0.3333333333333333,0.2222222222222222,0.43409566426998913,0.585,21.976321048045065,0.99,0.21872023809523808,0.0,0.22735119047619046,0.4,0.0,0.023154076014179736,0.8165017051385783,0.16666666666666666,0.0,0.13333333333333333,39.07032853399869,0.22070436507936508,0.26666666666666666,0.3333333333333333,0.4,0.0,0.2857142857142857,,,,,,,,,,,,,,,,,,,,,,,0.0,multiclass,cic-malmem,classical,,,,lightgbm,-1,3,,,,0.895263957478814,0.05819046629725154,600,0.6236455099722072,201,,,,lightgbm-multiclass-nc3
FINISHED,2026-07-14 14:58:34.004000+00:00,2026-07-14 14:58:41.829000+00:00,,,,,,,,,,,,,,,,,,,,,,,,,0.17608374288965817,0.4879480302732191,0.564,0.18692716719554953,0.6616635783592422,0.0003343669189813128,0.18517658730158731,0.02883938122363251,1.1363336177892052,0.028226361363595808,0.0036507993936538696,0.02290986725648865,0.4008378541761461,0.011575836902790192,0.019764623720087714,0.02771171579433115,0.00853422471207191,0.03471748599549755,,,,,,multiclass,cic-malmem,classical,,,,svm,-1,3,,,,,,,,,,,,svm-multiclass-nc3
FINISHED,2026-07-14 14:58:36.189000+00:00,2026-07-14 14:58:36.499000+00:00,0.11764705882352941,0.0,0.0,0.3701333448656263,0.545,0.038016137026716024,0.975609756097561,0.16260146103896103,0.13333333333333333,0.1388888888888889,0.23529411764705882,0.26666666666666666,0.003574384027160704,0.700973452107507,0.2222222222222222,0.0,0.1111111111111111,2.087937598931603,0.14136776661884265,0.0,0.0,0.2,0.0,0.0,,,,,,,,,,,,,,,,,,,,,,,0.0,multiclass,cic-malmem,classical,1.717831716663361,7.0454900978099575,balanced,svm,-1,3,,,,,,,,,,,,svm-multiclass-nc3
FINISHED,2026-07-14 14:58:37.617000+00:00,2026-07-14 14:58:37.925000+00:00,0.11764705882352941,0.0,0.25,0.39894107884672325,0.565,0.043128713965415955,0.975609756097561,0.16545364357864356,0.0,0.18660714285714286,0.0,0.0,0.0037821049918420613,0.6722962233494856,0.4,0.11764705882352941,0.125,1.020003155048471,0.17193645242649905,0.0,0.2222222222222222,0.4,0.0,0.14285714285714285,,,,,,,,,,,,,,,,,,,,,,,0.0,multiclass,cic-malmem,classical,1.8674328870213317,34.89659465717493,balanced,svm,-1,3,,,,,,,,,,,,svm-multiclass-nc3
FINISHED,2026-07-14 14:58:39.018000+00:00,2026-07-14 14:58:39.336000+00:00,0.0,0.0,0.5,0.39367656300659554,0.56,0.036796235013753176,0.975609756097561,0.17278502747252747,0.0,0.17752976190476188,0.3076923076923077,0.16666666666666666,0.004195543006062508,0.6310268998354283,0.125,0.0,0.1935483870967742,1.0004764139885083,0.1646989865137485,0.2,0.16666666666666666,0.0,0.0,0.0,,,,,,,,,,,,,,,,,,,,,,,0.0,multiclass,cic-malmem,classical,1.3035129342014682,0.9819885715428781,balanced,svm,-1,3,,,,,,,,,,,,svm-multiclass-nc3
FINISHED,2026-07-14 14:58:40.274000+00:00,2026-07-14 14:58:40.727000+00:00,0.0,0.15384615384615385,0.5714285714285714,0.4116355911063226,0.57,0.03739267494529486,0.9900990099009901,0.2404479405398523,0.0,0.1972470238095238,0.13333333333333333,0.18181818181818182,0.0035233189701102674,0.6290279164271402,0.11764705882352941,0.18181818181818182,0.10526315789473684,0.851180543017108,0.20342884325005836,0.11764705882352941,0.0,0.3333333333333333,0.13333333333333333,0.23529411764705882,,,,,,,,,,,,,,,,,,,,,,,0.0,multiclass,cic-malmem,classical,0.7092588359401288,31.783761608619265,balanced,svm,-1,3,,,,,,,,,,,,svm-multiclass-nc3
FINISHED,2026-07-14 14:58:41.505000+00:00,2026-07-14 14:58:41.811000+00:00,0.0,0.14285714285714285,0.4444444444444444,0.429802693055463,0.58,0.01825366902630776,0.98,0.19334776334776335,0.14285714285714285,0.22561011904761905,0.11764705882352941,0.36363636363636365,0.0031786459730938077,0.67499340007665,0.18181818181818182,0.0,0.26666666666666666,0.7220703779603355,0.1989866656391424,0.21052631578947367,0.0,0.3333333333333333,0.0,0.0,,,,,,,,,,,,,,,,,,,,,,,0.0,multiclass,cic-malmem,classical,0.055241311090626945,15.598643197521564,balanced,svm,-1,3,,,,,,,,,,,,svm-multiclass-nc3
FINISHED,2026-07-14 14:58:47.212000+00:00,2026-07-14 15:38:03.737000+00:00,,,,,,,,,,,,,,,,,,,,,,,,,0.1104506663588086,0.9662336713481761,0.538,0.10909888355367618,0.6381819735438368,10.131229357204203,0.13892559523809522,0.01401286563833989,257.16445834561017,0.01394453831467804,71.83204781559762,0.00974710082775089,0.38429453764420957,0.006000000000000005,0.011535264134979692,0.027973027218570656,18.488105499083765,142.00162764179987,,,,,,multiclass,cic-malmem,quantum,,,,qsvm,,4,,,,,,,,,,,,qsvm-multiclass-nc4
FINISHED,2026-07-14 15:07:04.416000+00:00,2026-07-14 15:07:04.694000+00:00,0.0,0.0,0.2222222222222222,0.4044207113717523,0.545,157.71126662398456,0.9949748743718593,0.08721530720338982,0.0,0.14595238095238094,0.17647058823529413,0.0,80.39841736899689,0.6791895374147459,0.0,0.0,0.15384615384615385,259.037450289994,0.09671961491722059,0.0,0.0,0.0,0.0,0.0,,,,,,,,,,,,,,,,,,,157.7006253770087,479600.0,80.39739757200005,0.10117896227491384,0.0,multiclass,cic-malmem,quantum,,10.0,None,qsvm,,4,0.5,4,iqp,,,,,,,,,qsvm-multiclass-nc4
FINISHED,2026-07-14 15:14:20.730000+00:00,2026-07-14 15:14:20.995000+00:00,0.0,0.0,0.4,0.37249257896416843,0.535,119.71247130300617,0.9950248756218906,0.09921396403854432,0.0,0.13214285714285712,0.0,0.06666666666666667,59.526553764997516,0.5929086308395308,0.0,0.0,0.24242424242424243,256.76260108704446,0.10650723654454998,0.0,0.0,0.0,0.0,0.0,,,,,,,,,,,,,,,,,,,119.69952659599949,479600.0,59.52526915399358,0.07560609202285443,0.0,multiclass,cic-malmem,quantum,,10.0,balanced,qsvm,,4,0.5,4,angle,,,,,,,,,qsvm-multiclass-nc4
FINISHED,2026-07-14 15:21:36.360000+00:00,2026-07-14 15:21:36.622000+00:00,0.0,0.0,0.5,0.37807207179326396,0.535,119.01517535600578,1.0,0.1242690058479532,0.0,0.12991071428571427,0.0,0.15384615384615385,59.3253440289991,0.6413012537802973,0.0,0.0,0.125,256.99616833101027,0.12043714387464388,0.0,0.0,0.14814814814814814,0.0,0.0,,,,,,,,,,,,,,,,,,,119.00296205596533,479600.0,59.32404729601694,0.06522410224177266,0.0,multiclass,cic-malmem,quantum,,10.0,balanced,qsvm,,4,0.5,4,angle,,,,,,,,,qsvm-multiclass-nc4
FINISHED,2026-07-14 15:29:50.042000+00:00,2026-07-14 15:29:50.303000+00:00,0.0,0.0,0.3076923076923077,0.3895695914210128,0.545,156.76579298300203,0.9949748743718593,0.11307870370370371,0.0,0.16276785714285713,0.0,0.18181818181818182,79.85480615997221,0.629514869334557,0.0,0.0,0.23529411764705882,256.7594358989736,0.12271057656994694,0.0,0.07692307692307693,0.0,0.0,0.0,,,,,,,,,,,,,,,,,,,156.7514158799895,479600.0,79.85363495198544,0.10867140622771246,0.16666666666666666,multiclass,cic-malmem,quantum,,10.0,balanced,qsvm,,4,0.5,4,iqp,,,,,,,,,qsvm-multiclass-nc4
FINISHED,2026-07-14 15:38:03.457000+00:00,2026-07-14 15:38:03.718000+00:00,0.0,0.0,0.2857142857142857,0.3769177346708501,0.53,156.80343194300076,0.9949748743718593,0.12171743697478993,0.0,0.12385416666666665,0.05555555555555555,0.2222222222222222,80.05511775502237,0.6479955763500524,0.0,0.0,0.13559322033898305,256.26663612102857,0.10587875988768161,0.0,0.0,0.0,0.0,0.0,,,,,,,,,,,,,,,,,,,156.79362007201416,479600.0,80.05400087498128,0.1703776581917371,0.0,multiclass,cic-malmem,quantum,,10.0,None,qsvm,,4,0.5,4,iqp,,,,,,,,,qsvm-multiclass-nc4
FINISHED,2026-07-14 15:38:07.214000+00:00,2026-07-14 15:39:48.796000+00:00,,,,,,,,,,,,,,,,,,,,,,,,,0.21217347736345285,6.585302858525994,0.5740000000000001,0.23310443303945777,0.8141822868234285,0.037631970943853746,0.2111418650793651,0.037430498544324876,18.92176716341637,0.03643731704487097,0.1141468245885335,0.0353829147669386,0.420609707369871,0.017720045146669323,0.025070469864231757,0.017391595739113395,0.26748152603115377,0.8126729301991873,,,,,,multiclass,cic-malmem,classical,,,,random_forest,-1,4,,,,,,,,,,,,random_forest-multiclass-nc4
FINISHED,2026-07-14 15:38:39.056000+00:00,2026-07-14 15:38:39.358000+00:00,0.11764705882352941,0.25,0.2857142857142857,0.4639917096619186,0.605,0.9565047610085458,0.9949748743718593,0.302405753968254,0.4,0.2737301587301587,0.15384615384615385,0.125,0.13064632198074833,0.8366253247304315,0.15384615384615385,0.10526315789473684,0.2857142857142857,30.560082044976298,0.2772087921701362,0.2,0.26666666666666666,0.3076923076923077,0.3076923076923077,0.36363636363636365,,,,,,,,,,,,,,,,,,,,,,,0.11764705882352941,multiclass,cic-malmem,classical,,,,random_forest,-1,4,,,,,,450,,,18,2,None,random_forest-multiclass-nc4
FINISHED,2026-07-14 15:38:58.647000+00:00,2026-07-14 15:38:58.931000+00:00,0.13333333333333333,0.25,0.5,0.3914907724680509,0.555,0.8362788039958104,0.9950248756218906,0.20654884684897062,0.0,0.17031249999999998,0.16666666666666666,0.0,0.1204835110111162,0.8265752828290784,0.3333333333333333,0.0,0.125,18.182305758993607,0.1832456023454158,0.0,0.0,0.2857142857142857,0.0,0.14285714285714285,,,,,,,,,,,,,,,,,,,,,,,0.0,multiclass,cic-malmem,classical,,,,random_forest,-1,4,,,,,,400,,,15,3,sqrt,random_forest-multiclass-nc4
FINISHED,2026-07-14 15:39:20.944000+00:00,2026-07-14 15:39:21.324000+00:00,0.25,0.18181818181818182,0.3333333333333333,0.4149901966760171,0.57,1.2067779639619403,1.0,0.23184142246642245,0.1111111111111111,0.1961309523809524,0.375,0.0,0.17257278499891981,0.7854294683409218,0.10526315789473684,0.15384615384615385,0.2857142857142857,20.434863093076274,0.190901222315696,0.0,0.13333333333333333,0.125,0.0,0.0,,,,,,,,,,,,,,,,,,,,,,,0.0,multiclass,cic-malmem,classical,,,,random_forest,-1,4,,,,,,600,,,17,1,log2,random_forest-multiclass-nc4
FINISHED,2026-07-14 15:39:34.004000+00:00,2026-07-14 15:39:34.287000+00:00,0.0,0.16666666666666666,0.3333333333333333,0.40317691520193977,0.56,0.6403061270248145,0.9949748743718593,0.19453983516483517,0.16666666666666666,0.1876934523809524,0.0,0.36363636363636365,0.07866736798314378,0.8089232046891408,0.0,0.0,0.1,11.845106262015179,0.18699653570884725,0.3333333333333333,0.2,0.3333333333333333,0.0,0.0,,,,,,,,,,,,,,,,,,,,,,,0.0,multiclass,cic-malmem,classical,,,,random_forest,-1,4,,,,,,300,,,31,8,sqrt,random_forest-multiclass-nc4
FINISHED,2026-07-14 15:39:48.469000+00:00,2026-07-14 15:39:48.779000+00:00,0.18181818181818182,0.3076923076923077,0.25,0.42939894284142827,0.58,0.4234969950048253,0.9849246231155779,0.23018630674880675,0.18181818181818182,0.2278422619047619,0.26666666666666666,0.0,0.06836413696873933,0.8133581535275705,0.15384615384615385,0.13333333333333333,0.13333333333333333,13.586478658020496,0.22251523427716893,0.0,0.0,0.38095238095238093,0.2222222222222222,0.18181818181818182,,,,,,,,,,,,,,,,,,,,,,,0.18181818181818182,multiclass,cic-malmem,classical,,,,random_forest,-1,4,,,,,,200,,,24,1,log2,random_forest-multiclass-nc4
FINISHED,2026-07-14 15:39:48.807000+00:00,2026-07-14 15:42:04.473000+00:00,,,,,,,,,,,,,,,,,,,,,,,,,0.20940000293942326,3.4771865890753575,0.579,0.22790270762813236,0.823855926030658,0.005898402823746524,0.21583333333333332,0.03990787096040992,23.935717807011677,0.02256476490821058,0.015876667795237154,0.028876197038238613,0.42590581685930423,0.01067707825203128,0.014803908288722127,0.019920448514631643,1.1028530900690816,2.6650489759864286,,,,,,multiclass,cic-malmem,classical,,,,xgboost,-1,4,,,,,,,,,,,,xgboost-multiclass-nc4
FINISHED,2026-07-14 15:40:19.055000+00:00,2026-07-14 15:40:19.450000+00:00,0.09523809523809523,0.2857142857142857,0.5714285714285714,0.4418276803113037,0.59,3.1299652769812383,1.0,0.28088474025974025,0.23529411764705882,0.24732142857142855,0.0,0.15384615384615385,0.011548796959687024,0.8391226573028908,0.15384615384615385,0.0,0.3333333333333333,27.01913735398557,0.2506719995690584,0.2,0.3076923076923077,0.3076923076923077,0.2,0.16666666666666666,,,,,,,,,,,,,,,,,,,,,,,0.0,multiclass,cic-malmem,classical,,,,xgboost,-1,4,,,,0.816406666013694,0.1808505982575511,400,0.8072439151235116,,11,,,xgboost-multiclass-nc4
FINISHED,2026-07-14 15:40:49.365000+00:00,2026-07-14 15:40:49.746000+00:00,0.16666666666666666,0.25,0.2857142857142857,0.4153576878513646,0.575,4.204232748015784,0.9852216748768473,0.2324306037139775,0.0,0.2054315476190476,0.13333333333333333,0.0,0.01988922501914203,0.8207859543399194,0.3076923076923077,0.13333333333333333,0.0,25.60482971696183,0.2123015486035263,0.14285714285714285,0.15384615384615385,0.4,0.15384615384615385,0.16666666666666666,,,,,,,,,,,,,,,,,,,,,,,0.11764705882352941,multiclass,cic-malmem,classical,,,,xgboost,-1,4,,,,0.6739417822102108,0.01942099825171803,450,0.8186841117373118,,6,,,xgboost-multiclass-nc4
FINISHED,2026-07-14 15:41:11.272000+00:00,2026-07-14 15:41:11.820000+00:00,0.18181818181818182,0.0,0.3076923076923077,0.40218882604134326,0.56,1.2413293469580822,1.0,0.1591765873015873,0.0,0.17938988095238095,0.3076923076923077,0.0,0.025522976007778198,0.7887237332900396,0.23076923076923078,0.0,0.11764705882352941,20.162694521073718,0.15999809014514899,0.14285714285714285,0.15384615384615385,0.11764705882352941,0.0,0.0,,,,,,,,,,,,,,,,,,,,,,,0.0,multiclass,cic-malmem,classical,,,,xgboost,-1,4,,,,0.8217295160623135,0.03417857165858613,300,0.9106274733844181,,3,,,xgboost-multiclass-nc4
FINISHED,2026-07-14 15:41:32.829000+00:00,2026-07-14 15:41:33.254000+00:00,0.0,0.3076923076923077,0.5,0.4354493059702889,0.585,1.5683872639783658,1.0,0.2202931616994117,0.25,0.2232886904761905,0.2857142857142857,0.18181818181818182,0.010084293026011437,0.8242706900332465,0.18181818181818182,0.18181818181818182,0.0,19.35663007403491,0.21075717046111783,0.2727272727272727,0.0,0.21052631578947367,0.0,0.0,,,,,,,,,,,,,,,,,,,,,,,0.0,multiclass,cic-malmem,classical,,,,xgboost,-1,4,,,,0.937592040684478,0.038262984685231594,250,0.8042342549533442,,5,,,xgboost-multiclass-nc4
FINISHED,2026-07-14 15:42:04.054000+00:00,2026-07-14 15:42:04.453000+00:00,0.16666666666666666,0.46153846153846156,0.3333333333333333,0.4347055841222207,0.585,3.181330243998673,1.0,0.24672844516594516,0.0,0.22373511904761906,0.23529411764705882,0.0,0.012338047963567078,0.8463765951871938,0.16666666666666666,0.0,0.14285714285714285,27.535297369002365,0.21327120591826476,0.0,0.15384615384615385,0.3333333333333333,0.1111111111111111,0.3076923076923077,,,,,,,,,,,,,,,,,,,,,,,0.0,multiclass,cic-malmem,classical,,,,xgboost,-1,4,,,,0.8122955573852817,0.04973043130678939,300,0.9236611779482298,,11,,,xgboost-multiclass-nc4
FINISHED,2026-07-14 15:42:04.485000+00:00,2026-07-14 15:47:39.196000+00:00,,,,,,,,,,,,,,,,,,,,,,,,,0.20128605891457435,11.148809971164093,0.5730000000000001,0.2093621835680659,0.8111665127546918,0.005542493387517657,0.2097787698412698,0.024190684287307664,43.544198871415574,0.019451259030192944,0.01855726041831076,0.019163304207443534,0.4185523044192266,0.00748331477354785,0.011237936568626702,0.014756080939900728,10.161681651788761,22.832490733184386,,,,,,multiclass,cic-malmem,classical,,,,lightgbm,-1,4,,,,,,,,,,,,lightgbm-multiclass-nc4
FINISHED,2026-07-14 15:43:30.377000+00:00,2026-07-14 15:43:30.801000+00:00,0.125,0.2,0.5714285714285714,0.4226228179760608,0.575,22.83240382099757,0.9949748743718593,0.2277529761904762,0.26666666666666666,0.22328373015873015,0.15384615384615385,0.0,0.02378716500243172,0.8061677394671262,0.0,0.125,0.2857142857142857,62.941772365011275,0.2214464607837723,0.16666666666666666,0.15384615384615385,0.375,0.0,0.0,,,,,,,,,,,,,,,,,,,,,,,0.125,multiclass,cic-malmem,classical,,,,lightgbm,-1,4,,,,0.6013948285683772,0.05185615058774354,600,0.6017262123368978,184,,,,lightgbm-multiclass-nc4
FINISHED,2026-07-14 15:44:07.827000+00:00,2026-07-14 15:44:08.256000+00:00,0.125,0.4,0.25,0.41020184468948806,0.57,7.0738714399631135,0.9900990099009901,0.2164580415499533,0.0,0.20119047619047617,0.0,0.0,0.009987058991100639,0.7995456157461498,0.36363636363636365,0.25,0.125,29.872310823062435,0.20365295801558175,0.0,0.0,0.2857142857142857,0.15384615384615385,0.18181818181818182,,,,,,,,,,,,,,,,,,,,,,,0.13333333333333333,multiclass,cic-malmem,classical,,,,lightgbm,-1,4,,,,0.8165600949212942,0.19482817447598624,200,0.9037632300943372,254,,,,lightgbm-multiclass-nc4
FINISHED,2026-07-14 15:45:04.915000+00:00,2026-07-14 15:45:05.351000+00:00,0.0,0.0,0.36363636363636365,0.40108756793923767,0.56,19.913949074980337,1.0,0.16155823343323344,0.0,0.17529761904761904,0.35294117647058826,0.15384615384615385,0.01424433704232797,0.795151355908704,0.10526315789473684,0.18181818181818182,0.2222222222222222,36.640422659984324,0.16487878682634874,0.0,0.125,0.13333333333333333,0.0,0.0,,,,,,,,,,,,,,,,,,,,,,,0.0,multiclass,cic-malmem,classical,,,,lightgbm,-1,4,,,,0.6066435767070617,0.04720112771722833,300,0.8941480395634759,183,,,,lightgbm-multiclass-nc4
FINISHED,2026-07-14 15:46:17.460000+00:00,2026-07-14 15:46:18.050000+00:00,0.0,0.42857142857142855,0.36363636363636365,0.4307892338034876,0.58,25.650872773956507,0.9949748743718593,0.21927083333333336,0.0,0.2267559523809524,0.3,0.16666666666666666,0.020817232027184218,0.8191270303181863,0.2222222222222222,0.36363636363636365,0.0,46.362298282037955,0.20715346211577368,0.36363636363636365,0.0,0.1111111111111111,0.0,0.0,,,,,,,,,,,,,,,,,,,,,,,0.0,multiclass,cic-malmem,classical,,,,lightgbm,-1,4,,,,0.7473945810686196,0.009053819482950492,300,0.6345475687277082,42,,,,lightgbm-multiclass-nc4
FINISHED,2026-07-14 15:47:38.746000+00:00,2026-07-14 15:47:39.175000+00:00,0.0,0.4,0.2857142857142857,0.42806005768785865,0.58,38.6913565560244,0.99,0.2217708333333333,0.25,0.2223660714285714,0.18181818181818182,0.0,0.02395050902850926,0.8358408223332918,0.15384615384615385,0.13333333333333333,0.14285714285714285,41.90419022698188,0.20929862683139536,0.125,0.0,0.2608695652173913,0.11764705882352941,0.3076923076923077,,,,,,,,,,,,,,,,,,,,,,,0.0,multiclass,cic-malmem,classical,,,,lightgbm,-1,4,,,,0.6739417822102108,0.01942099825171803,450,0.8186841117373118,90,,,,lightgbm-multiclass-nc4
FINISHED,2026-07-14 15:47:39.208000+00:00,2026-07-14 15:47:46.299000+00:00,,,,,,,,,,,,,,,,,,,,,,,,,0.17040095944740133,0.14927722128339785,0.5589999999999999,0.19169921056308775,0.6687555232935973,0.0004743107010628528,0.17394146825396825,0.03791652153058041,0.9884265722008422,0.024088722345392954,0.0040672266157343985,0.024655084257610843,0.3902513931236552,0.01280624847486567,0.020764104193111265,0.040922167324795505,0.011557477132151701,0.03868872821331024,,,,,,multiclass,cic-malmem,classical,,,,svm,-1,4,,,,,,,,,,,,svm-multiclass-nc4
FINISHED,2026-07-14 15:47:40.530000+00:00,2026-07-14 15:47:40.844000+00:00,0.1,0.2,0.0,0.386089337020241,0.56,0.049242670997045934,0.9615384615384616,0.18843928062678064,0.16666666666666666,0.17281746031746031,0.3076923076923077,0.0,0.004491811036132276,0.719776278388121,0.0,0.0,0.11764705882352941,1.2092881970456801,0.17129524886877828,0.0,0.15384615384615385,0.2,0.0,0.3333333333333333,,,,,,,,,,,,,,,,,,,,,,,0.2,multiclass,cic-malmem,classical,1.6592067603406628,93.28415235990755,balanced,svm,-1,4,,,,,,,,,,,,svm-multiclass-nc4
FINISHED,2026-07-14 15:47:42.008000+00:00,2026-07-14 15:47:42.316000+00:00,0.26666666666666666,0.0,0.2857142857142857,0.39758600377118214,0.57,0.049202450027223676,0.9569377990430622,0.22177397335080823,0.2,0.18995535714285716,0.16666666666666666,0.0,0.004549845994915813,0.6564972386935796,0.26666666666666666,0.0,0.14285714285714285,1.0613436150015332,0.1965011961722488,0.0,0.0,0.5714285714285714,0.18181818181818182,0.10526315789473684,,,,,,,,,,,,,,,,,,,,,,,0.0,multiclass,cic-malmem,classical,1.8258944787100289,34.89659465717493,balanced,svm,-1,4,,,,,,,,,,,,svm-multiclass-nc4
FINISHED,2026-07-14 15:47:43.371000+00:00,2026-07-14 15:47:43.684000+00:00,0.0,0.0,0.2,0.3528083653669421,0.535,0.0455781560158357,0.966183574879227,0.12398886646842254,0.0,0.12819940476190478,0.2857142857142857,0.0,0.004299678024835885,0.6162468838103681,0.125,0.0,0.13333333333333333,0.9570067609893158,0.12385777541228307,0.0,0.11764705882352941,0.15384615384615385,0.0,0.0,,,,,,,,,,,,,,,,,,,,,,,0.0,multiclass,cic-malmem,classical,1.5142118744139044,70.33537503900212,balanced,svm,-1,4,,,,,,,,,,,,svm-multiclass-nc4
FINISHED,2026-07-14 15:47:44.723000+00:00,2026-07-14 15:47:45.165000+00:00,0.0,0.16666666666666666,0.4,0.40047982527147563,0.56,0.026670872000977397,0.9850746268656716,0.2327901540154015,0.2857142857142857,0.18322916666666667,0.09090909090909091,0.2,0.0035615050001069903,0.638425784644215,0.125,0.25,0.07142857142857142,0.9619333469890989,0.18015534682978712,0.0,0.0,0.3076923076923077,0.0,0.0,,,,,,,,,,,,,,,,,,,,,,,0.0,multiclass,cic-malmem,classical,0.1719820220103081,29.069935978520896,balanced,svm,-1,4,,,,,,,,,,,,svm-multiclass-nc4
FINISHED,2026-07-14 15:47:45.978000+00:00,2026-07-14 15:47:46.282000+00:00,0.0,0.25,0.2857142857142857,0.4142934341884352,0.57,0.0227494920254685,0.9850746268656716,0.19150377835402588,0.14285714285714285,0.19550595238095236,0.14285714285714285,0.0,0.0034332930226810277,0.7128314309317031,0.16666666666666666,0.0,0.22857142857142856,0.752560940978583,0.18019522995390935,0.26666666666666666,0.15384615384615385,0.2608695652173913,0.0,0.0,,,,,,,,,,,,,,,,,,,,,,,0.0,multiclass,cic-malmem,classical,0.15960103715628737,11.506802696040852,balanced,svm,-1,4,,,,,,,,,,,,svm-multiclass-nc4
FINISHED,2026-07-14 15:47:51.542000+00:00,2026-07-14 16:43:02.835000+00:00,,,,,,,,,,,,,,,,,,,,,,,,,0.12398459863391005,1.0257285298840377,0.542,0.1355236184910098,0.6435899325853726,17.144561879803728,0.1504315476190476,0.027280543378050425,348.4208537010127,0.011932831491462029,105.4029834998073,0.005379749731959796,0.38931445598020586,0.00509901951359279,0.00833683587391529,0.028907694121995217,32.80371537485931,208.12865582659143,,,,,,multiclass,cic-malmem,quantum,,,,qsvm,,5,,,,,,,,,,,,qsvm-multiclass-nc5
FINISHED,2026-07-14 15:59:21.647000+00:00,2026-07-14 15:59:21.935000+00:00,0.0,0.0,0.2,0.3962711412285531,0.55,224.87051633599913,0.99,0.10287046287046288,0.2857142857142857,0.16678571428571426,0.0,0.13793103448275862,114.9231496740249,0.681915453797802,0.0,0.0,0.12121212121212122,350.2588985369657,0.11914287580235855,0.0,0.0,0.0,0.0,0.0,,,,,,,,,,,,,,,,,,,224.8583761100308,479600.0,114.92194022802869,0.0892550899951735,0.17142857142857143,multiclass,cic-malmem,quantum,,10.0,balanced,qsvm,,5,0.4472135954999579,5,iqp,,,,,,,,,qsvm-multiclass-nc5
FINISHED,2026-07-14 16:10:49.153000+00:00,2026-07-14 16:10:49.417000+00:00,0.0,0.0,0.5,0.3910604324607998,0.54,224.1355007350212,0.99,0.12041989713185364,0.0,0.14491071428571428,0.12698412698412698,0.0,114.28267418098403,0.5988953604276843,0.0,0.0,0.2,348.76973909698427,0.1177281746031746,0.0,0.0,0.06666666666666667,0.0,0.0,,,,,,,,,,,,,,,,,,,224.12477252003737,479600.0,114.28163143596612,0.0971812133892923,0.0,multiclass,cic-malmem,quantum,,10.0,None,qsvm,,5,0.4472135954999579,5,iqp,,,,,,,,,qsvm-multiclass-nc5
FINISHED,2026-07-14 16:20:10.775000+00:00,2026-07-14 16:20:11.041000+00:00,0.0,0.0,0.5,0.37663507658291073,0.535,142.52299748797668,1.0,0.1826388888888889,0.0,0.13102678571428572,0.0,0.14814814814814814,71.13495152001269,0.6525190397465235,0.0,0.0,0.11764705882352941,347.6714987910236,0.13079489274342215,0.0,0.0,0.07692307692307693,0.0,0.0,,,,,,,,,,,,,,,,,,,142.5099422929925,479600.0,71.13381446897984,0.06478235058160038,0.25,multiclass,cic-malmem,quantum,,10.0,balanced,qsvm,,5,0.4472135954999579,5,angle,,,,,,,,,qsvm-multiclass-nc5
FINISHED,2026-07-14 16:31:37.044000+00:00,2026-07-14 16:31:37.305000+00:00,0.0,0.25,0.3076923076923077,0.38332169788690346,0.54,224.65107661299407,0.9949748743718593,0.12567744755244756,0.0,0.15532738095238097,0.0,0.0,113.33300803002203,0.6245783275300505,0.0,0.0,0.18181818181818182,347.9898342300439,0.12248500557231712,0.0,0.07142857142857142,0.0,0.0,0.0,,,,,,,,,,,,,,,,,,,224.63883410400013,479600.0,113.3318584219669,0.09159622666834766,0.15384615384615385,multiclass,cic-malmem,quantum,,10.0,balanced,qsvm,,5,0.4472135954999579,5,iqp,,,,,,,,,qsvm-multiclass-nc5
FINISHED,2026-07-14 16:43:02.553000+00:00,2026-07-14 16:43:02.815000+00:00,0.0,0.0,0.25,0.3992839317418621,0.545,224.46318796096602,0.98989898989899,0.146011396011396,0.1,0.15410714285714283,0.35294117647058826,0.0,113.34113409399288,0.6600414814248021,0.2222222222222222,0.0,0.16129032258064516,347.41429785004584,0.12977204444827786,0.0,0.0,0.0,0.0,0.0,,,,,,,,,,,,,,,,,,,224.45207498397212,479600.0,113.34002751600929,0.13973795240957224,0.0,multiclass,cic-malmem,quantum,,10.0,balanced,qsvm,,5,0.4472135954999579,5,iqp,,,,,,,,,qsvm-multiclass-nc5
FINISHED,2026-07-14 16:43:06.895000+00:00,2026-07-14 16:44:54.028000+00:00,,,,,,,,,,,,,,,,,,,,,,,,,0.20671076745124606,4.768460525404412,0.576,0.21120841239343716,0.808755704595493,0.026552635219466682,0.2148373015873016,0.017176304747734662,19.81055309122894,0.023453358601342577,0.137676699005533,0.01770378229580127,0.42355157005085226,0.01019803902718558,0.01513354942042059,0.021541232530584247,0.1872970772438737,0.9993937601917423,,,,,,multiclass,cic-malmem,classical,,,,random_forest,-1,5,,,,,,,,,,,,random_forest-multiclass-nc5
FINISHED,2026-07-14 16:43:36.635000+00:00,2026-07-14 16:43:36.924000+00:00,0.15384615384615385,0.2,0.18181818181818182,0.44377104546605534,0.59,0.9949246289907023,0.9949748743718593,0.2293988997113997,0.4444444444444444,0.24496031746031746,0.23529411764705882,0.26666666666666666,0.1416484999936074,0.8195152202433044,0.26666666666666666,0.0,0.13333333333333333,28.395305896061473,0.23081635967573005,0.0,0.2857142857142857,0.36363636363636365,0.16666666666666666,0.0,,,,,,,,,,,,,,,,,,,,,,,0.0,multiclass,cic-malmem,classical,,,,random_forest,-1,5,,,,,,500,,,15,5,sqrt,random_forest-multiclass-nc5
FINISHED,2026-07-14 16:43:58.142000+00:00,2026-07-14 16:43:58.436000+00:00,0.11764705882352941,0.2222222222222222,0.4,0.4057267192047168,0.565,0.7537788000190631,0.9950248756218906,0.20533356907119282,0.2,0.18816964285714283,0.15384615384615385,0.0,0.10845579102169722,0.8020914297432005,0.3076923076923077,0.0,0.13333333333333333,20.2347144089872,0.19322941959026246,0.0,0.0,0.2857142857142857,0.13333333333333333,0.14285714285714285,,,,,,,,,,,,,,,,,,,,,,,0.0,multiclass,cic-malmem,classical,,,,random_forest,-1,5,,,,,,350,,,27,1,None,random_forest-multiclass-nc5
FINISHED,2026-07-14 16:44:17.817000+00:00,2026-07-14 16:44:18.222000+00:00,0.0,0.18181818181818182,0.3333333333333333,0.40825923787777646,0.565,1.2159867779701017,1.0,0.18166781135531138,0.1111111111111111,0.18720238095238095,0.375,0.0,0.17287733301054686,0.7829076177432092,0.10526315789473684,0.0,0.3333333333333333,17.809460295015015,0.18065053550250917,0.14285714285714285,0.15384615384615385,0.15384615384615385,0.0,0.0,,,,,,,,,,,,,,,,,,,,,,,0.0,multiclass,cic-malmem,classical,,,,random_forest,-1,5,,,,,,600,,,13,1,sqrt,random_forest-multiclass-nc5
FINISHED,2026-07-14 16:44:33.708000+00:00,2026-07-14 16:44:33.975000+00:00,0.0,0.3157894736842105,0.36363636363636365,0.43712566920083035,0.585,1.1999611299834214,0.9949748743718593,0.21316045066045064,0.26666666666666666,0.23308035714285713,0.35294117647058826,0.36363636363636365,0.1588445240049623,0.7945799120662318,0.0,0.0,0.0,13.934509093058296,0.2161640819139322,0.26666666666666666,0.0,0.25,0.16666666666666666,0.11764705882352941,,,,,,,,,,,,,,,,,,,,,,,0.0,multiclass,cic-malmem,classical,,,,random_forest,-1,5,,,,,,600,,,17,4,sqrt,random_forest-multiclass-nc5
FINISHED,2026-07-14 16:44:53.733000+00:00,2026-07-14 16:44:54.011000+00:00,0.0,0.25,0.25,0.4228751785048824,0.575,0.8323174639954232,0.9849246231155779,0.22648133116883118,0.2857142857142857,0.22077380952380954,0.26666666666666666,0.0,0.10655734699685127,0.8446843431815185,0.25,0.16666666666666666,0.0,18.678775763022713,0.2126934405737963,0.13333333333333333,0.0,0.25,0.3157894736842105,0.0,,,,,,,,,,,,,,,,,,,,,,,0.25,multiclass,cic-malmem,classical,,,,random_forest,-1,5,,,,,,400,,,8,1,log2,random_forest-multiclass-nc5
FINISHED,2026-07-14 16:44:54.039000+00:00,2026-07-14 16:47:35.979000+00:00,,,,,,,,,,,,,,,,,,,,,,,,,0.21216113180899718,4.5195451818299395,0.583,0.23131246448214635,0.8243439291843011,0.010576829252667857,0.2200049603174603,0.047453657110430286,27.99629380359547,0.03263619980358738,0.019180695211980493,0.036510796027239736,0.4310413252107736,0.017776388834631163,0.023847596661185612,0.01987916559105433,2.0534576406619935,3.8642999170115218,,,,,,multiclass,cic-malmem,classical,,,,xgboost,-1,5,,,,,,,,,,,,xgboost-multiclass-nc5
FINISHED,2026-07-14 16:45:25.687000+00:00,2026-07-14 16:45:26.102000+00:00,0.125,0.2857142857142857,0.3333333333333333,0.46722350086199277,0.61,6.047666832979303,0.9950248756218906,0.2925720250596488,0.4,0.2743551587301587,0.11764705882352941,0.16666666666666666,0.03250482497969642,0.8398673817023848,0.125,0.14285714285714285,0.5555555555555556,25.45756153698312,0.2707217189575618,0.0,0.3076923076923077,0.3333333333333333,0.18181818181818182,0.16666666666666666,,,,,,,,,,,,,,,,,,,,,,,0.09523809523809523,multiclass,cic-malmem,classical,,,,xgboost,-1,5,,,,0.8202277783201278,0.04926118898549692,200,0.6322691314296899,,10,,,xgboost-multiclass-nc5
FINISHED,2026-07-14 16:46:05.621000+00:00,2026-07-14 16:46:05.999000+00:00,0.13333333333333333,0.2857142857142857,0.2857142857142857,0.4103972151686965,0.57,5.441181280999444,0.9900990099009901,0.22950367647058822,0.0,0.1965029761904762,0.15384615384615385,0.0,0.028334990027360618,0.824673106196222,0.2857142857142857,0.0,0.0,33.96897813701071,0.2023497473373711,0.14285714285714285,0.2222222222222222,0.42857142857142855,0.16666666666666666,0.14285714285714285,,,,,,,,,,,,,,,,,,,,,,,0.0,multiclass,cic-malmem,classical,,,,xgboost,-1,5,,,,0.6028490459729081,0.021712696442771462,500,0.8978643597802943,,8,,,xgboost-multiclass-nc5
FINISHED,2026-07-14 16:46:43.839000+00:00,2026-07-14 16:46:44.356000+00:00,0.0,0.0,0.26666666666666666,0.40192347342460016,0.56,4.989457807037979,1.0,0.15026041666666667,0.125,0.1808779761904762,0.2857142857142857,0.0,0.019993636989966035,0.7866737099048169,0.2727272727272727,0.0,0.3076923076923077,32.711123640008736,0.1578536047286047,0.0,0.14285714285714285,0.125,0.0,0.0,,,,,,,,,,,,,,,,,,,,,,,0.0,multiclass,cic-malmem,classical,,,,xgboost,-1,5,,,,0.6013948285683772,0.05185615058774354,600,0.6017262123368978,,10,,,xgboost-multiclass-nc5
FINISHED,2026-07-14 16:47:07.686000+00:00,2026-07-14 16:47:08.074000+00:00,0.0,0.26666666666666666,0.4444444444444444,0.42866182275379705,0.58,0.8602509120246395,1.0,0.22339812964812966,0.2857142857142857,0.2128720238095238,0.2857142857142857,0.18181818181818182,0.003921960014849901,0.82901689389804,0.2222222222222222,0.18181818181818182,0.0,22.408235129958484,0.205590681248576,0.21052631578947367,0.0,0.21052631578947367,0.0,0.0,,,,,,,,,,,,,,,,,,,,,,,0.0,multiclass,cic-malmem,classical,,,,xgboost,-1,5,,,,0.8832290311184181,0.13983740016490973,150,0.8404460046972835,,3,,,xgboost-multiclass-nc5
FINISHED,2026-07-14 16:47:35.570000+00:00,2026-07-14 16:47:35.960000+00:00,0.0,0.26666666666666666,0.3333333333333333,0.44700061384478135,0.595,1.9829427520162426,0.9950248756218906,0.2608280745656983,0.0,0.23541666666666666,0.42857142857142855,0.16666666666666666,0.011148064048029482,0.8414885542200417,0.3076923076923077,0.0,0.13333333333333333,25.43557057401631,0.2242899067728724,0.14285714285714285,0.0,0.34782608695652173,0.3,0.16666666666666666,,,,,,,,,,,,,,,,,,,,,,,0.0,multiclass,cic-malmem,classical,,,,xgboost,-1,5,,,,0.937592040684478,0.12555851579270855,300,0.9493246691718297,,8,,,xgboost-multiclass-nc5
FINISHED,2026-07-14 16:47:35.990000+00:00,2026-07-14 16:52:37.077000+00:00,,,,,,,,,,,,,,,,,,,,,,,,,0.19010219008764292,3.9648196660077937,0.569,0.20439377278467985,0.811712677621189,0.0061502427664941765,0.19820833333333335,0.03429610876526053,39.77804855977884,0.020052184876940524,0.014529907004907727,0.020253218601030822,0.4125524178330693,0.009695359714832635,0.013990783095787563,0.020571044742017104,13.329191540810005,19.903933505003806,,,,,,multiclass,cic-malmem,classical,,,,lightgbm,-1,5,,,,,,,,,,,,lightgbm-multiclass-nc5
FINISHED,2026-07-14 16:48:33.024000+00:00,2026-07-14 16:48:33.442000+00:00,0.11764705882352941,0.2,0.4444444444444444,0.4279716000119304,0.58,18.30408064799849,1.0,0.21445932539682538,0.3076923076923077,0.22589285714285712,0.0,0.0,0.0112369479611516,0.8379509465163222,0.25,0.0,0.25,38.63252270402154,0.2180519643754938,0.0,0.16666666666666666,0.2857142857142857,0.13333333333333333,0.3333333333333333,,,,,,,,,,,,,,,,,,,,,,,0.0,multiclass,cic-malmem,classical,,,,lightgbm,-1,5,,,,0.7881315454927524,0.03230061469147422,200,0.8771513852975801,115,,,,lightgbm-multiclass-nc5
FINISHED,2026-07-14 16:49:12.364000+00:00,2026-07-14 16:49:12.770000+00:00,0.15384615384615385,0.2,0.25,0.3898323645410103,0.555,3.3018033229745924,0.9900990099009901,0.18019812091503268,0.0,0.16822916666666665,0.15384615384615385,0.0,0.007262293016538024,0.8060551426444711,0.18181818181818182,0.0,0.13333333333333333,35.553290829004254,0.1708409783286021,0.125,0.125,0.26666666666666666,0.15384615384615385,0.0,,,,,,,,,,,,,,,,,,,,,,,0.0,multiclass,cic-malmem,classical,,,,lightgbm,-1,5,,,,0.7823116966348601,0.2899736515741918,300,0.7563152091472986,16,,,,lightgbm-multiclass-nc5
FINISHED,2026-07-14 16:49:59.778000+00:00,2026-07-14 16:50:00.207000+00:00,0.0,0.0,0.26666666666666666,0.4080339498224812,0.565,7.916492706048302,1.0,0.15084776334776334,0.13333333333333333,0.18720238095238095,0.35294117647058826,0.0,0.010552833031397313,0.7803092677194704,0.2222222222222222,0.0,0.2222222222222222,39.014785198902246,0.16392031171442936,0.15384615384615385,0.15384615384615385,0.11764705882352941,0.0,0.0,,,,,,,,,,,,,,,,,,,,,,,0.0,multiclass,cic-malmem,classical,,,,lightgbm,-1,5,,,,0.8912508859838306,0.07999417395050679,300,0.915790826527786,16,,,,lightgbm-multiclass-nc5
FINISHED,2026-07-14 16:51:11.349000+00:00,2026-07-14 16:51:11.898000+00:00,0.0,0.2857142857142857,0.36363636363636365,0.41026168753630515,0.565,32.680554919992574,0.9949748743718593,0.23392094017094017,0.25,0.19662202380952382,0.2222222222222222,0.2222222222222222,0.020388600998558104,0.8038830632096124,0.2222222222222222,0.2222222222222222,0.0,38.37014899996575,0.19335879552505444,0.21052631578947367,0.0,0.1,0.0,0.0,,,,,,,,,,,,,,,,,,,,,,,0.0,multiclass,cic-malmem,classical,,,,lightgbm,-1,5,,,,0.7824279936868144,0.005292705365436975,400,0.7465447373174767,48,,,,lightgbm-multiclass-nc5
FINISHED,2026-07-14 16:52:36.639000+00:00,2026-07-14 16:52:37.052000+00:00,0.0,0.26666666666666666,0.3333333333333333,0.42666248725361944,0.58,37.31673592800507,0.9950248756218906,0.24254271409283784,0.0,0.21309523809523812,0.16666666666666666,0.15384615384615385,0.023208860016893595,0.8303649680160687,0.3333333333333333,0.14285714285714285,0.0,47.31949506700039,0.204338900494635,0.14285714285714285,0.0,0.3157894736842105,0.2857142857142857,0.13333333333333333,,,,,,,,,,,,,,,,,,,,,,,0.0,multiclass,cic-malmem,classical,,,,lightgbm,-1,5,,,,0.6739417822102108,0.01942099825171803,450,0.8186841117373118,90,,,,lightgbm-multiclass-nc5
FINISHED,2026-07-14 16:52:37.089000+00:00,2026-07-14 16:52:44.842000+00:00,,,,,,,,,,,,,,,,,,,,,,,,,0.16949941580190286,0.4920121879813688,0.56,0.19389452717292474,0.674005968824375,0.0009569266931161252,0.1755545634920635,0.027441708558611628,1.123538737220224,0.019852803542579373,0.0038218673784285785,0.01411571533379968,0.3905236644713505,0.011401754250991351,0.025614964655610518,0.059049433806885945,0.024719898238523812,0.038800079596694556,,,,,,multiclass,cic-malmem,classical,,,,svm,-1,5,,,,,,,,,,,,svm-multiclass-nc5
FINISHED,2026-07-14 16:52:39.279000+00:00,2026-07-14 16:52:39.576000+00:00,0.1111111111111111,0.2857142857142857,0.0,0.37898535422490803,0.555,0.03938516101334244,0.9615384615384616,0.19539742664742665,0.26666666666666666,0.1603174603174603,0.26666666666666666,0.18181818181818182,0.003576745977625251,0.719869734963942,0.14285714285714285,0.0,0.18181818181818182,2.086113009019755,0.16377580752580753,0.0,0.0,0.2222222222222222,0.0,0.0,,,,,,,,,,,,,,,,,,,,,,,0.0,multiclass,cic-malmem,classical,1.5346125874533842,6.567747428648914,balanced,svm,-1,5,,,,,,,,,,,,svm-multiclass-nc5
FINISHED,2026-07-14 16:52:40.624000+00:00,2026-07-14 16:52:40.940000+00:00,0.16666666666666666,0.16666666666666666,0.3333333333333333,0.3940223297648681,0.56,0.02744906797306612,0.9803921568627451,0.22459970584970587,0.15384615384615385,0.17864583333333334,0.18181818181818182,0.0,0.0034854839905165136,0.7067231842383634,0.0,0.125,0.2,0.971754900063388,0.1787412444581562,0.0,0.13333333333333333,0.1111111111111111,0.0,0.0,,,,,,,,,,,,,,,,,,,,,,,0.3076923076923077,multiclass,cic-malmem,classical,0.19891173186361968,18.699721880025436,balanced,svm,-1,5,,,,,,,,,,,,svm-multiclass-nc5
FINISHED,2026-07-14 16:52:42.080000+00:00,2026-07-14 16:52:42.383000+00:00,0.0,0.0,0.2222222222222222,0.34933938999694014,0.545,0.08625629701418802,0.9259259259259259,0.14629002463054186,0.125,0.14754464285714286,0.26666666666666666,0.0,0.005696180975064635,0.5684656959750831,0.125,0.0,0.16666666666666666,1.002404450031463,0.14458122895622896,0.16666666666666666,0.18181818181818182,0.13333333333333333,0.0,0.0,,,,,,,,,,,,,,,,,,,,,,,0.0,multiclass,cic-malmem,classical,9.91933193403293,40.851118882792626,balanced,svm,-1,5,,,,,,,,,,,,svm-multiclass-nc5
FINISHED,2026-07-14 16:52:43.294000+00:00,2026-07-14 16:52:43.743000+00:00,0.0,0.0,0.4444444444444444,0.4044675122741952,0.56,0.01974857202731073,0.9949748743718593,0.1868371212121212,0.3333333333333333,0.18732142857142858,0.0,0.18181818181818182,0.0033436539815738797,0.650349876638375,0.0,0.0,0.14814814814814814,0.8431547759682871,0.17644435640666795,0.19047619047619047,0.0,0.3076923076923077,0.0,0.0,,,,,,,,,,,,,,,,,,,,,,,0.2222222222222222,multiclass,cic-malmem,classical,0.06777859354617165,17.42888978115853,balanced,svm,-1,5,,,,,,,,,,,,svm-multiclass-nc5
FINISHED,2026-07-14 16:52:44.517000+00:00,2026-07-14 16:52:44.825000+00:00,0.0,0.18181818181818182,0.3333333333333333,0.42580373609584116,0.58,0.021161299955565482,0.9900990099009901,0.21634835752482812,0.14285714285714285,0.20394345238095238,0.2,0.2222222222222222,0.0030072719673626125,0.724621352306112,0.0,0.0,0.2,0.7142665510182269,0.18395444166265365,0.35294117647058826,0.0,0.32,0.0,0.0,,,,,,,,,,,,,,,,,,,,,,,0.0,multiclass,cic-malmem,classical,0.036189050606568685,53.599577657717745,balanced,svm,-1,5,,,,,,,,,,,,svm-multiclass-nc5
FINISHED,2026-07-14 16:52:49.958000+00:00,2026-07-14 18:21:38.290000+00:00,,,,,,,,,,,,,,,,,,,,,,,,,0.1212980205252597,126.30918738879065,0.544,0.13968242829452862,0.6860495342291779,44.54996896632934,0.15880456349206348,0.026866390680072717,522.0651126355864,0.006859318105064459,193.83524475699522,0.009068877404908613,0.4026168849594568,0.006633249580710805,0.017060049943191637,0.046950395225874554,53.638550625877464,349.35594364879654,,,,,,multiclass,cic-malmem,quantum,,,,qsvm,,6,,,,,,,,,,,,qsvm-multiclass-nc6
FINISHED,2026-07-14 17:07:50.861000+00:00,2026-07-14 17:07:51.135000+00:00,0.0,0.11363636363636363,0.2222222222222222,0.4278757246340185,0.54,305.90160865394864,0.9949748743718593,0.15376506024096387,0.0,0.1628174603174603,0.21052631578947367,0.25,153.00904523098143,0.7614738887969321,0.0,0.0,0.0,441.93115407502046,0.11195998600124493,0.0,0.0,0.0,0.0,0.0,,,,,,,,,,,,,,,,,,,305.88356809999095,479600.0,153.00763154699234,0.09442935422096753,0.0,multiclass,cic-malmem,quantum,,1.0,balanced,qsvm,,6,0.408248290463863,6,iqp,,,,,,,,,qsvm-multiclass-nc6
FINISHED,2026-07-14 17:22:50.592000+00:00,2026-07-14 17:22:50.884000+00:00,0.0,0.1111111111111111,0.4444444444444444,0.3771273136207577,0.535,304.04323279700475,0.99,0.10577794771968854,0.0,0.14758928571428573,0.0,0.0,152.62199919199338,0.640454657488648,0.0,0.0,0.2222222222222222,442.76216300495435,0.1104861111111111,0.0,0.0,0.0,0.0,0.0,,,,,,,,,,,,,,,,,,,304.0298812240362,479600.0,152.62080725905253,0.09776884084360651,0.0,multiclass,cic-malmem,quantum,,10.0,balanced,qsvm,,6,0.408248290463863,6,iqp,,,,,,,,,qsvm-multiclass-nc6
FINISHED,2026-07-14 17:38:39.266000+00:00,2026-07-14 17:38:39.544000+00:00,0.0,0.10256410256410256,0.5,0.4129695380015849,0.555,330.9207187810098,1.0,0.1830820964749536,0.0,0.1652529761904762,0.0,0.25,171.29294850799488,0.7166350590299978,0.0,0.11764705882352941,0.0,446.13188302802155,0.13410310986742877,0.0,0.0,0.17543859649122806,0.0,0.0,,,,,,,,,,,,,,,,,,,330.9015622980078,479600.0,171.29143173398916,0.11615765319776845,0.0,multiclass,cic-malmem,quantum,,1.0,balanced,qsvm,,6,0.408248290463863,6,iqp,,,,,,,,,qsvm-multiclass-nc6
FINISHED,2026-07-14 17:57:29.204000+00:00,2026-07-14 17:57:29.672000+00:00,0.0,0.14634146341463414,0.4,0.3954234116229814,0.545,356.2777011580183,0.9949748743718593,0.12083333333333332,0.0,0.1642559523809524,0.0,0.0,263.1755005439627,0.6401335731916846,0.0,0.0,0.19047619047619047,510.14648035896244,0.12212592190530663,0.2222222222222222,0.0,0.0,0.0,0.0,,,,,,,,,,,,,,,,,,,356.25571191497147,479600.0,263.1733777669724,0.09060344260746002,0.0,multiclass,cic-malmem,quantum,,10.0,balanced,qsvm,,6,0.408248290463863,6,iqp,,,,,,,,,qsvm-multiclass-nc6
FINISHED,2026-07-14 18:21:37.787000+00:00,2026-07-14 18:21:38.264000+00:00,0.0,0.0,0.25,0.3996884369179417,0.545,449.63645685400115,0.98989898989899,0.13495370370370371,0.09090909090909091,0.15410714285714283,0.35294117647058826,0.0,229.07673031004379,0.6715504926386267,0.2,0.0,0.16129032258064516,769.3538827109733,0.12781497374120715,0.0,0.0,0.0,0.0,0.0,,,,,,,,,,,,,,,,,,,449.61656175303506,479600.0,229.07487228797982,0.12089335494562377,0.0,multiclass,cic-malmem,quantum,,10.0,balanced,qsvm,,6,0.408248290463863,6,iqp,,,,,,,,,qsvm-multiclass-nc6
FINISHED,2026-07-14 18:21:44.228000+00:00,2026-07-14 18:24:54.922000+00:00,,,,,,,,,,,,,,,,,,,,,,,,,0.1996605886680783,12.80308209722595,0.571,0.20712407659035134,0.8189527146722586,0.07192123820082075,0.20541269841269844,0.025954610037352107,35.84713852303103,0.019412522742443226,0.1798262916156091,0.020703470058918535,0.4166837828723208,0.007999999999999978,0.011612177151030913,0.03799499879017374,0.5419100825960839,1.3508801817893983,,,,,,multiclass,cic-malmem,classical,,,,random_forest,-1,6,,,,,,,,,,,,random_forest-multiclass-nc6
FINISHED,2026-07-14 18:22:45.380000+00:00,2026-07-14 18:22:45.962000+00:00,0.16666666666666666,0.2222222222222222,0.25,0.4371120822943136,0.585,1.844275415991433,0.9949748743718593,0.24944196428571427,0.3333333333333333,0.23801587301587301,0.125,0.0,0.25304012501146644,0.8475064340198901,0.2,0.23529411764705882,0.125,58.69321318605216,0.2341356515659938,0.14285714285714285,0.2857142857142857,0.23529411764705882,0.14285714285714285,0.2,,,,,,,,,,,,,,,,,,,,,,,0.08695652173913043,multiclass,cic-malmem,classical,,,,random_forest,-1,6,,,,,,600,,,20,4,None,random_forest-multiclass-nc6
FINISHED,2026-07-14 18:23:11.120000+00:00,2026-07-14 18:23:11.639000+00:00,0.15384615384615385,0.16666666666666666,0.5,0.4121931153253005,0.57,0.35656096297316253,0.9950248756218906,0.21894964049976426,0.18181818181818182,0.19709821428571428,0.15384615384615385,0.0,0.05005011399043724,0.8316395856043405,0.2857142857142857,0.0,0.0,24.633779682044405,0.20350582619019844,0.14285714285714285,0.0,0.3076923076923077,0.11764705882352941,0.13333333333333333,,,,,,,,,,,,,,,,,,,,,,,0.11764705882352941,multiclass,cic-malmem,classical,,,,random_forest,-1,6,,,,,,100,,,29,7,None,random_forest-multiclass-nc6
FINISHED,2026-07-14 18:23:48.566000+00:00,2026-07-14 18:23:49.047000+00:00,0.0,0.16666666666666666,0.3333333333333333,0.4013130359622071,0.56,1.7824742519878782,1.0,0.1737335581085581,0.11764705882352941,0.17827380952380953,0.35294117647058826,0.0,0.22428148798644543,0.7449295757669756,0.10526315789473684,0.0,0.2,34.63285077502951,0.1697501817712731,0.18181818181818182,0.125,0.13333333333333333,0.0,0.0,,,,,,,,,,,,,,,,,,,,,,,0.0,multiclass,cic-malmem,classical,,,,random_forest,-1,6,,,,,,500,,,18,1,log2,random_forest-multiclass-nc6
FINISHED,2026-07-14 18:24:29.335000+00:00,2026-07-14 18:24:29.791000+00:00,0.0,0.4,0.36363636363636365,0.41600585415077257,0.57,1.5397306800005026,0.9949748743718593,0.20407196969696967,0.13333333333333333,0.20443452380952382,0.21052631578947367,0.2,0.21426687703933567,0.8247360852781094,0.15384615384615385,0.0,0.0,38.259134870022535,0.19767565921691815,0.14285714285714285,0.0,0.2,0.36363636363636365,0.0,,,,,,,,,,,,,,,,,,,,,,,0.0,multiclass,cic-malmem,classical,,,,random_forest,-1,6,,,,,,500,,,25,3,None,random_forest-multiclass-nc6
FINISHED,2026-07-14 18:24:54.412000+00:00,2026-07-14 18:24:54.897000+00:00,0.0,0.21052631578947367,0.2222222222222222,0.41679482662900985,0.57,1.2313595979940146,0.9849246231155779,0.18942325036075036,0.2857142857142857,0.20924107142857143,0.13333333333333333,0.0,0.15749285405036062,0.8459518926919775,0.13333333333333333,0.18181818181818182,0.08695652173913043,23.016714102006517,0.1932356245960079,0.125,0.0,0.35294117647058826,0.375,0.0,,,,,,,,,,,,,,,,,,,,,,,0.0,multiclass,cic-malmem,classical,,,,random_forest,-1,6,,,,,,400,,,8,1,log2,random_forest-multiclass-nc6
FINISHED,2026-07-14 18:24:54.938000+00:00,2026-07-14 18:32:18.558000+00:00,,,,,,,,,,,,,,,,,,,,,,,,,0.21869374162818592,7.798598510155455,0.583,0.22347609049447287,0.8305916812823384,0.010632034051673754,0.2244335317460317,0.043048267303044147,39.85262497978984,0.03757310017903929,0.022939924011006953,0.03922522573145185,0.4314159224457126,0.017776388834631163,0.02467034299929597,0.02022857411761443,82.96885742818058,48.182907143607736,,,,,,multiclass,cic-malmem,classical,,,,xgboost,-1,6,,,,,,,,,,,,xgboost-multiclass-nc6
FINISHED,2026-07-14 18:29:22.312000+00:00,2026-07-14 18:29:23.082000+00:00,0.125,0.4,0.5,0.448057094267651,0.595,214.02479095000308,1.0,0.26259539072039073,0.3333333333333333,0.254265873015873,0.1111111111111111,0.15384615384615385,0.039425672963261604,0.8417077607661723,0.16666666666666666,0.0,0.4,53.16904158896068,0.25487515956265955,0.0,0.15384615384615385,0.16666666666666666,0.2857142857142857,0.18181818181818182,,,,,,,,,,,,,,,,,,,,,,,0.1,multiclass,cic-malmem,classical,,,,xgboost,-1,6,,,,0.64602296883627,0.08352419818132008,300,0.8713329699701965,,11,,,xgboost-multiclass-nc6
FINISHED,2026-07-14 18:30:00.724000+00:00,2026-07-14 18:30:01.351000+00:00,0.13333333333333333,0.2222222222222222,0.4444444444444444,0.4101129671673081,0.57,1.951665767992381,0.9900990099009901,0.20073383520074697,0.0,0.19709821428571428,0.13333333333333333,0.0,0.014260426047258079,0.8371887431496535,0.26666666666666666,0.0,0.0,35.55056784802582,0.1972887646109472,0.125,0.0,0.2857142857142857,0.16666666666666666,0.15384615384615385,,,,,,,,,,,,,,,,,,,,,,,0.23529411764705882,multiclass,cic-malmem,classical,,,,xgboost,-1,6,,,,0.6503830099500427,0.29088841078553596,350,0.7020228276855585,,9,,,xgboost-multiclass-nc6
FINISHED,2026-07-14 18:30:43.852000+00:00,2026-07-14 18:30:44.322000+00:00,0.0,0.0,0.3076923076923077,0.4012929753489645,0.56,10.715756934019737,1.0,0.15969742063492065,0.0,0.17678571428571427,0.375,0.16666666666666666,0.03144272504141554,0.7933045930746323,0.2,0.0,0.3076923076923077,31.628291332977824,0.16428403092006033,0.0,0.15384615384615385,0.11764705882352941,0.0,0.0,,,,,,,,,,,,,,,,,,,,,,,0.0,multiclass,cic-malmem,classical,,,,xgboost,-1,6,,,,0.6624074561769746,0.06504856968981275,300,0.8394633936788146,,12,,,xgboost-multiclass-nc6
FINISHED,2026-07-14 18:31:27.107000+00:00,2026-07-14 18:31:27.547000+00:00,0.0,0.35294117647058826,0.4444444444444444,0.42880823855125205,0.58,7.71713509602705,1.0,0.21534090909090908,0.0,0.21436011904761904,0.3157894736842105,0.2,0.012255879992153496,0.8281927825422795,0.18181818181818182,0.16666666666666666,0.0,34.96849676198326,0.2054951605841699,0.2222222222222222,0.0,0.2222222222222222,0.18181818181818182,0.0,,,,,,,,,,,,,,,,,,,,,,,0.0,multiclass,cic-malmem,classical,,,,xgboost,-1,6,,,,0.9297263687023524,0.2932606013888816,600,0.6166830327086084,,10,,,xgboost-multiclass-nc6
FINISHED,2026-07-14 18:32:18.102000+00:00,2026-07-14 18:32:18.531000+00:00,0.0,0.4,0.25,0.46880833689338725,0.61,6.50518696999643,0.99,0.2790128968253968,0.36363636363636365,0.2796577380952381,0.26666666666666666,0.0,0.017314916010946035,0.8525645268789537,0.3333333333333333,0.0,0.1,43.946727367001586,0.2715255924630925,0.125,0.3076923076923077,0.4444444444444444,0.4,0.0,,,,,,,,,,,,,,,,,,,,,,,0.36363636363636365,multiclass,cic-malmem,classical,,,,xgboost,-1,6,,,,0.6185801650879991,0.018785426399210624,500,0.836965827544817,,4,,,xgboost-multiclass-nc6
FINISHED,2026-07-14 18:32:18.575000+00:00,2026-07-14 18:54:44.394000+00:00,,,,,,,,,,,,,,,,,,,,,,,,,0.2259088267988849,398.7846636781187,0.586,0.24520556515897224,0.8176194179280649,0.005033915607013629,0.228406746031746,0.045320463078527044,251.70833247738193,0.030975980745429496,0.014576271793339401,0.03393777140236477,0.4355007816291222,0.015937377450509244,0.02086557390686939,0.019783735180174653,7.544620628778106,16.792614601005333,,,,,,multiclass,cic-malmem,classical,,,,lightgbm,-1,6,,,,,,,,,,,,lightgbm-multiclass-nc6
FINISHED,2026-07-14 18:33:57.545000+00:00,2026-07-14 18:33:58.055000+00:00,0.13333333333333333,0.36363636363636365,0.5714285714285714,0.46195642638403317,0.605,24.057879792002495,1.0,0.2887572496947497,0.3076923076923077,0.27212301587301585,0.15384615384615385,0.15384615384615385,0.017589635972399265,0.8298976202758492,0.25,0.0,0.14285714285714285,74.75098492397228,0.2746472277722278,0.15384615384615385,0.16666666666666666,0.3076923076923077,0.18181818181818182,0.3076923076923077,,,,,,,,,,,,,,,,,,,,,,,0.2,multiclass,cic-malmem,classical,,,,lightgbm,-1,6,,,,0.9281889012746768,0.05502444114771076,500,0.7539871612489546,105,,,,lightgbm-multiclass-nc6
FINISHED,2026-07-14 18:51:35.665000+00:00,2026-07-14 18:51:36.170000+00:00,0.16666666666666666,0.2222222222222222,0.25,0.4380524404308193,0.59,8.601744883984793,0.9900990099009901,0.2606116310160428,0.18181818181818182,0.23221726190476188,0.125,0.0,0.017103906953707337,0.8137675659258817,0.3333333333333333,0.0,0.0,1048.8903654030291,0.23499931794650053,0.13333333333333333,0.2222222222222222,0.3333333333333333,0.16666666666666666,0.4,,,,,,,,,,,,,,,,,,,,,,,0.23529411764705882,multiclass,cic-malmem,classical,,,,lightgbm,-1,6,,,,0.6961534145050939,0.222212970472742,600,0.6452224089338761,119,,,,lightgbm-multiclass-nc6
FINISHED,2026-07-14 18:52:35.682000+00:00,2026-07-14 18:52:36.379000+00:00,0.0,0.0,0.3333333333333333,0.4143363689704557,0.57,15.98670188500546,1.0,0.166700487012987,0.0,0.19352678571428572,0.42105263157894735,0.0,0.011108323000371456,0.7811598552041207,0.2222222222222222,0.0,0.26666666666666666,43.43603753298521,0.17660577726367196,0.14285714285714285,0.14285714285714285,0.14285714285714285,0.0,0.15384615384615385,,,,,,,,,,,,,,,,,,,,,,,0.0,multiclass,cic-malmem,classical,,,,lightgbm,-1,6,,,,0.9482512004607759,0.06083077530566971,200,0.9074569990465202,39,,,,lightgbm-multiclass-nc6
FINISHED,2026-07-14 18:53:56.075000+00:00,2026-07-14 18:53:56.596000+00:00,0.0,0.36363636363636365,0.4444444444444444,0.40931096243764387,0.565,26.67456714902073,0.9949748743718593,0.22513354700854699,0.0,0.19401785714285713,0.19047619047619047,0.18181818181818182,0.020505979016888887,0.8257555624214734,0.16666666666666666,0.15384615384615385,0.0,52.91575128195109,0.2012295249418365,0.13333333333333333,0.0,0.19047619047619047,0.4,0.0,,,,,,,,,,,,,,,,,,,,,,,0.0,multiclass,cic-malmem,classical,,,,lightgbm,-1,6,,,,0.8307796695558711,0.010419095391664347,250,0.9374750873781562,201,,,,lightgbm-multiclass-nc6
FINISHED,2026-07-14 18:54:43.862000+00:00,2026-07-14 18:54:44.367000+00:00,0.0,0.4,0.3333333333333333,0.45384770992265866,0.6,8.642179295013193,0.9950248756218906,0.2848249110625348,0.2,0.2501488095238095,0.2857142857142857,0.0,0.006573514023330063,0.8375164858129995,0.3333333333333333,0.0,0.0,38.548523244971875,0.24206228607018773,0.1111111111111111,0.15384615384615385,0.4,0.35294117647058826,0.3076923076923077,,,,,,,,,,,,,,,,,,,,,,,0.0,multiclass,cic-malmem,classical,,,,lightgbm,-1,6,,,,0.6727299868828402,0.11536162338241392,100,0.6849356442713105,248,,,,lightgbm-multiclass-nc6
FINISHED,2026-07-14 18:54:44.414000+00:00,2026-07-14 18:54:52.383000+00:00,,,,,,,,,,,,,,,,,,,,,,,,,0.18386234369289137,0.19932343966550695,0.568,0.21898198705483307,0.6989980573309555,0.0013844535022122244,0.19203769841269844,0.03859134275603517,1.1065596035914496,0.026224992549802827,0.004849012789782137,0.03119778549138667,0.40767879420818237,0.015999999999999966,0.02241312558104996,0.03330803973598423,0.010749705130088771,0.035915773804299535,,,,,,multiclass,cic-malmem,classical,,,,svm,-1,6,,,,,,,,,,,,svm-multiclass-nc6
FINISHED,2026-07-14 18:54:46.009000+00:00,2026-07-14 18:54:46.370000+00:00,0.09090909090909091,0.2857142857142857,0.4,0.37237058190965794,0.55,0.04951862199231982,0.9615384615384616,0.24666005291005294,0.36363636363636365,0.16364087301587302,0.14285714285714285,0.0,0.007519028033129871,0.7439175814515833,0.0,0.0,0.19047619047619047,1.4598904520389624,0.17501318126318127,0.0,0.14285714285714285,0.2222222222222222,0.0,0.0,,,,,,,,,,,,,,,,,,,,,,,0.0,multiclass,cic-malmem,classical,0.8227339219685956,73.73938404085085,balanced,svm,-1,6,,,,,,,,,,,,svm-multiclass-nc6
FINISHED,2026-07-14 18:54:47.584000+00:00,2026-07-14 18:54:47.945000+00:00,0.14285714285714285,0.2,0.5,0.4312476385018548,0.59,0.048530871979892254,0.970873786407767,0.26193845462713383,0.2,0.23281250000000003,0.16666666666666666,0.0,0.004863808979280293,0.7062709663220659,0.3076923076923077,0.0,0.21052631578947367,1.1045049160020426,0.2402752353250565,0.0,0.0,0.5714285714285714,0.15384615384615385,0.15384615384615385,,,,,,,,,,,,,,,,,,,,,,,0.26666666666666666,multiclass,cic-malmem,classical,0.8908989409205179,34.90605297869625,balanced,svm,-1,6,,,,,,,,,,,,svm-multiclass-nc6
FINISHED,2026-07-14 18:54:49.073000+00:00,2026-07-14 18:54:49.597000+00:00,0.0,0.0,0.3333333333333333,0.41836156612063236,0.57,0.025701556995045394,0.9950248756218906,0.216761347470954,0.13333333333333333,0.19479166666666664,0.2,0.0,0.003900879994034767,0.6470359870780925,0.16666666666666666,0.0,0.2222222222222222,1.0584175889962353,0.1684066218814353,0.2222222222222222,0.14285714285714285,0.15384615384615385,0.0,0.0,,,,,,,,,,,,,,,,,,,,,,,0.125,multiclass,cic-malmem,classical,0.013854077286131115,97.4807304964078,balanced,svm,-1,6,,,,,,,,,,,,svm-multiclass-nc6
FINISHED,2026-07-14 18:54:50.737000+00:00,2026-07-14 18:54:51.091000+00:00,0.0,0.0,0.4,0.390960340370074,0.55,0.02713521901750937,0.99,0.14949074074074076,0.24,0.16388392857142858,0.11764705882352941,0.18181818181818182,0.004134580958634615,0.6791802691657831,0.0,0.0,0.11764705882352941,1.0679957359679975,0.14717528794734677,0.0,0.0,0.3076923076923077,0.0,0.0,,,,,,,,,,,,,,,,,,,,,,,0.0,multiclass,cic-malmem,classical,0.1108492472828347,36.7149105152658,balanced,svm,-1,6,,,,,,,,,,,,svm-multiclass-nc6
FINISHED,2026-07-14 18:54:52.004000+00:00,2026-07-14 18:54:52.361000+00:00,0.0,0.2,0.3333333333333333,0.42545384413869286,0.58,0.028692599036730826,0.9900990099009901,0.22005933952528378,0.0,0.2050595238095238,0.2,0.2,0.0038267659838311374,0.7185854826372527,0.0,0.0,0.14814814814814814,0.8419893249520101,0.18844139204743687,0.3157894736842105,0.0,0.32,0.3076923076923077,0.0,,,,,,,,,,,,,,,,,,,,,,,0.0,multiclass,cic-malmem,classical,0.036189050606568685,53.599577657717745,balanced,svm,-1,6,,,,,,,,,,,,svm-multiclass-nc6
FINISHED,2026-07-15 18:38:14.441000+00:00,2026-07-15 18:50:14.674000+00:00,,,,,,,,,,,,,,,,,,,,,,,,,0.05765708908839199,3.9060866636965286,0.098,0.0426081586165165,0.5524771003220114,5.829343890193746,0.11145306545306546,0.00505396286933515,77.61176489498466,0.016322544505655838,22.282913281407673,0.007555746032103806,0.0439489744968649,0.01503329637837291,0.017584187713070062,0.025995813486368802,10.200717756933605,43.81223464121577,,,,,,multiclass,cic-malmem,quantum,,,,qsvm,,1,,,,,,,,,,,,qsvm-multiclass-nc1
FINISHED,2026-07-15 18:40:52.144000+00:00,2026-07-15 18:40:52.415000+00:00,0.13636363636363635,0.0,0.0,0.043952203673146555,0.1,48.70025263004936,0.0,0.03752791252791253,0.16470588235294117,0.10891330891330891,0.0,0.0,24.386735556996427,0.5372835819449474,0.0784313725490196,0.0,0.0,84.54858094098745,0.05196672608437314,0.0,0.0,0.4,0.0,0.0,,,,,,,,,,,,,,,,,,,48.68394655000884,479600.0,24.384944260993507,0.10716690649222332,,multiclass,cic-malmem,quantum,,10.0,balanced,qsvm,,1,1.0,1,angle,,,,,,,,,qsvm-multiclass-nc1
FINISHED,2026-07-15 18:42:53.897000+00:00,2026-07-15 18:42:54.160000+00:00,0.0,0.0,0.0,0.03297768132566504,0.09,31.772253789997194,0.0,0.04369875570288367,0.13333333333333333,0.10408850408850409,0.0,0.0,16.20334109500982,0.5350230211890015,0.1111111111111111,0.0,0.08333333333333333,73.47208791598678,0.05672364672364672,0.12307692307692308,0.0,0.4,0.0,0.0,,,,,,,,,,,,,,,,,,,31.755691925995052,479600.0,16.20166523300577,0.13188539853082812,,multiclass,cic-malmem,quantum,,10.0,balanced,qsvm,,1,1.0,1,iqp,,,,,,,,,qsvm-multiclass-nc1
FINISHED,2026-07-15 18:45:22.523000+00:00,2026-07-15 18:45:22.787000+00:00,0.19148936170212766,0.0,0.0,0.07326842797088298,0.125,47.990303394035436,0.0,0.04887332710862123,0.2033898305084746,0.1395160395160395,0.0,0.0,23.81731899501756,0.6039621812598489,0.0,0.0,0.0,76.52143866196275,0.06955885082487724,0.06451612903225806,0.0,0.46153846153846156,0.12244897959183673,0.0,,,,,,,,,,,,,,,,,,,47.973744101997,479600.0,23.815475492039695,0.10150213475238364,,multiclass,cic-malmem,quantum,,10.0,balanced,qsvm,,1,1.0,1,angle,,,,,,,,,qsvm-multiclass-nc1
FINISHED,2026-07-15 18:47:25.658000+00:00,2026-07-15 18:47:26.081000+00:00,0.11428571428571428,0.0,0.0,0.02067306870491392,0.08,32.462884070992004,0.0,0.03604485418055488,0.0,0.08974358974358974,0.0,0.0,15.65551226696698,0.5402938726782056,0.0,0.0,0.0,74.71070049196715,0.04806776556776557,0.0,0.0,0.4,0.10256410256410256,0.10416666666666667,,,,,,,,,,,,,,,,,,,32.44578716397518,479600.0,15.653573203948326,0.0844994184406671,,multiclass,cic-malmem,quantum,,10.0,balanced,qsvm,,1,1.0,1,iqp,,,,,,,,,qsvm-multiclass-nc1
FINISHED,2026-07-15 18:50:14.408000+00:00,2026-07-15 18:50:14.652000+00:00,0.0,0.0,0.0,0.048873490809716,0.095,58.13547932100482,0.0,0.04689594356261024,0.0,0.115003885003885,0.0,0.0,31.35165849304758,0.545822844538053,0.2127659574468085,0.0,0.0,78.8060164640192,0.0619684562412973,0.08403361344537816,0.0,0.56,0.07272727272727272,0.0,,,,,,,,,,,,,,,,,,,58.11638400302036,479600.0,31.349822191987187,0.10765995335300892,,multiclass,cic-malmem,quantum,,1.0,balanced,qsvm,,1,1.0,1,angle,,,,,,,,,qsvm-multiclass-nc1
FINISHED,2026-07-15 18:50:18.507000+00:00,2026-07-15 18:52:14.970000+00:00,,,,,,,,,,,,,,,,,,,,,,,,,0.1283046995759854,5.208180230865017,0.128,0.1339040234619182,0.5780429107726203,0.07205882883632073,0.13590885911474143,0.035870965046407896,21.352245997369756,0.03559662179869554,0.13498785659903662,0.03592248720459797,0.06663613091874736,0.03295451410656816,0.0353142055368079,0.010982584967274236,0.5375442407796663,1.1676847298163922,,,,,,multiclass,cic-malmem,classical,,,,random_forest,-1,1,,,,,,,,,,,,random_forest-multiclass-nc1
FINISHED,2026-07-15 18:50:50.469000+00:00,2026-07-15 18:50:50.821000+00:00,0.12903225806451613,0.10526315789473684,0.0,0.04052115884744363,0.1,0.9428604590357281,0.0,0.08339366515837106,0.1643835616438356,0.11156288156288155,0.0,0.0,0.09915347502101213,0.564107513179611,0.043478260869565216,0.0,0.0,30.73086599796079,0.08662690768561654,0.17391304347826086,0.0,0.5,0.1,0.08333333333333333,,,,,,,,,,,,,,,,,,,,,,,,multiclass,cic-malmem,classical,,,,random_forest,-1,1,,,,,,500,,,4,5,sqrt,random_forest-multiclass-nc1
FINISHED,2026-07-15 18:51:14.947000+00:00,2026-07-15 18:51:15.542000+00:00,0.06896551724137931,0.11764705882352941,0.17647058823529413,0.033461893407312,0.1,1.8941181400441565,0.14814814814814814,0.13284391534391535,0.1,0.10221916971916971,0.06666666666666667,0.0,0.23215649201301858,0.5687991228223344,0.0,0.0,0.14285714285714285,21.714157724927645,0.11028945500827207,0.0,0.12121212121212122,0.46153846153846156,0.07692307692307693,0.17391304347826086,,,,,,,,,,,,,,,,,,,,,,,,multiclass,cic-malmem,classical,,,,random_forest,-1,1,,,,,,600,,,14,1,None,random_forest-multiclass-nc1
FINISHED,2026-07-15 18:51:36.174000+00:00,2026-07-15 18:51:36.520000+00:00,0.0,0.19047619047619047,0.12903225806451613,0.1273249915649226,0.185,0.8377744989702478,0.20689655172413793,0.1918282534459005,0.16,0.1992868242868243,0.08333333333333333,0.21428571428571427,0.08843004796653986,0.5953650368132625,0.2962962962962963,0.21428571428571427,0.20689655172413793,19.562995753018185,0.191399815197368,0.21428571428571427,0.14814814814814814,0.5714285714285714,0.06896551724137931,0.16666666666666666,,,,,,,,,,,,,,,,,,,,,,,,multiclass,cic-malmem,classical,,,,random_forest,-1,1,,,,,,400,,,30,1,None,random_forest-multiclass-nc1
FINISHED,2026-07-15 18:51:51.991000+00:00,2026-07-15 18:51:52.331000+00:00,0.3125,0.0,0.26666666666666666,0.08554276407605448,0.145,0.47235328902024776,0.14285714285714285,0.146630112577481,0.16666666666666666,0.15022062904415848,0.15789473684210525,0.1,0.04710203700233251,0.5827369882428132,0.12903225806451613,0.0,0.07692307692307693,14.854368319967762,0.14081206198996413,0.07407407407407407,0.18181818181818182,0.43478260869565216,0.06896551724137931,0.0,,,,,,,,,,,,,,,,,,,,,,,,multiclass,cic-malmem,classical,,,,random_forest,-1,1,,,,,,150,,,10,2,sqrt,random_forest-multiclass-nc1
FINISHED,2026-07-15 18:52:14.408000+00:00,2026-07-15 18:52:14.927000+00:00,0.08333333333333333,0.14814814814814814,0.08333333333333333,0.046329846698004114,0.11,1.6913172620115802,0.0,0.1148241707839231,0.0,0.1162547909606733,0.0,0.11428571428571428,0.20809723099227995,0.5792058928050803,0.1111111111111111,0.12121212121212122,0.2,19.898842190974392,0.11239525799870627,0.25,0.0625,0.3,0.13793103448275862,0.07407407407407407,,,,,,,,,,,,,,,,,,,,,,,,multiclass,cic-malmem,classical,,,,random_forest,-1,1,,,,,,600,,,14,1,None,random_forest-multiclass-nc1
FINISHED,2026-07-15 18:52:14.991000+00:00,2026-07-15 18:56:06.399000+00:00,,,,,,,,,,,,,,,,,,,,,,,,,0.10101408832749756,4.907339308613305,0.10200000000000001,0.10297403052768513,0.5667303656725057,0.006845035007248545,0.11074156562391854,0.018619305197645562,34.985483875789214,0.01805778855205911,0.03229938158765435,0.016168162220081172,0.038774960325271404,0.016,0.017623947013041454,0.007951596477742592,2.368671919100115,10.66254266720498,,,,,,multiclass,cic-malmem,classical,,,,xgboost,-1,1,,,,,,,,,,,,xgboost-multiclass-nc1
FINISHED,2026-07-15 18:52:57.142000+00:00,2026-07-15 18:52:57.619000+00:00,0.16666666666666666,0.058823529411764705,0.0,0.03555209632831512,0.1,9.060520231956616,0.14814814814814814,0.108497150997151,0.17647058823529413,0.10813186813186813,0.0,0.0,0.028026985994074494,0.5558861718341855,0.0,0.08333333333333333,0.06896551724137931,32.92563974001678,0.10569108946361497,0.11764705882352941,0.05714285714285714,0.45454545454545453,0.08695652173913043,0.16666666666666666,,,,,,,,,,,,,,,,,,,,,,,,multiclass,cic-malmem,classical,,,,xgboost,-1,1,,,,0.8559145947340221,0.0024185738592507255,350,0.9216320400013212,,9,,,xgboost-multiclass-nc1
FINISHED,2026-07-15 18:53:39.514000+00:00,2026-07-15 18:53:39.981000+00:00,0.0,0.07142857142857142,0.0,0.009498806730012058,0.075,10.432025402027648,0.06666666666666667,0.0680753680444083,0.07407407407407407,0.08174270174270173,0.18181818181818182,0.07407407407407407,0.03214736096560955,0.5717776788429274,0.0,0.0,0.0,31.323161648004316,0.07239415991625255,0.0975609756097561,0.13333333333333333,0.3,0.0,0.08695652173913043,,,,,,,,,,,,,,,,,,,,,,,,multiclass,cic-malmem,classical,,,,xgboost,-1,1,,,,0.6959807008519887,0.031236058499151866,350,0.9196772304547662,,10,,,xgboost-multiclass-nc1
FINISHED,2026-07-15 18:54:16.808000+00:00,2026-07-15 18:54:17.194000+00:00,0.058823529411764705,0.10810810810810811,0.15384615384615385,0.06445354161166056,0.125,7.638235195016023,0.0,0.12142268501603538,0.16666666666666666,0.13855755355755356,0.0,0.0,0.022132096986752003,0.5754681506926171,0.20689655172413793,0.0,0.2727272727272727,29.074670686968602,0.12212712103989994,0.07142857142857142,0.08,0.4444444444444444,0.06896551724137931,0.2,,,,,,,,,,,,,,,,,,,,,,,,multiclass,cic-malmem,classical,,,,xgboost,-1,1,,,,0.7653940006983975,0.005010281986118745,350,0.6048054277324512,,10,,,xgboost-multiclass-nc1
FINISHED,2026-07-15 18:55:10.013000+00:00,2026-07-15 18:55:10.648000+00:00,0.21052631578947367,0.0,0.18181818181818182,0.04338701193872669,0.105,11.592216558987275,0.10526315789473684,0.11495360195360195,0.0,0.11357407298583767,0.0,0.09090909090909091,0.04135072400094941,0.5584630695148608,0.16216216216216217,0.0,0.07407407407407407,41.07902445900254,0.09957347926646172,0.0625,0.1111111111111111,0.4,0.09523809523809523,0.0,,,,,,,,,,,,,,,,,,,,,,,,multiclass,cic-malmem,classical,,,,xgboost,-1,1,,,,0.984730551577528,0.25215116809209465,600,0.6071847502459279,,12,,,xgboost-multiclass-nc1
FINISHED,2026-07-15 18:56:05.901000+00:00,2026-07-15 18:56:06.366000+00:00,0.0,0.11428571428571428,0.0,0.04098334501764259,0.105,14.589715948037338,0.13333333333333333,0.10192134662722899,0.14285714285714285,0.11170163170163168,0.0,0.17142857142857143,0.0378397399908863,0.5720567574779378,0.0,0.07407407407407407,0.06666666666666667,40.524922844953835,0.10528459195125862,0.09523809523809523,0.21428571428571427,0.47619047619047616,0.0,0.09090909090909091,,,,,,,,,,,,,,,,,,,,,,,,multiclass,cic-malmem,classical,,,,xgboost,-1,1,,,,0.9985723243863559,0.007246971015012478,600,0.6134964670082522,,9,,,xgboost-multiclass-nc1
FINISHED,2026-07-15 18:56:06.415000+00:00,2026-07-15 19:01:17.066000+00:00,,,,,,,,,,,,,,,,,,,,,,,,,0.10944444748271764,5.484268735745146,0.11000000000000001,0.12337460713625419,0.5675232755838351,0.006485372569080765,0.11869786096256682,0.01907937447119446,36.75796528278151,0.022384145856063128,0.016933104011695833,0.0226091615793859,0.047632068337381456,0.022583179581272435,0.024253055265410595,0.017194466966829993,11.27942958014202,24.795603490399664,,,,,,multiclass,cic-malmem,classical,,,,lightgbm,-1,1,,,,,,,,,,,,lightgbm-multiclass-nc1
FINISHED,2026-07-15 18:56:51.627000+00:00,2026-07-15 18:56:52.075000+00:00,0.14634146341463414,0.0,0.0,0.026979629388293826,0.09,10.478092625970021,0.16,0.08739339015082721,0.1111111111111111,0.09824175824175825,0.06896551724137931,0.0,0.0071744510205462575,0.5353642716508024,0.0,0.16666666666666666,0.0,34.63743429299211,0.08583261520170805,0.11764705882352941,0.06666666666666667,0.3448275862068966,0.0,0.10526315789473684,,,,,,,,,,,,,,,,,,,,,,,,multiclass,cic-malmem,classical,,,,lightgbm,-1,1,,,,0.7407465627707578,0.0010117265446308412,150,0.9606753783439212,125,,,,lightgbm-multiclass-nc1
FINISHED,2026-07-15 18:57:58.371000+00:00,2026-07-15 18:57:58.821000+00:00,0.11428571428571428,0.0,0.0,0.014097597968231776,0.08,21.527934264973737,0.12121212121212122,0.12965530656707128,0.0,0.08853516853516852,0.2,0.0,0.02145727298920974,0.5858529570862117,0.16666666666666666,0.09090909090909091,0.06896551724137931,44.651351120031904,0.08135816290988704,0.0,0.125,0.3333333333333333,0.0,0.0,,,,,,,,,,,,,,,,,,,,,,,,multiclass,cic-malmem,classical,,,,lightgbm,-1,1,,,,0.7890856026631795,0.0033492298711392233,550,0.9282271920531886,16,,,,lightgbm-multiclass-nc1
FINISHED,2026-07-15 18:59:25.882000+00:00,2026-07-15 18:59:26.274000+00:00,0.07692307692307693,0.07692307692307693,0.09523809523809523,0.04913692869872374,0.11,45.20308858901262,0.07692307692307693,0.12761057588643795,0.25,0.1211104636104636,0.07692307692307693,0.10526315789473684,0.026087397010996938,0.5669679711894932,0.19047619047619047,0.0,0.08,41.74016383592971,0.11264673608079537,0.05,0.05555555555555555,0.3448275862068966,0.0625,0.14814814814814814,,,,,,,,,,,,,,,,,,,,,,,,multiclass,cic-malmem,classical,,,,lightgbm,-1,1,,,,0.8754079020078268,0.0051061760374641356,600,0.6922070923931773,167,,,,lightgbm-multiclass-nc1
FINISHED,2026-07-15 19:00:21.892000+00:00,2026-07-15 19:00:22.327000+00:00,0.23076923076923078,0.18181818181818182,0.25,0.07402678264099018,0.135,23.457690032024402,0.08695652173913043,0.14458781414663768,0.16666666666666666,0.14064797947150887,0.2,0.09090909090909091,0.016221666999626905,0.5761823210792407,0.13793103448275862,0.0,0.12903225806451613,32.06085644196719,0.13710817779928383,0.07407407407407407,0.07142857142857142,0.37037037037037035,0.06666666666666667,0.0,,,,,,,,,,,,,,,,,,,,,,,,multiclass,cic-malmem,classical,,,,lightgbm,-1,1,,,,0.7653940006983975,0.005010281986118745,350,0.6048054277324512,152,,,,lightgbm-multiclass-nc1
FINISHED,2026-07-15 19:01:16.428000+00:00,2026-07-15 19:01:17.039000+00:00,0.21621621621621623,0.23529411764705882,0.0,0.07391940299066777,0.135,23.31121194001753,0.20689655172413793,0.12762594893029677,0.06060606060606061,0.14495393495393497,0.0,0.18181818181818182,0.013724732038099319,0.5732488569134276,0.1111111111111111,0.0,0.07407407407407407,30.700020722986665,0.13027654542191394,0.15384615384615385,0.21428571428571427,0.5,0.0,0.0,,,,,,,,,,,,,,,,,,,,,,,,multiclass,cic-malmem,classical,,,,lightgbm,-1,1,,,,0.9055518607137063,0.004367395637608481,300,0.6589784945577128,170,,,,lightgbm-multiclass-nc1
FINISHED,2026-07-15 19:01:17.079000+00:00,2026-07-15 19:01:24.758000+00:00,,,,,,,,,,,,,,,,,,,,,,,,,0.10746862194622042,0.02394095170884698,0.11099999999999999,0.12568256433147834,0.5506547914739423,0.0004208023388529716,0.11901055371643605,0.027419803343630034,1.1156203398131765,0.022883355184384956,0.005981977202463895,0.016402887193071987,0.049444613434068634,0.021307275752662516,0.022874947214995753,0.007284037515279818,0.013422934090318719,0.0502066261949949,,,,,,multiclass,cic-malmem,classical,,,,svm,-1,1,,,,,,,,,,,,svm-multiclass-nc1
FINISHED,2026-07-15 19:01:18.333000+00:00,2026-07-15 19:01:18.648000+00:00,0.14814814814814814,0.10810810810810811,0.0,0.028861540830584745,0.09,0.06724092399235815,0.08695652173913043,0.13436279501496892,0.11428571428571428,0.09866910866910868,0.0,0.0,0.0059240569826215506,0.5551264272415041,0.029411764705882353,0.125,0.0,1.1228353300248273,0.09974795028518167,0.15384615384615385,0.1,0.47058823529411764,0.06896551724137931,0.09090909090909091,,,,,,,,,,,,,,,,,,,,,,,,multiclass,cic-malmem,classical,2.0280775986243276,33.82208444404363,balanced,svm,-1,1,,,,,,,,,,,,svm-multiclass-nc1
FINISHED,2026-07-15 19:01:19.832000+00:00,2026-07-15 19:01:20.150000+00:00,0.0,0.0,0.16216216216216217,0.04215252900012286,0.105,0.040630856005009264,0.0,0.10148844619432854,0.08333333333333333,0.11340502090502089,0.1111111111111111,0.0,0.005817619035951793,0.5504134367693876,0.09090909090909091,0.10526315789473684,0.14285714285714285,1.0913355789962225,0.09793128877339403,0.12,0.12,0.5333333333333333,0.0,0.0,,,,,,,,,,,,,,,,,,,,,,,,multiclass,cic-malmem,classical,1.6592067603406628,5.835185845020837,balanced,svm,-1,1,,,,,,,,,,,,svm-multiclass-nc1
FINISHED,2026-07-15 19:01:21.338000+00:00,2026-07-15 19:01:21.641000+00:00,0.16666666666666666,0.16666666666666666,0.09523809523809523,0.08591868344743957,0.145,0.03859693999402225,0.0,0.16424557728905556,0.1951219512195122,0.15814824064824062,0.0,0.1111111111111111,0.005790035997051746,0.5614056478261493,0.0,0.15384615384615385,0.2,1.092992892023176,0.14020329244674185,0.17647058823529413,0.09523809523809523,0.631578947368421,0.0,0.1111111111111111,,,,,,,,,,,,,,,,,,,,,,,,multiclass,cic-malmem,classical,0.8908989409205179,4.9511903120634795,balanced,svm,-1,1,,,,,,,,,,,,svm-multiclass-nc1
FINISHED,2026-07-15 19:01:22.846000+00:00,2026-07-15 19:01:23.147000+00:00,0.0,0.125,0.2777777777777778,0.06479395133313277,0.125,0.03857796802185476,0.0,0.08821778899124437,0.2222222222222222,0.12906283259224433,0.10810810810810811,0.0,0.0055839529959484935,0.540211759163146,0.0,0.0,0.08695652173913043,1.1139735520118847,0.09842994232458396,0.058823529411764705,0.0975609756097561,0.5,0.0,0.0,,,,,,,,,,,,,,,,,,,,,,,,multiclass,cic-malmem,classical,2.507645699273015,6.37749874141853,balanced,svm,-1,1,,,,,,,,,,,,svm-multiclass-nc1
FINISHED,2026-07-15 19:01:24.430000+00:00,2026-07-15 19:01:24.735000+00:00,0.12121212121212122,0.047619047619047616,0.0,0.025496362559063263,0.09,0.06598644296173006,0.08695652173913043,0.1400982141677944,0.13636363636363635,0.09576756576756576,0.06896551724137931,0.05714285714285714,0.0067942210007458925,0.5461166863695243,0.07407407407407407,0.0,0.19047619047619047,1.1569643460097723,0.10103063590120061,0.1111111111111111,0.16,0.46153846153846156,0.0,0.0,,,,,,,,,,,,,,,,,,,,,,,,multiclass,cic-malmem,classical,9.950848932156854,39.02649298963144,balanced,svm,-1,1,,,,,,,,,,,,svm-multiclass-nc1
FINISHED,2026-07-15 19:01:32.032000+00:00,2026-07-15 19:29:34.162000+00:00,,,,,,,,,,,,,,,,,,,,,,,,,0.05849303198827217,7.280545916966583,0.101,0.05690358814723047,0.5447350062712235,2.1879016468138923,0.10971375574316751,0.02043319203431408,185.7086800163961,0.008206446110427574,49.733774559211454,0.00440822062268479,0.049844809266534,0.011575836902790225,0.016101066870977208,0.004286459210343331,3.717516094296785,100.61580761140212,,,,,,multiclass,cic-malmem,quantum,,,,qsvm,,3,,,,,,,,,,,,qsvm-multiclass-nc3
FINISHED,2026-07-15 19:07:01.774000+00:00,2026-07-15 19:07:02.171000+00:00,0.16666666666666666,0.0,0.0,0.057052809265407275,0.11,98.76821484300308,0.0,0.04585666568425189,0.16470588235294117,0.12446886446886447,0.0,0.0,48.92508707696106,0.5499913383507268,0.0,0.0,0.0,181.994812740013,0.061961364255847265,0.16326530612244897,0.0,0.43478260869565216,0.0,0.0,,,,,,,,,,,,,,,,,,,98.74556123599177,479600.0,48.92335135099711,0.0985960125140526,,multiclass,cic-malmem,quantum,,10.0,balanced,qsvm,,3,0.5773502691896257,3,iqp,,,,,,,,,qsvm-multiclass-nc3
FINISHED,2026-07-15 19:12:30.832000+00:00,2026-07-15 19:12:31.084000+00:00,0.0,0.0,0.15126050420168066,0.037441614027945644,0.105,98.00600135599962,0.0,0.05162252459415985,0.0,0.10332010582010583,0.0,0.09523809523809523,49.001950329053216,0.5492995251746801,0.0,0.0,0.11428571428571428,181.62248410400935,0.06300681676179244,0.0,0.16326530612244897,0.42105263157894735,0.0,0.0,,,,,,,,,,,,,,,,,,,97.99068788997829,479600.0,49.000321684987284,0.12563623884883376,,multiclass,cic-malmem,quantum,,10.0,None,qsvm,,3,0.5773502691896257,3,iqp,,,,,,,,,qsvm-multiclass-nc3
FINISHED,2026-07-15 19:17:57.435000+00:00,2026-07-15 19:17:57.685000+00:00,0.0,0.0,0.0,0.07670378602013454,0.09,96.75417469500098,0.0,0.09738489871086556,0.0,0.11068376068376068,0.0,0.0,48.22340496402467,0.5440862653149988,0.11398963730569948,0.14285714285714285,0.0,181.34582211798988,0.050456452010856155,0.0,0.0,0.5,0.0,0.0,,,,,,,,,,,,,,,,,,,96.7377224569791,479600.0,48.2216358089936,0.07686235787047763,,multiclass,cic-malmem,quantum,,1.0,balanced,qsvm,,3,0.5773502691896257,3,angle,,,,,,,,,qsvm-multiclass-nc3
FINISHED,2026-07-15 19:23:32.152000+00:00,2026-07-15 19:23:32.399000+00:00,0.0,0.0,0.1797752808988764,0.04720934787904736,0.115,102.61204056302086,0.0,0.042926332926332925,0.0,0.10915032679738562,0.0,0.12698412698412698,48.44764347799355,0.539470667740398,0.0,0.0,0.0,183.3776770879631,0.058228404969978005,0.0,0.15,0.4166666666666667,0.0,0.0,,,,,,,,,,,,,,,,,,,102.5976775540039,479600.0,48.4458591179573,0.09560329596159065,,multiclass,cic-malmem,quantum,,10.0,None,qsvm,,3,0.5773502691896257,3,iqp,,,,,,,,,qsvm-multiclass-nc3
FINISHED,2026-07-15 19:29:33.663000+00:00,2026-07-15 19:29:34.131000+00:00,0.1111111111111111,0.0,0.0,0.030816489140135205,0.085,106.93860659998609,0.0,0.046727518820542074,0.10526315789473684,0.10094572094572093,0.0,0.0,54.07078694802476,0.5408272347753142,0.0,0.0,0.0,200.20260403200518,0.058812121942887,0.08247422680412371,0.0,0.5833333333333334,0.0,0.0,,,,,,,,,,,,,,,,,,,106.91919360798784,479600.0,54.06812075304333,0.07947206125604946,,multiclass,cic-malmem,quantum,,10.0,balanced,qsvm,,3,0.5773502691896257,3,angle,,,,,,,,,qsvm-multiclass-nc3
FINISHED,2026-07-15 19:29:39.227000+00:00,2026-07-15 19:31:55.261000+00:00,,,,,,,,,,,,,,,,,,,,,,,,,0.13983493205054429,8.326375767651413,0.138,0.14094302698542838,0.6063890243083835,0.026076476282625924,0.14371142147612734,0.012190317469093638,25.703671609796583,0.014760189476072324,0.09561319558415562,0.01300278937956895,0.07590354021890833,0.013638181696985855,0.014684020271561503,0.009460121939913978,0.30095747064440287,0.9014553722110576,,,,,,multiclass,cic-malmem,classical,,,,random_forest,-1,3,,,,,,,,,,,,random_forest-multiclass-nc3
FINISHED,2026-07-15 19:30:19.651000+00:00,2026-07-15 19:30:20.024000+00:00,0.2222222222222222,0.2222222222222222,0.08,0.06295524299532558,0.125,1.018389716045931,0.0,0.12112340960167048,0.13793103448275862,0.12917277167277166,0.16666666666666666,0.16,0.12174955796217546,0.5898759398483541,0.0,0.07407407407407407,0.0,39.09720167395426,0.12245770789448952,0.18181818181818182,0.14285714285714285,0.25,0.125,0.07407407407407407,,,,,,,,,,,,,,,,,,,,,,,,multiclass,cic-malmem,classical,,,,random_forest,-1,3,,,,,,450,,,17,1,log2,random_forest-multiclass-nc3
FINISHED,2026-07-15 19:30:34.843000+00:00,2026-07-15 19:30:35.195000+00:00,0.20689655172413793,0.08333333333333333,0.10526315789473684,0.05581563235835033,0.12,0.32001293601933867,0.12903225806451613,0.13336076777253245,0.06451612903225806,0.12292022792022791,0.09090909090909091,0.20689655172413793,0.04578180896351114,0.6033875001886198,0.0,0.07407407407407407,0.0,14.361084748990834,0.12622013994248252,0.0,0.2857142857142857,0.5,0.08,0.06666666666666667,,,,,,,,,,,,,,,,,,,,,,,,multiclass,cic-malmem,classical,,,,random_forest,-1,3,,,,,,150,,,17,2,log2,random_forest-multiclass-nc3
FINISHED,2026-07-15 19:30:59.716000+00:00,2026-07-15 19:31:00.047000+00:00,0.24,0.14285714285714285,0.05263157894736842,0.07765591124428087,0.14,1.032659701013472,0.0,0.1451314328945908,0.16,0.15147269397269397,0.0,0.17647058823529413,0.10240485495887697,0.6110569692999511,0.2,0.07692307692307693,0.09523809523809523,23.23687391699059,0.14521297041833678,0.07407407407407407,0.22857142857142856,0.5714285714285714,0.0,0.16,,,,,,,,,,,,,,,,,,,,,,,,multiclass,cic-malmem,classical,,,,random_forest,-1,3,,,,,,550,,,12,3,sqrt,random_forest-multiclass-nc3
FINISHED,2026-07-15 19:31:23.129000+00:00,2026-07-15 19:31:23.491000+00:00,0.27586206896551724,0.09090909090909091,0.125,0.08885195835699883,0.15,0.9490111310151406,0.08,0.15085625159154573,0.0,0.15584957526133994,0.13333333333333333,0.25,0.09934004803653806,0.6179219187233447,0.07142857142857142,0.0625,0.16,21.8848020809819,0.15191016072050553,0.19047619047619047,0.13793103448275862,0.45454545454545453,0.16666666666666666,0.08,,,,,,,,,,,,,,,,,,,,,,,,multiclass,cic-malmem,classical,,,,random_forest,-1,3,,,,,,400,,,30,1,None,random_forest-multiclass-nc3
FINISHED,2026-07-15 19:31:54.879000+00:00,2026-07-15 19:31:55.240000+00:00,0.13333333333333333,0.2222222222222222,0.125,0.09423895613958602,0.155,1.1872033769614063,0.15384615384615385,0.15424327306680247,0.26666666666666666,0.15914183855360325,0.14285714285714285,0.2222222222222222,0.10878970799967647,0.6097027934816477,0.08333333333333333,0.0,0.09523809523809523,29.938395628065336,0.15337368127690706,0.09090909090909091,0.19047619047619047,0.38095238095238093,0.1935483870967742,0.0,,,,,,,,,,,,,,,,,,,,,,,,multiclass,cic-malmem,classical,,,,random_forest,-1,3,,,,,,500,,,27,2,None,random_forest-multiclass-nc3
FINISHED,2026-07-15 19:31:55.273000+00:00,2026-07-15 19:41:55.388000+00:00,,,,,,,,,,,,,,,,,,,,,,,,,0.1269842115719068,9.57642410104635,0.126,0.13411035868936888,0.5890312082306316,0.021425951092915757,0.13092196474549414,0.016371033045400538,43.520564684807326,0.011066524772166643,0.03086060578934848,0.00873149446846606,0.06307341943358574,0.010198039027185574,0.011063125080682813,0.00850069023566172,137.32480496127724,75.5789497887832,,,,,,multiclass,cic-malmem,classical,,,,xgboost,-1,3,,,,,,,,,,,,xgboost-multiclass-nc3
FINISHED,2026-07-15 19:32:50.841000+00:00,2026-07-15 19:32:51.266000+00:00,0.14814814814814814,0.14814814814814814,0.13793103448275862,0.07829516320956942,0.14,13.094694953004364,0.18181818181818182,0.13489611837437923,0.18181818181818182,0.1406898656898657,0.16666666666666666,0.25806451612903225,0.03858524898532778,0.573972240444819,0.0,0.06666666666666667,0.0,42.33067073300481,0.13495253326028261,0.09523809523809523,0.08,0.2857142857142857,0.2,0.07407407407407407,,,,,,,,,,,,,,,,,,,,,,,,multiclass,cic-malmem,classical,,,,xgboost,-1,3,,,,0.9133274425104401,0.06964767502286402,300,0.7097188387519474,,11,,,xgboost-multiclass-nc3
FINISHED,2026-07-15 19:39:38.444000+00:00,2026-07-15 19:39:39.007000+00:00,0.13793103448275862,0.16,0.17647058823529413,0.04508427015117355,0.11,350.1512501039542,0.11764705882352941,0.12605459355459356,0.0,0.11199235949235947,0.16,0.07407407407407407,0.06836801499594003,0.585788043609064,0.19047619047619047,0.0,0.0,56.54995483905077,0.1160802155873159,0.08695652173913043,0.1935483870967742,0.2857142857142857,0.08695652173913043,0.07142857142857142,,,,,,,,,,,,,,,,,,,,,,,,multiclass,cic-malmem,classical,,,,xgboost,-1,3,,,,0.8864057797446836,0.06483881903762886,600,0.677849686910165,,10,,,xgboost-multiclass-nc3
FINISHED,2026-07-15 19:40:37.279000+00:00,2026-07-15 19:40:37.713000+00:00,0.06666666666666667,0.16216216216216217,0.05555555555555555,0.06649793538429398,0.13,6.165452849993017,0.0,0.16507817018336604,0.14814814814814814,0.141484903984904,0.06896551724137931,0.2,0.012198106967844069,0.5974788215357184,0.19047619047619047,0.0,0.125,51.9630760109867,0.13907027866121846,0.07692307692307693,0.058823529411764705,0.6666666666666666,0.06666666666666667,0.2,,,,,,,,,,,,,,,,,,,,,,,,multiclass,cic-malmem,classical,,,,xgboost,-1,3,,,,0.9340405347398452,0.002920450069153995,400,0.9362148766913247,,3,,,xgboost-multiclass-nc3
FINISHED,2026-07-15 19:41:13.050000+00:00,2026-07-15 19:41:14.793000+00:00,0.24,0.0,0.12121212121212122,0.06747294525468692,0.13,4.112975065014325,0.07692307692307693,0.11809357309357309,0.2222222222222222,0.13501929443105914,0.0,0.34285714285714286,0.02556399500463158,0.5953902675156151,0.08,0.05714285714285714,0.08,31.098911317938473,0.12473987740654406,0.16,0.07407407407407407,0.4166666666666667,0.0,0.0,,,,,,,,,,,,,,,,,,,,,,,,multiclass,cic-malmem,classical,,,,xgboost,-1,3,,,,0.6727299868828402,0.11536162338241392,100,0.6849356442713105,,12,,,xgboost-multiclass-nc3
FINISHED,2026-07-15 19:41:54.926000+00:00,2026-07-15 19:41:55.362000+00:00,0.04878048780487805,0.13793103448275862,0.07692307692307693,0.05801678316820485,0.12,4.370375971950125,0.19047619047619047,0.12642933824093244,0.16666666666666666,0.12542340012928246,0.08,0.24242424242424243,0.009587662992998958,0.5925266680479415,0.09523809523809523,0.0,0.10526315789473684,35.660210523055866,0.12007815294417308,0.0,0.15384615384615385,0.4166666666666667,0.08695652173913043,0.0,,,,,,,,,,,,,,,,,,,,,,,,multiclass,cic-malmem,classical,,,,xgboost,-1,3,,,,0.8496070443192913,0.013758575422188949,350,0.7662979247436005,,3,,,xgboost-multiclass-nc3
FINISHED,2026-07-15 19:41:55.403000+00:00,2026-07-15 19:47:04.965000+00:00,,,,,,,,,,,,,,,,,,,,,,,,,0.11853468034025125,5.391253975802002,0.11400000000000002,0.12251095058503861,0.583980849192441,0.012969228249589257,0.1194721868545398,0.01885014794575026,37.037570741213855,0.01565904557579266,0.02311441660858691,0.016436633409909838,0.049682709676723495,0.014966629547095767,0.016226105698998548,0.009219021962107323,11.365618598382527,24.1249034171924,,,,,,multiclass,cic-malmem,classical,,,,lightgbm,-1,3,,,,,,,,,,,,lightgbm-multiclass-nc3
FINISHED,2026-07-15 19:42:36.596000+00:00,2026-07-15 19:42:37.054000+00:00,0.36363636363636365,0.14285714285714285,0.0,0.0718381102220575,0.135,11.920812759024557,0.07407407407407407,0.15213562266193845,0.1875,0.13965811965811967,0.13793103448275862,0.13333333333333333,0.010342966008465737,0.5831757103372806,0.0,0.0625,0.08333333333333333,29.18269910599338,0.1424928753664386,0.1111111111111111,0.07692307692307693,0.4444444444444444,0.13793103448275862,0.18181818181818182,,,,,,,,,,,,,,,,,,,,,,,,multiclass,cic-malmem,classical,,,,lightgbm,-1,3,,,,0.9441303920517703,0.06592629030972576,100,0.9990463963354962,109,,,,lightgbm-multiclass-nc3
FINISHED,2026-07-15 19:43:54.226000+00:00,2026-07-15 19:43:54.693000+00:00,0.2,0.17391304347826086,0.11428571428571428,0.02883940149443276,0.095,38.78853069402976,0.1111111111111111,0.11155068996602177,0.0,0.09663688163688162,0.08,0.06666666666666667,0.028141399030573666,0.589260192760703,0.1,0.0,0.0,38.25920327997301,0.10065047995482776,0.09523809523809523,0.2222222222222222,0.2857142857142857,0.06060606060606061,0.0,,,,,,,,,,,,,,,,,,,,,,,,multiclass,cic-malmem,classical,,,,lightgbm,-1,3,,,,0.912415457654784,0.03216310148718261,350,0.7162160088898935,157,,,,lightgbm-multiclass-nc3
FINISHED,2026-07-15 19:45:16.984000+00:00,2026-07-15 19:45:17.436000+00:00,0.24,0.06060606060606061,0.0625,0.05107194576740079,0.115,36.54829919396434,0.0,0.11845797563289823,0.18181818181818182,0.1243050468050468,0.0,0.125,0.016741650993935764,0.5985586237103017,0.16666666666666666,0.08695652173913043,0.07407407407407407,45.64049554505618,0.11904965028025558,0.0,0.11764705882352941,0.47619047619047616,0.11428571428571428,0.08,,,,,,,,,,,,,,,,,,,,,,,,multiclass,cic-malmem,classical,,,,lightgbm,-1,3,,,,0.940735669351031,0.003024303156345753,400,0.6465051012776137,182,,,,lightgbm-multiclass-nc3
FINISHED,2026-07-15 19:46:09.137000+00:00,2026-07-15 19:46:09.692000+00:00,0.24,0.0,0.0,0.034447725213601184,0.1,13.782313648960553,0.08,0.0970983519404572,0.08333333333333333,0.10673215673215672,0.0,0.17142857142857143,0.01416735298698768,0.573352215845024,0.08695652173913043,0.10256410256410256,0.08,37.811499706003815,0.10049227555621415,0.09090909090909091,0.11764705882352941,0.45454545454545453,0.0,0.0,,,,,,,,,,,,,,,,,,,,,,,,multiclass,cic-malmem,classical,,,,lightgbm,-1,3,,,,0.8693459753803552,0.27716064171226185,300,0.6949920720136433,203,,,,lightgbm-multiclass-nc3
FINISHED,2026-07-15 19:47:03.847000+00:00,2026-07-15 19:47:04.916000+00:00,0.07142857142857142,0.1935483870967742,0.14285714285714285,0.06221636568612527,0.125,19.58456078998279,0.07692307692307693,0.1333121127238774,0.13333333333333333,0.13002872944049412,0.08695652173913043,0.10810810810810811,0.04617871402297169,0.5755575033088959,0.25,0.0,0.16666666666666666,34.293956069042906,0.12998812054352027,0.0,0.24,0.4,0.08,0.0,,,,,,,,,,,,,,,,,,,,,,,,multiclass,cic-malmem,classical,,,,lightgbm,-1,3,,,,0.9438599500782207,0.11777517005248563,200,0.731194128587385,217,,,,lightgbm-multiclass-nc3
FINISHED,2026-07-15 19:47:04.993000+00:00,2026-07-15 19:47:19.223000+00:00,,,,,,,,,,,,,,,,,,,,,,,,,0.13086138123384874,0.4287620211743664,0.129,0.14800956866449555,0.5793783017983815,0.0013991071528535002,0.13448610975081565,0.028761153610703194,2.0589617429999634,0.030052818423571787,0.010888613190036266,0.02646981146973025,0.06794582984755972,0.02764054992217051,0.030522708378949544,0.027058847175636537,0.01976559710999883,0.09600489739095792,,,,,,multiclass,cic-malmem,classical,,,,svm,-1,3,,,,,,,,,,,,svm-multiclass-nc3
FINISHED,2026-07-15 19:47:07.726000+00:00,2026-07-15 19:47:08.545000+00:00,0.2608695652173913,0.06060606060606061,0.09523809523809523,0.06890873782342026,0.13,0.08740919799311087,0.14285714285714285,0.15430852772958037,0.16216216216216217,0.1320787545787546,0.21052631578947367,0.2222222222222222,0.012130994000472128,0.541154234031853,0.0,0.08333333333333333,0.1,2.451678521989379,0.13399222724165513,0.0,0.13333333333333333,0.34782608695652173,0.1,0.09090909090909091,,,,,,,,,,,,,,,,,,,,,,,,multiclass,cic-malmem,classical,1.6592067603406628,4.69332188136452,balanced,svm,-1,3,,,,,,,,,,,,svm-multiclass-nc3
FINISHED,2026-07-15 19:47:11.139000+00:00,2026-07-15 19:47:11.753000+00:00,0.14814814814814814,0.06451612903225806,0.07142857142857142,0.01397612638777557,0.08,0.1182500469731167,0.0,0.10223353443941678,0.07407407407407407,0.08133024383024383,0.0,0.19047619047619047,0.011735168984159827,0.5731367820992735,0.06896551724137931,0.0,0.0,2.3752154520479962,0.08319210555028131,0.0,0.1935483870967742,0.3076923076923077,0.0,0.12903225806451613,,,,,,,,,,,,,,,,,,,,,,,,multiclass,cic-malmem,classical,0.16342807783138036,45.312805963004685,balanced,svm,-1,3,,,,,,,,,,,,svm-multiclass-nc3
FINISHED,2026-07-15 19:47:14.381000+00:00,2026-07-15 19:47:14.942000+00:00,0.2962962962962963,0.20689655172413793,0.07692307692307693,0.06748708941193672,0.13,0.12111969699617475,0.06666666666666667,0.129888869300634,0.07142857142857142,0.14261266511266513,0.0,0.17142857142857143,0.01220360497245565,0.582599111571236,0.0,0.0,0.08,2.394134011992719,0.1350022839618042,0.17391304347826086,0.06666666666666667,0.6,0.14814814814814814,0.06666666666666667,,,,,,,,,,,,,,,,,,,,,,,,multiclass,cic-malmem,classical,0.9041355006839811,36.948253697641505,balanced,svm,-1,3,,,,,,,,,,,,svm-multiclass-nc3
FINISHED,2026-07-15 19:47:16.695000+00:00,2026-07-15 19:47:17.126000+00:00,0.0,0.0625,0.07142857142857142,0.10722910262298749,0.165,0.07775739300996065,0.1111111111111111,0.17943391111812165,0.17647058823529413,0.173910468616351,0.10526315789473684,0.27586206896551724,0.009137813991401345,0.6254951083527859,0.23076923076923078,0.07407407407407407,0.09523809523809523,1.598062165954616,0.16498791172445307,0.1935483870967742,0.21428571428571427,0.45454545454545453,0.1875,0.2222222222222222,,,,,,,,,,,,,,,,,,,,,,,,multiclass,cic-malmem,classical,0.036189050606568685,53.599577657717745,balanced,svm,-1,3,,,,,,,,,,,,svm-multiclass-nc3
FINISHED,2026-07-15 19:47:18.757000+00:00,2026-07-15 19:47:19.193000+00:00,0.0,0.07407407407407407,0.2608695652173913,0.0821280929916785,0.14,0.07548815198242664,0.0,0.1741830007347249,0.12903225806451613,0.14249841661606366,0.14285714285714285,0.2222222222222222,0.009235484001692384,0.5745062729367588,0.13333333333333333,0.0,0.3,1.475718563015107,0.13713237769104997,0.125,0.26666666666666666,0.3076923076923077,0.09523809523809523,0.0,,,,,,,,,,,,,,,,,,,,,,,,multiclass,cic-malmem,classical,0.036189050606568685,53.599577657717745,balanced,svm,-1,3,,,,,,,,,,,,svm-multiclass-nc3
FINISHED,2026-07-15 19:58:21.736000+00:00,2026-07-15 20:26:25.857000+00:00,,,,,,,,,,,,,,,,,,,,,,,,,0.07077034946372533,30.24002677223359,0.10600000000000001,0.07734843607923969,0.578170454885434,19.174263157148292,0.11251087801087803,0.0339443558029441,183.1163896445767,0.012368339492941317,50.310871682618746,0.014076878940283753,0.05132480598893818,0.011135528725660046,0.016373353088814005,0.009937254510316957,40.16051031531676,102.89899507781956,,,,,,multiclass,cic-malmem,quantum,,,,qsvm,,6,,,,,,,,,,,,qsvm-multiclass-nc6
FINISHED,2026-07-15 20:05:46.231000+00:00,2026-07-15 20:05:46.778000+00:00,0.06896551724137931,0.22727272727272727,0.0,0.05666965585984641,0.115,144.88379963499028,0.0,0.06635137995819111,0.07692307692307693,0.12708180708180708,0.0,0.05128205128205128,76.89319348300342,0.5874073209051043,0.0,0.0,0.0,222.61926981800934,0.08359925515097928,0.16666666666666666,0.0,0.45454545454545453,0.20833333333333334,0.0,,,,,,,,,,,,,,,,,,,144.85036103602033,479600.0,76.88860017497791,0.08855674510280961,,multiclass,cic-malmem,quantum,,10.0,balanced,qsvm,,6,0.408248290463863,6,iqp,,,,,,,,,qsvm-multiclass-nc6
FINISHED,2026-07-15 20:12:55.131000+00:00,2026-07-15 20:12:55.560000+00:00,0.0,0.0,0.0,0.03632057795184225,0.095,147.5778465710464,0.0,0.050555555555555555,0.0,0.09333333333333332,0.0,0.15204678362573099,63.55529602203751,0.578920733453888,0.0,0.0,0.0,217.16448197793216,0.04966586400642128,0.0,0.24,0.35294117647058826,0.0,0.0,,,,,,,,,,,,,,,,,,,147.5476074970211,479600.0,63.55063383700326,0.10811985846781387,,multiclass,cic-malmem,quantum,,10.0,None,qsvm,,6,0.408248290463863,6,iqp,,,,,,,,,qsvm-multiclass-nc6
FINISHED,2026-07-15 20:16:59.356000+00:00,2026-07-15 20:16:59.787000+00:00,0.0,0.0,0.1935483870967742,0.07711025674910192,0.115,57.653161051042844,0.0,0.047595818815331016,0.0,0.11916666666666667,0.0,0.1564245810055866,28.495155175041873,0.5898489781491524,0.0,0.0,0.0,157.59185322292615,0.05811413990247623,0.0,0.0,0.5217391304347826,0.0,0.0,,,,,,,,,,,,,,,,,,,57.62695959303528,479600.0,28.492089181032497,0.06553112836852693,,multiclass,cic-malmem,quantum,,10.0,None,qsvm,,6,0.408248290463863,6,angle,,,,,,,,,qsvm-multiclass-nc6
FINISHED,2026-07-15 20:21:08.252000+00:00,2026-07-15 20:21:08.622000+00:00,0.22857142857142856,0.0,0.0,0.05534118603060721,0.115,55.72779134497978,0.0,0.08148792068146907,0.0,0.11980463980463982,0.0,0.18181818181818182,28.693791761994362,0.5716256296386107,0.0,0.0,0.11764705882352941,163.99064136302331,0.0803522381384998,0.0,0.08695652173913043,0.4166666666666667,0.10344827586206896,0.07017543859649122,,,,,,,,,,,,,,,,,,,55.68830946896924,479600.0,28.690924972994253,0.06524504292598568,,multiclass,cic-malmem,quantum,,10.0,balanced,qsvm,,6,0.408248290463863,6,angle,,,,,,,,,qsvm-multiclass-nc6
FINISHED,2026-07-15 20:26:25.456000+00:00,2026-07-15 20:26:25.830000+00:00,0.1111111111111111,0.0,0.0,0.031182353353293085,0.09,108.65237678703852,0.0,0.14075150538565173,0.09090909090909091,0.10316794316794314,0.0,0.12121212121212122,53.91692197101656,0.5630496122804141,0.0,0.0,0.14285714285714285,154.21570184099255,0.08212025012025011,0.1038961038961039,0.0,0.5454545454545454,0.08,0.03636363636363636,,,,,,,,,,,,,,,,,,,108.62921320501482,479600.0,53.91407919104677,0.07857772348684262,,multiclass,cic-malmem,quantum,,10.0,balanced,qsvm,,6,0.408248290463863,6,iqp,,,,,,,,,qsvm-multiclass-nc6
FINISHED,2026-07-15 20:26:30.496000+00:00,2026-07-15 20:28:51.137000+00:00,,,,,,,,,,,,,,,,,,,,,,,,,0.1509929786505269,6.09420846765109,0.151,0.15301507407854156,0.6284576038958637,0.030793553942970484,0.15652410334763275,0.02945602323980291,26.664170966413803,0.026839398742498053,0.09527182199526578,0.026183035870944175,0.0900738750976106,0.025179356624028343,0.0272874238144723,0.01018887354975832,0.2637132397144638,0.8555324497981929,,,,,,multiclass,cic-malmem,classical,,,,random_forest,-1,6,,,,,,,,,,,,random_forest-multiclass-nc6
FINISHED,2026-07-15 20:27:04.731000+00:00,2026-07-15 20:27:05.157000+00:00,0.25806451612903225,0.20689655172413793,0.25806451612903225,0.12208127807644856,0.18,1.1115513070253655,0.07407407407407407,0.16914476046828988,0.20689655172413793,0.1847863247863248,0.23529411764705882,0.20689655172413793,0.12057754897978157,0.6301672145699392,0.1,0.0,0.0,32.7855858799885,0.1722216535797222,0.21428571428571427,0.2727272727272727,0.34782608695652173,0.06896551724137931,0.13333333333333333,,,,,,,,,,,,,,,,,,,,,,,,multiclass,cic-malmem,classical,,,,random_forest,-1,6,,,,,,500,,,16,1,sqrt,random_forest-multiclass-nc6
FINISHED,2026-07-15 20:27:34.338000+00:00,2026-07-15 20:27:34.691000+00:00,0.2222222222222222,0.06666666666666667,0.16666666666666666,0.0456428293385301,0.11,0.8432558699860238,0.17647058823529413,0.12020179424978186,0.13793103448275862,0.11238705738705737,0.08,0.07407407407407407,0.09792910801479593,0.6125038508862115,0.0,0.0,0.06451612903225806,28.103500593046192,0.11339831066557932,0.0,0.11764705882352941,0.375,0.07692307692307693,0.14285714285714285,,,,,,,,,,,,,,,,,,,,,,,,multiclass,cic-malmem,classical,,,,random_forest,-1,6,,,,,,450,,,17,1,sqrt,random_forest-multiclass-nc6
FINISHED,2026-07-15 20:28:01.600000+00:00,2026-07-15 20:28:01.941000+00:00,0.2857142857142857,0.22857142857142856,0.1111111111111111,0.10435736649340092,0.165,0.9171018390334211,0.125,0.17625737809948336,0.2222222222222222,0.17573704073704072,0.0,0.2,0.09813053900143132,0.6221666905244433,0.17391304347826086,0.07142857142857142,0.0625,25.746664676000364,0.1721365309408788,0.1111111111111111,0.2,0.6,0.0,0.19047619047619047,,,,,,,,,,,,,,,,,,,,,,,,multiclass,cic-malmem,classical,,,,random_forest,-1,6,,,,,,450,,,19,1,log2,random_forest-multiclass-nc6
FINISHED,2026-07-15 20:28:17.908000+00:00,2026-07-15 20:28:18.246000+00:00,0.2222222222222222,0.08,0.06060606060606061,0.07303994236696375,0.135,0.36256161698838696,0.0,0.1148094008388126,0.13333333333333333,0.1393594640653464,0.2,0.21621621621621623,0.037372064020019025,0.6410916555526945,0.0,0.07407407407407407,0.0,15.492540093022399,0.12509591541475598,0.08695652173913043,0.30303030303030304,0.4166666666666667,0.08333333333333333,0.0,,,,,,,,,,,,,,,,,,,,,,,,multiclass,cic-malmem,classical,,,,random_forest,-1,6,,,,,,100,,,30,3,sqrt,random_forest-multiclass-nc6
FINISHED,2026-07-15 20:28:50.765000+00:00,2026-07-15 20:28:51.113000+00:00,0.21428571428571427,0.2962962962962963,0.15384615384615385,0.10524795921270966,0.165,1.0431916159577668,0.08333333333333333,0.18466203673634013,0.3125,0.17035062976239448,0.1875,0.0625,0.12234984996030107,0.6363586079460296,0.08333333333333333,0.058823529411764705,0.0,31.19256359001156,0.17211248265169835,0.09090909090909091,0.25,0.5,0.21428571428571427,0.07407407407407407,,,,,,,,,,,,,,,,,,,,,,,,multiclass,cic-malmem,classical,,,,random_forest,-1,6,,,,,,500,,,20,1,None,random_forest-multiclass-nc6
FINISHED,2026-07-15 20:28:51.150000+00:00,2026-07-15 20:33:31.568000+00:00,,,,,,,,,,,,,,,,,,,,,,,,,0.14938928112354866,8.347386743174486,0.14800000000000002,0.1516577261896955,0.620826741201936,0.004640589586910531,0.15358478884949472,0.021567618140968952,46.90499923179159,0.029659274560566655,0.028776651399675758,0.0248625288570635,0.08639231636964143,0.02942787793912432,0.03182165555661006,0.009801366692843254,3.9442903156994937,8.61259460740257,,,,,,multiclass,cic-malmem,classical,,,,xgboost,-1,6,,,,,,,,,,,,xgboost-multiclass-nc6
FINISHED,2026-07-15 20:29:50.269000+00:00,2026-07-15 20:29:50.664000+00:00,0.2,0.15384615384615385,0.2702702702702703,0.12097351011831943,0.18,10.121978173963726,0.07407407407407407,0.16229039479039478,0.24,0.1846184371184371,0.16216216216216217,0.24242424242424243,0.034606246976181865,0.6248920852157283,0.0,0.07692307692307693,0.0,48.85340292402543,0.1709917095744182,0.2727272727272727,0.23076923076923078,0.43478260869565216,0.0,0.20689655172413793,,,,,,,,,,,,,,,,,,,,,,,,multiclass,cic-malmem,classical,,,,xgboost,-1,6,,,,0.8307796695558711,0.03551903393084234,250,0.9155670995648035,,12,,,xgboost-multiclass-nc6
FINISHED,2026-07-15 20:30:33.529000+00:00,2026-07-15 20:30:33.932000+00:00,0.2857142857142857,0.0,0.07407407407407407,0.029287744404372006,0.095,2.7751358360401355,0.13793103448275862,0.1093439240498064,0.0,0.09828218078218078,0.08,0.06896551724137931,0.022917494003195316,0.6116488103904956,0.09090909090909091,0.058823529411764705,0.07407407407407407,39.96328891994199,0.10141446571100433,0.09523809523809523,0.12903225806451613,0.2857142857142857,0.07407407407407407,0.06666666666666667,,,,,,,,,,,,,,,,,,,,,,,,multiclass,cic-malmem,classical,,,,xgboost,-1,6,,,,0.6727299868828402,0.11536162338241392,100,0.6849356442713105,,12,,,xgboost-multiclass-nc6
FINISHED,2026-07-15 20:31:24.756000+00:00,2026-07-15 20:31:25.183000+00:00,0.2857142857142857,0.13333333333333333,0.05555555555555555,0.07732456802571276,0.14,6.150504991994239,0.07692307692307693,0.1570726495726496,0.2608695652173913,0.15136280386280385,0.0,0.17142857142857143,0.023665226995944977,0.610558723336935,0.1,0.06451612903225806,0.06896551724137931,44.57523690897506,0.15041306909663052,0.1,0.1935483870967742,0.5714285714285714,0.0,0.17391304347826086,,,,,,,,,,,,,,,,,,,,,,,,multiclass,cic-malmem,classical,,,,xgboost,-1,6,,,,0.7164916560792167,0.0199473547030745,200,0.7727780074568463,,6,,,xgboost-multiclass-nc6
FINISHED,2026-07-15 20:32:36.897000+00:00,2026-07-15 20:32:37.443000+00:00,0.15384615384615385,0.09523809523809523,0.05714285714285714,0.09864711612438906,0.16,9.525952577008866,0.08,0.16969088101441043,0.20689655172413793,0.16358412829001068,0.12903225806451613,0.3076923076923077,0.03124734602170065,0.63734480708179,0.0,0.06896551724137931,0.08,62.05934115702985,0.16234196869487547,0.1,0.25,0.5263157894736842,0.08,0.3,,,,,,,,,,,,,,,,,,,,,,,,multiclass,cic-malmem,classical,,,,xgboost,-1,6,,,,0.9517827181679864,0.03553634561217601,300,0.6549607734400991,,11,,,xgboost-multiclass-nc6
FINISHED,2026-07-15 20:33:31.134000+00:00,2026-07-15 20:33:31.541000+00:00,0.13793103448275862,0.42857142857142855,0.21428571428571427,0.10572864317541392,0.165,14.489401458005887,0.0,0.1598907815212163,0.2777777777777778,0.17007639419404127,0.0,0.06666666666666667,0.031446943001355976,0.6196892799847314,0.09523809523809523,0.06666666666666667,0.08695652173913043,39.07372624898562,0.16178519254081472,0.16,0.2857142857142857,0.36363636363636365,0.08333333333333333,0.16,,,,,,,,,,,,,,,,,,,,,,,,multiclass,cic-malmem,classical,,,,xgboost,-1,6,,,,0.9241430583334781,0.01036005783178337,250,0.6582951656964074,,11,,,xgboost-multiclass-nc6
FINISHED,2026-07-15 20:33:31.582000+00:00,2026-07-15 20:39:05.880000+00:00,,,,,,,,,,,,,,,,,,,,,,,,,0.15712245865844304,8.151803900767199,0.15100000000000002,0.1640915564770054,0.6037846271128946,0.006220982663159414,0.15783738266091207,0.02264983455428323,45.78407890141243,0.024085078617110244,0.017021737003233284,0.02208095276068862,0.08954414848901408,0.02596150997149434,0.0283177110402614,0.00981813965451591,8.308787802983542,20.501644473394844,,,,,,multiclass,cic-malmem,classical,,,,lightgbm,-1,6,,,,,,,,,,,,lightgbm-multiclass-nc6
FINISHED,2026-07-15 20:34:46.539000+00:00,2026-07-15 20:34:46.970000+00:00,0.1875,0.21428571428571427,0.15789473684210525,0.0883589155456615,0.15,23.601206659979653,0.06451612903225806,0.1449487440663911,0.16666666666666666,0.15596764346764347,0.24242424242424243,0.125,0.015242264023981988,0.6074100361387992,0.0,0.09090909090909091,0.0,51.25436893105507,0.14797266366008524,0.2608695652173913,0.16666666666666666,0.4,0.0,0.14285714285714285,,,,,,,,,,,,,,,,,,,,,,,,multiclass,cic-malmem,classical,,,,lightgbm,-1,6,,,,0.793113165355142,0.06332027854221291,300,0.7339180704892945,247,,,,lightgbm-multiclass-nc6
FINISHED,2026-07-15 20:35:51.451000+00:00,2026-07-15 20:35:51.912000+00:00,0.34782608695652173,0.1935483870967742,0.0,0.0612324850409077,0.125,19.918523052008823,0.0625,0.16302581806451774,0.07407407407407407,0.13107559107559105,0.09090909090909091,0.1111111111111111,0.018185569962952286,0.5865574486091508,0.0,0.06896551724137931,0.06666666666666667,44.4613052289933,0.13945700764384167,0.2608695652173913,0.13333333333333333,0.46153846153846156,0.06666666666666667,0.15384615384615385,,,,,,,,,,,,,,,,,,,,,,,,multiclass,cic-malmem,classical,,,,lightgbm,-1,6,,,,0.8953622178900084,0.0725388731532871,250,0.898406990600741,177,,,,lightgbm-multiclass-nc6
FINISHED,2026-07-15 20:37:24.294000+00:00,2026-07-15 20:37:24.727000+00:00,0.25,0.21428571428571427,0.05405405405405406,0.06144186708792398,0.125,33.925662380992435,0.06451612903225806,0.14031313715524243,0.16666666666666666,0.13642625892625893,0.06896551724137931,0.11764705882352941,0.028446342039387673,0.6016279689601838,0.16666666666666666,0.0,0.0,58.336140815983526,0.1364261033573341,0.2,0.16666666666666666,0.5,0.0,0.07692307692307693,,,,,,,,,,,,,,,,,,,,,,,,multiclass,cic-malmem,classical,,,,lightgbm,-1,6,,,,0.7283400714479269,0.010678669229343705,400,0.7367995508440227,171,,,,lightgbm-multiclass-nc6
FINISHED,2026-07-15 20:38:09.688000+00:00,2026-07-15 20:38:10.123000+00:00,0.3125,0.16666666666666666,0.0,0.09887661295286455,0.16,8.791155165992677,0.0,0.16785523128402383,0.14285714285714285,0.1675258075258075,0.06896551724137931,0.2222222222222222,0.011764957976993173,0.6070138481060444,0.0,0.06451612903225806,0.16666666666666666,36.093857848027255,0.16530520223643297,0.11764705882352941,0.1875,0.47619047619047616,0.15384615384615385,0.4,,,,,,,,,,,,,,,,,,,,,,,,multiclass,cic-malmem,classical,,,,lightgbm,-1,6,,,,0.7224038098699874,0.13426822129864632,100,0.6932665246889298,190,,,,lightgbm-multiclass-nc6
FINISHED,2026-07-15 20:39:05.256000+00:00,2026-07-15 20:39:05.855000+00:00,0.13333333333333333,0.3448275862068966,0.23076923076923078,0.1378108618177127,0.195,16.271675108000636,0.24,0.20431485181485182,0.29411764705882354,0.19819161230925936,0.0,0.13333333333333333,0.011469551012851298,0.6163138337502948,0.16,0.06666666666666667,0.20689655172413793,38.77472168300301,0.1964513163945213,0.1111111111111111,0.3333333333333333,0.38095238095238093,0.07142857142857142,0.24,,,,,,,,,,,,,,,,,,,,,,,,multiclass,cic-malmem,classical,,,,lightgbm,-1,6,,,,0.7164916560792167,0.0199473547030745,200,0.7727780074568463,88,,,,lightgbm-multiclass-nc6
FINISHED,2026-07-15 20:39:05.893000+00:00,2026-07-15 20:39:14.398000+00:00,,,,,,,,,,,,,,,,,,,,,,,,,0.16474510818491264,0.07337854683904116,0.17,0.17298661714599456,0.6182699790006291,0.00013050048534936422,0.1754718168541698,0.01953372278057434,1.2493374563986435,0.028982166116298117,0.006820811587385833,0.023316320590435494,0.11180742227122169,0.02792848008753788,0.030484648068304854,0.018151374038939242,0.018825706005607182,0.06809608320472763,,,,,,multiclass,cic-malmem,classical,,,,svm,-1,6,,,,,,,,,,,,svm-multiclass-nc6
FINISHED,2026-07-15 20:39:07.392000+00:00,2026-07-15 20:39:07.709000+00:00,0.08695652173913043,0.21621621621621623,0.2,0.09025215064670061,0.15,0.04713441798230633,0.08,0.16625623765876218,0.2777777777777778,0.15390109890109888,0.2857142857142857,0.2,0.006732128967996687,0.6064666461517665,0.0,0.0,0.0,1.3856708770035766,0.14557108371242172,0.10526315789473684,0.09523809523809523,0.47058823529411764,0.08888888888888889,0.07692307692307693,,,,,,,,,,,,,,,,,,,,,,,,multiclass,cic-malmem,classical,0.16954391348834147,11.295047782195754,balanced,svm,-1,6,,,,,,,,,,,,svm-multiclass-nc6
FINISHED,2026-07-15 20:39:09.136000+00:00,2026-07-15 20:39:09.446000+00:00,0.19047619047619047,0.14285714285714285,0.0,0.07374401666022558,0.135,0.10270119801862165,0.08,0.15124433357191974,0.13953488372093023,0.13793391793391793,0.07692307692307693,0.3448275862068966,0.00691112398635596,0.6078456733146916,0.10810810810810811,0.06896551724137931,0.0,1.2627079539815895,0.13854404406894252,0.2,0.12903225806451613,0.26666666666666666,0.23076923076923078,0.1,,,,,,,,,,,,,,,,,,,,,,,,multiclass,cic-malmem,classical,0.11101184411738439,99.25276306243205,balanced,svm,-1,6,,,,,,,,,,,,svm-multiclass-nc6
FINISHED,2026-07-15 20:39:10.772000+00:00,2026-07-15 20:39:11.091000+00:00,0.24,0.3076923076923077,0.08333333333333333,0.10537346740445645,0.165,0.06470816401997581,0.0,0.15531779163278214,0.26666666666666666,0.17464729714729713,0.12903225806451613,0.2222222222222222,0.006971516995690763,0.6142875890775389,0.0,0.07407407407407407,0.0,1.2012158680008724,0.15690880997535678,0.11764705882352941,0.0,0.631578947368421,0.09090909090909091,0.19047619047619047,,,,,,,,,,,,,,,,,,,,,,,,multiclass,cic-malmem,classical,0.08844800706052124,47.52356013653448,balanced,svm,-1,6,,,,,,,,,,,,svm-multiclass-nc6
FINISHED,2026-07-15 20:39:12.384000+00:00,2026-07-15 20:39:12.707000+00:00,0.19047619047619047,0.21428571428571427,0.0,0.16080629883532718,0.215,0.057007416035048664,0.24,0.19349798198391546,0.10526315789473684,0.2216983016983017,0.11428571428571428,0.34146341463414637,0.006612704950384796,0.6541788838707701,0.0,0.0,0.0,1.1800894259940833,0.2010198667400208,0.2857142857142857,0.35714285714285715,0.5,0.3333333333333333,0.3333333333333333,,,,,,,,,,,,,,,,,,,,,,,,multiclass,cic-malmem,classical,0.09183490369993642,30.58487226768282,balanced,svm,-1,6,,,,,,,,,,,,svm-multiclass-nc6
FINISHED,2026-07-15 20:39:14.052000+00:00,2026-07-15 20:39:14.373000+00:00,0.06451612903225806,0.3333333333333333,0.17391304347826086,0.12886117780939868,0.185,0.06892921996768564,0.0,0.19861674088259323,0.17647058823529413,0.1891784685902333,0.20689655172413793,0.27586206896551724,0.006876583036500961,0.6085711025883782,0.06666666666666667,0.0,0.10526315789473684,1.217003157013096,0.18168173642782134,0.08695652173913043,0.46153846153846156,0.5,0.19047619047619047,0.08333333333333333,,,,,,,,,,,,,,,,,,,,,,,,multiclass,cic-malmem,classical,0.08844800706052124,47.52356013653448,balanced,svm,-1,6,,,,,,,,,,,,svm-multiclass-nc6
RUNNING,2026-07-25 03:32:29.628000+00:00,,,,,,,,,,,,,,,,,,,,,,,,,,,,,,,,,,,,,,,,,,,,,,,,,binary,ember-2018,quantum,,,,qsvm,,1,,,,,,,,,,,,qsvm-binary-nc1
FINISHED,2026-07-25 03:33:13.837000+00:00,2026-07-25 03:33:13.992000+00:00,,,,0.0,0.89,18.324638811012846,0.0,0.445,,0.5,,,8.80326404000516,0.5117466802860061,,0.9417989417989417,,16.483847178984433,0.4708994708994709,,,,,,,,,,,,,,,,,,,,,,,,18.314737826003693,479600.0,8.802707122988068,0.054105854553021034,,binary,ember-2018,quantum,,0.1,None,qsvm,,1,1.0,1,angle,,,,,,,,,qsvm-binary-nc1
FINISHED,2026-07-25 03:33:59.277000+00:00,2026-07-25 03:33:59.400000+00:00,,,,0.06908062855146259,0.455,17.696764366002753,0.2158273381294964,0.5219338894037688,,0.5543922369765066,,,8.736979560999316,0.5860572012257406,,0.5823754789272031,,18.299089975000243,0.39910140852834974,,,,,,,,,,,,,,,,,,,,,,,,17.686490256994148,479600.0,8.735593646008056,0.05991160729497478,,binary,ember-2018,quantum,,1.0,balanced,qsvm,,1,1.0,1,angle,,,,,,,,,qsvm-binary-nc1
FINISHED,2026-07-25 03:34:36.307000+00:00,2026-07-25 03:38:27.922000+00:00,,,,,,,,,,,,,,,,,,,,,,,,,0.45322434443718534,1.744238736329877,0.733,0.4775527772802133,0.5315752015614568,0.12557352986203005,0.5278855975485188,0.041058117748036325,18.6861552301998,0.035500877731320525,8.80271796080342,0.02765912102600501,0.03511116294509124,0.1923694362418313,0.04459849704881996,0.050926515152704556,0.3304852495043311,18.100076384600833,,,,,,binary,ember-2018,quantum,,,,qsvm,,1,,,,,,,,,,,,qsvm-binary-nc1
FINISHED,2026-07-25 03:35:26.011000+00:00,2026-07-25 03:35:26.160000+00:00,,,,0.0,0.89,18.110645167005714,0.0,0.445,,0.5,,,8.883250071012299,0.5117466802860061,,0.9417989417989417,,22.12451127098757,0.4708994708994709,,,,,,,,,,,,,,,,,,,,,,,,18.103633241000352,479600.0,8.882704786999966,0.054105854553021034,,binary,ember-2018,quantum,,0.1,None,qsvm,,1,1.0,1,angle,,,,,,,,,qsvm-binary-nc1
FINISHED,2026-07-25 03:36:11.822000+00:00,2026-07-25 03:36:11.947000+00:00,,,,0.06908062855146259,0.455,18.12599974501063,0.2158273381294964,0.5219338894037688,,0.5543922369765066,,,8.685353712993674,0.5860572012257406,,0.5823754789272031,,18.300065167990397,0.39910140852834974,,,,,,,,,,,,,,,,,,,,,,,,18.110778225993272,479600.0,8.684217162997811,0.05991160729497478,,binary,ember-2018,quantum,,1.0,balanced,qsvm,,1,1.0,1,angle,,,,,,,,,qsvm-binary-nc1
FINISHED,2026-07-25 03:36:57.491000+00:00,2026-07-25 03:36:57.636000+00:00,,,,0.10647518617399365,0.545,18.66619255898695,0.23529411764705882,0.5333299969972976,,0.5850357507660878,,,8.790640197999892,0.596782431052094,,0.6761565836298933,,17.530745457013836,0.4557253506384761,,,,,,,,,,,,,,,,,,,,,,,,18.655674262001412,479600.0,8.789444121997803,0.05330084251682331,,binary,ember-2018,quantum,,1.0,balanced,qsvm,,1,1.0,1,angle,,,,,,,,,qsvm-binary-nc1
FINISHED,2026-07-25 03:37:42.385000+00:00,2026-07-25 03:37:42.556000+00:00,,,,0.0,0.89,17.65169594300096,0.0,0.445,,0.5,,,8.996350048997556,0.4680796731358529,,0.9417989417989417,,17.506986395004787,0.4708994708994709,,,,,,,,,,,,,,,,,,,,,,,,17.64381730000605,479600.0,8.995594426000025,0.0590784536278451,,binary,ember-2018,quantum,,0.1,None,qsvm,,1,1.0,1,angle,,,,,,,,,qsvm-binary-nc1
FINISHED,2026-07-25 03:38:27.720000+00:00,2026-07-25 03:38:27.890000+00:00,,,,0.0,0.885,17.945848508999916,0.0,0.4425,,0.5,,,8.657995773013681,0.4952100221075903,,0.9389920424403183,,17.96846786000242,0.46949602122015915,,,,,,,,,,,,,,,,,,,,,,,,17.939242096996168,479600.0,8.657208718999755,0.22539328016062068,,binary,ember-2018,quantum,,0.1,None,qsvm,,1,1.0,1,angle,,,,,,,,,qsvm-binary-nc1
FINISHED,2026-07-25 03:39:09.897000+00:00,2026-07-25 03:41:37.873000+00:00,,,,,,,,,,,,,,,,,,,,,,,,,0.4586800836140913,0.6300113771128916,0.741,0.47930548719853316,0.5242663358682668,0.17126933287765114,0.5323799795709908,0.043205673023087476,11.827677165003843,0.040823977136774645,5.836849629602511,0.02285259292921506,0.040725310645907224,0.18268552214119216,0.05130119161374779,0.09688080679233971,1.0827695416146887,11.173151180197602,,,,,,binary,ember-2018,quantum,,,,qsvm,,1,,,,,,,,,,,,qsvm-binary-nc1
FINISHED,2026-07-25 03:39:36.365000+00:00,2026-07-25 03:39:36.536000+00:00,,,,0.0,0.89,9.02740065100079,0.0,0.445,,0.5,,,6.075881709009991,0.3360572012257405,,0.9417989417989417,,10.735398623000947,0.4708994708994709,,,,,,,,,,,,,,,,,,,,,,,,9.018743315988104,479600.0,6.0751011979882605,0.053457474927873914,,binary,ember-2018,quantum,,0.1,None,qsvm,,1,1.0,1,iqp,,,,,,,,,qsvm-binary-nc1
FINISHED,2026-07-25 03:40:07.337000+00:00,2026-07-25 03:40:07.461000+00:00,,,,0.08284054156009026,0.475,11.70231799899193,0.2222222222222222,0.5261417963584579,,0.5656281920326864,,,5.808089384998311,0.5860572012257406,,0.6037735849056604,,12.684518061010749,0.4129979035639413,,,,,,,,,,,,,,,,,,,,,,,,11.690339640990715,479600.0,5.80662684100389,0.058306412383276295,,binary,ember-2018,quantum,,1.0,balanced,qsvm,,1,1.0,1,iqp,,,,,,,,,qsvm-binary-nc1
FINISHED,2026-07-25 03:40:37.431000+00:00,2026-07-25 03:40:37.579000+00:00,,,,0.12078601166944587,0.565,11.679374850995373,0.24347826086956523,0.5378856396342077,,0.5962717058222676,,,5.929476168996189,0.596782431052094,,0.6947368421052632,,11.79512981500011,0.46910755148741423,,,,,,,,,,,,,,,,,,,,,,,,11.66450258900295,479600.0,5.927959959997679,0.05279923031177245,,binary,ember-2018,quantum,,1.0,balanced,qsvm,,1,1.0,1,iqp,,,,,,,,,qsvm-binary-nc1
FINISHED,2026-07-25 03:41:07.732000+00:00,2026-07-25 03:41:07.891000+00:00,,,,0.0,0.89,11.957432085997425,0.0,0.445,,0.5,,,5.55453973999829,0.5291113381001021,,0.9417989417989417,,12.062554828007706,0.4708994708994709,,,,,,,,,,,,,,,,,,,,,,,,11.950443320994964,479600.0,5.553642479004338,0.057480001396329895,,binary,ember-2018,quantum,,0.1,None,qsvm,,1,1.0,1,iqp,,,,,,,,,qsvm-binary-nc1
FINISHED,2026-07-25 03:41:37.711000+00:00,2026-07-25 03:41:37.842000+00:00,,,,0.0,0.885,11.499230314002489,0.0,0.4425,,0.5,,,5.816261145009776,0.5733235077376566,,0.9389920424403183,,11.860784497999703,0.46949602122015915,,,,,,,,,,,,,,,,,,,,,,,,11.490155569001217,479600.0,5.815537073998712,0.1953139479797361,,binary,ember-2018,quantum,,0.1,None,qsvm,,1,1.0,1,iqp,,,,,,,,,qsvm-binary-nc1
FINISHED,2026-07-25 03:41:50.658000+00:00,2026-07-25 03:49:21.778000+00:00,,,,,,,,,,,,,,,,,,,,,,,,,0.49239469682184484,1.384932686380766,0.6020000000000001,0.5451336562522688,0.6324652133516698,0.321286707779783,0.6063382995747846,0.03098811576466641,35.54282930300396,0.0653621918237851,17.957984486198985,0.05482238931189664,0.1384366994807941,0.06734983296193094,0.08987934726155243,0.09555443354158605,0.40993437792684817,36.032708263400124,,,,,,binary,ember-2018,quantum,,,,qsvm,,3,,,,,,,,,,,,qsvm-binary-nc3
FINISHED,2026-07-25 03:43:23.817000+00:00,2026-07-25 03:43:23.953000+00:00,,,,0.15282474155524053,0.575,36.634414544998435,0.2608695652173913,0.5479348809164908,,0.6218079673135852,,,17.68213013499917,0.7502553626149132,,0.7017543859649122,,38.2482899880124,0.4813119755911518,,,,,,,,,,,,,,,,,,,,,,,,36.622702984008356,479600.0,17.680801615002565,0.12470092788577779,,binary,ember-2018,quantum,,10.0,balanced,qsvm,,3,0.5773502691896257,3,angle,,,,,,,,,qsvm-binary-nc3
FINISHED,2026-07-25 03:44:52.911000+00:00,2026-07-25 03:44:53.048000+00:00,,,,0.08886696049177556,0.52,36.26826243600226,0.22580645161290322,0.52781112444978,,0.5709908069458631,,,17.782120400996064,0.5932073544433095,,0.6521739130434783,,34.36434536300658,0.43899018232819076,,,,,,,,,,,,,,,,,,,,,,,,36.25704388100712,479600.0,17.780897232005373,0.06533614665939584,,binary,ember-2018,quantum,,1.0,balanced,qsvm,,3,0.5773502691896257,3,angle,,,,,,,,,qsvm-binary-nc3
FINISHED,2026-07-25 03:46:22.526000+00:00,2026-07-25 03:46:22.631000+00:00,,,,0.017405504080336743,0.595,35.41399962200376,0.18181818181818182,0.5055960299862738,,0.5135342185903984,,,18.55682373700256,0.47088866189989786,,0.7308970099667774,,34.97855337600049,0.4563575958924796,,,,,,,,,,,,,,,,,,,,,,,,35.40057137599797,479600.0,18.555798675995902,0.06243180249249365,,binary,ember-2018,quantum,,1.0,balanced,qsvm,,3,0.5773502691896257,3,angle,,,,,,,,,qsvm-binary-nc3
FINISHED,2026-07-25 03:47:52.154000+00:00,2026-07-25 03:47:52.256000+00:00,,,,0.14279517475143963,0.595,36.01290839599096,0.25688073394495414,0.5450615400264469,,0.6131256384065373,,,18.02526304399362,0.6555158324821246,,0.7216494845360825,,34.83781948800606,0.4892651092405183,,,,,,,,,,,,,,,,,,,,,,,,36.00166896900919,479600.0,18.02406908699777,0.08711136994508559,,binary,ember-2018,quantum,,10.0,balanced,qsvm,,3,0.5773502691896257,3,angle,,,,,,,,,qsvm-binary-nc3
FINISHED,2026-07-25 03:49:21.641000+00:00,2026-07-25 03:49:21.758000+00:00,,,,0.29029111652517803,0.725,35.83395631800522,0.367816091954023,0.5992647058823529,,0.7122328666175386,,,17.74358511400351,0.6924588553181037,,0.8242811501597445,,35.28513829999429,0.5960486210568837,,,,,,,,,,,,,,,,,,,,,,,,35.819498249999015,479600.0,17.742392412008485,0.2058012492876178,,binary,ember-2018,quantum,,10.0,balanced,qsvm,,3,0.5773502691896257,3,angle,,,,,,,,,qsvm-binary-nc3
FINISHED,2026-07-25 03:50:01.516000+00:00,2026-07-25 03:57:41.446000+00:00,,,,,,,,,,,,,,,,,,,,,,,,,0.5083580434639654,1.2507850613972582,0.6249999999999999,0.5512667862346137,0.6701403760473255,0.31274328667954165,0.6232242606904161,0.024242794984082282,35.52056190299918,0.05495405139117047,18.58923073540209,0.03471271968282647,0.1589082119785114,0.035777087639996624,0.07283105817481945,0.08339682836453027,0.5985629660913824,37.18734593480476,,,,,,binary,ember-2018,quantum,,,,qsvm,,3,,,,,,,,,,,,qsvm-binary-nc3
FINISHED,2026-07-25 03:51:31.076000+00:00,2026-07-25 03:51:31.221000+00:00,,,,0.19222130941943968,0.595,37.17769846599549,0.2831858407079646,0.5603891521322714,,0.6529622063329928,,,18.621683511999436,0.7676200204290091,,0.7177700348432056,,33.2005058650102,0.500477937775585,,,,,,,,,,,,,,,,,,,,,,,,37.16581114199653,479600.0,18.62048591898929,0.10337265445615339,,binary,ember-2018,quantum,,10.0,balanced,qsvm,,3,0.5773502691896257,3,iqp,,,,,,,,,qsvm-binary-nc3
FINISHED,2026-07-25 03:53:04.379000+00:00,2026-07-25 03:53:04.502000+00:00,,,,0.10820078636255313,0.615,37.51829922500474,0.2376237623762376,0.5346270530390208,,0.5845250255362615,,,18.12863427400589,0.5858018386108275,,0.7424749163879598,,36.95777316400199,0.4900493393820987,,,,,,,,,,,,,,,,,,,,,,,,37.507436015992425,479600.0,18.12772417900851,0.08620152395696075,,binary,ember-2018,quantum,,1.0,balanced,qsvm,,3,0.5773502691896257,3,iqp,,,,,,,,,qsvm-binary-nc3
FINISHED,2026-07-25 03:54:36.610000+00:00,2026-07-25 03:54:36.710000+00:00,,,,0.050246077816821166,0.605,37.313799049006775,0.20202020202020202,0.5161545771301869,,0.539070480081716,,,18.536735009009135,0.5569458631256384,,0.7375415282392026,,35.612627224996686,0.4697808651297023,,,,,,,,,,,,,,,,,,,,,,,,37.30295309299254,479600.0,18.53560839300917,0.054810683495429925,,binary,ember-2018,quantum,,10.0,balanced,qsvm,,3,0.5773502691896257,3,iqp,,,,,,,,,qsvm-binary-nc3
FINISHED,2026-07-25 03:56:08.540000+00:00,2026-07-25 03:56:08.650000+00:00,,,,0.18264118610727892,0.615,36.07872623800358,0.2803738317757009,0.5578005115089514,,0.6442798774259448,,,19.11024298700795,0.7070990806945864,,0.7372013651877133,,36.07864463000442,0.5087875984817071,,,,,,,,,,,,,,,,,,,,,,,,36.0667949100025,479600.0,19.109456262012827,0.12299426089563584,,binary,ember-2018,quantum,,10.0,balanced,qsvm,,3,0.5773502691896257,3,iqp,,,,,,,,,qsvm-binary-nc3
FINISHED,2026-07-25 03:57:41.322000+00:00,2026-07-25 03:57:41.429000+00:00,,,,0.26123170018646413,0.695,37.84820669601322,0.34408602150537637,0.5873626373626374,,0.6952837140751658,,,18.548857894988032,0.7332350773765661,,0.8013029315960912,,35.7532586309826,0.5726944765507338,,,,,,,,,,,,,,,,,,,,,,,,37.83314296499884,479600.0,18.547921926990966,0.2439381069727859,,binary,ember-2018,quantum,,10.0,balanced,qsvm,,3,0.5773502691896257,3,iqp,,,,,,,,,qsvm-binary-nc3
FINISHED,2026-07-25 03:58:21.049000+00:00,2026-07-25 04:11:02.305000+00:00,,,,,,,,,,,,,,,,,,,,,,,,,0.5137703485856953,1.2906397915325267,0.635,0.5520246973876338,0.6610817840331059,0.09141082365267415,0.6252316203526325,0.005912309574643226,58.7883450592024,0.01499962252337105,30.967991269400226,0.008364040832568864,0.16141462190419203,0.01483239697419134,0.018667015761226168,0.0538105851963865,0.9053808517462695,61.82388263520261,,,,,,binary,ember-2018,quantum,,,,qsvm,,6,,,,,,,,,,,,qsvm-binary-nc6
FINISHED,2026-07-25 04:00:52.192000+00:00,2026-07-25 04:00:52.306000+00:00,,,,0.16180430300722082,0.62,63.40561347200128,0.2692307692307692,0.5514675485737908,,0.6271705822267619,,,30.970216729998356,0.7293156281920328,,0.7432432432432432,,56.215175425997586,0.5062370062370062,,,,,,,,,,,,,,,,,,,,,,,,63.394377635995625,479600.0,30.96914604800986,0.10546844775652418,,binary,ember-2018,quantum,,10.0,balanced,qsvm,,6,0.408248290463863,6,angle,,,,,,,,,qsvm-binary-nc6
FINISHED,2026-07-25 04:03:25.630000+00:00,2026-07-25 04:03:25.735000+00:00,,,,0.1608584171556229,0.65,61.99933045101352,0.2708333333333333,0.5521235521235521,,0.6241062308478039,,,31.029391208998277,0.6225740551583248,,0.7697368421052632,,59.62651855799777,0.5202850877192983,,,,,,,,,,,,,,,,,,,,,,,,61.98716592900746,479600.0,31.028378454007907,0.09154446419574151,,binary,ember-2018,quantum,,1.0,balanced,qsvm,,6,0.408248290463863,6,angle,,,,,,,,,qsvm-binary-nc6
FINISHED,2026-07-25 04:05:57.506000+00:00,2026-07-25 04:05:57.617000+00:00,,,,0.12775997741166756,0.64,60.907310356997186,0.25,0.5413985413985414,,0.5985699693564862,,,31.007554183001048,0.5801838610827376,,0.7631578947368421,,59.34179892401153,0.506578947368421,,,,,,,,,,,,,,,,,,,,,,,,60.89709009499347,479600.0,31.00633443899278,0.08301999635041923,,binary,ember-2018,quantum,,1.0,balanced,qsvm,,6,0.408248290463863,6,angle,,,,,,,,,qsvm-binary-nc6
FINISHED,2026-07-25 04:08:29.253000+00:00,2026-07-25 04:08:29.371000+00:00,,,,0.18264118610727892,0.615,60.97201034700265,0.2803738317757009,0.5578005115089514,,0.6442798774259448,,,30.791666101999,0.702247191011236,,0.7372013651877133,,59.36059142400336,0.5087875984817071,,,,,,,,,,,,,,,,,,,,,,,,60.961427403992275,479600.0,30.790908086986747,0.09228901082527985,,binary,ember-2018,quantum,,10.0,balanced,qsvm,,6,0.408248290463863,6,angle,,,,,,,,,qsvm-binary-nc6
FINISHED,2026-07-25 04:11:02.160000+00:00,2026-07-25 04:11:02.287000+00:00,,,,0.17400922583917008,0.65,61.835148548998404,0.2857142857142857,0.5573333333333333,,0.6320314419061656,,,31.041128123004455,0.6710881847211987,,0.7682119205298014,,59.397640964001766,0.5269631031220435,,,,,,,,,,,,,,,,,,,,,,,,61.824162124990835,479600.0,31.040304559006472,0.11750564329798915,,binary,ember-2018,quantum,,1.0,balanced,qsvm,,6,0.408248290463863,6,angle,,,,,,,,,qsvm-binary-nc6
FINISHED,2026-07-25 04:11:22.960000+00:00,2026-07-25 04:35:37.751000+00:00,,,,,,,,,,,,,,,,,,,,,,,,,0.5136751583392752,1.0617956603929106,0.636,0.5515429042747283,0.6827071899724727,0.6627105812304929,0.6214462443818343,0.02292022503308922,112.63104600659281,0.048079835196068746,59.26189201200323,0.03718557103386585,0.15816878856872027,0.04235563716909474,0.06634204520814226,0.07946119404139576,2.953006280124505,118.40606616240402,,,,,,binary,ember-2018,quantum,,,,qsvm,,6,,,,,,,,,,,,qsvm-binary-nc6
FINISHED,2026-07-25 04:16:14.706000+00:00,2026-07-25 04:16:14.845000+00:00,,,,0.17357890501062148,0.635,117.73164100300346,0.27722772277227725,0.5555497436970395,,0.6355975485188968,,,59.87313697200443,0.7433605720122574,,0.7558528428093646,,113.59081601799699,0.516540282790821,,,,,,,,,,,,,,,,,,,,,,,,117.7210485250107,479600.0,59.8720853220002,0.15221681082040392,,binary,ember-2018,quantum,,10.0,balanced,qsvm,,6,0.408248290463863,6,iqp,,,,,,,,,qsvm-binary-nc6
FINISHED,2026-07-25 04:21:10.266000+00:00,2026-07-25 04:21:10.371000+00:00,,,,0.114264221439999,0.59,122.84898955200333,0.24074074074074073,0.5361077111383109,,0.5903983656792646,,,59.09888476000924,0.6573033707865169,,0.7191780821917808,,112.95029849199636,0.47995941146626075,,,,,,,,,,,,,,,,,,,,,,,,122.83812580299855,479600.0,59.09812050098844,0.12604442897257792,,binary,ember-2018,quantum,,1.0,balanced,qsvm,,6,0.408248290463863,6,iqp,,,,,,,,,qsvm-binary-nc6
FINISHED,2026-07-25 04:25:57.232000+00:00,2026-07-25 04:25:57.337000+00:00,,,,0.08101501252454466,0.645,116.37075709199416,0.21978021978021978,0.5266622413983848,,0.5615423901940756,,,58.84976561399526,0.5375383043922369,,0.7702265372168284,,111.13878202700289,0.4950033784985241,,,,,,,,,,,,,,,,,,,,,,,,116.36038960200676,479600.0,58.848515631994815,0.12401332241257076,,binary,ember-2018,quantum,,0.1,balanced,qsvm,,6,0.408248290463863,6,iqp,,,,,,,,,qsvm-binary-nc6
FINISHED,2026-07-25 04:30:42.442000+00:00,2026-07-25 04:30:42.592000+00:00,,,,0.14654225009536595,0.6,114.55934091701056,0.25925925925925924,0.5463076295389637,,0.6159346271705822,,,58.34238346701022,0.7295709908069459,,0.726027397260274,,111.65038073497999,0.49264332825976664,,,,,,,,,,,,,,,,,,,,,,,,114.54877709400898,479600.0,58.34131529399019,0.1075286000211055,,binary,ember-2018,quantum,,10.0,balanced,qsvm,,6,0.408248290463863,6,iqp,,,,,,,,,qsvm-binary-nc6
FINISHED,2026-07-25 04:35:37.606000+00:00,2026-07-25 04:35:37.732000+00:00,,,,0.2754435537730702,0.71,120.5196022480086,0.35555555555555557,0.5930871956009426,,0.7037582903463522,,,60.14528924699698,0.7457627118644068,,0.8129032258064516,,113.8249527609878,0.5842293906810035,,,,,,,,,,,,,,,,,,,,,,,,120.50863903900608,479600.0,60.14423602800525,0.13952236494438713,,binary,ember-2018,quantum,,10.0,balanced,qsvm,,6,0.408248290463863,6,iqp,,,,,,,,,qsvm-binary-nc6
FINISHED,2026-07-25 04:36:17.322000+00:00,2026-07-25 04:36:30.604000+00:00,,,,,,,,,,,,,,,,,,,,,,,,,0.5313954328560812,2.985285435128482,0.6619999999999999,0.5593093578770398,0.6779080915386215,0.00014810283584495995,0.636821281798636,0.012391085423258216,2.0602783577953234,0.027464732497341018,0.0024116985994623976,0.027722137149820875,0.1801183452387225,0.04342810150121692,0.03674043101311283,0.05923579609489841,0.0023112564678659307,0.011664790005306713,,,,,,binary,ember-2018,classical,,,,svm,-1,1,,,,,,,,,,,,svm-binary-nc1
FINISHED,2026-07-25 04:36:25.865000+00:00,2026-07-25 04:36:25.970000+00:00,,,,0.16991467510335292,0.69,0.011108022998087108,0.27906976744186046,0.5569852941176471,,0.6266598569969356,,,0.002499958995031193,0.5870786516853932,,0.802547770700637,,8.030540615000064,0.5408087690712488,,,,,,,,,,,,,,,,,,,,,,,,,,,,,binary,ember-2018,classical,0.8431013932082461,0.6672367170464207,balanced,svm,-1,1,,,,,,,,,,,,svm-binary-nc1
FINISHED,2026-07-25 04:36:27.089000+00:00,2026-07-25 04:36:27.173000+00:00,,,,0.1564669743953741,0.58,0.016173435011296533,0.2631578947368421,0.5491143317230274,,0.6246169560776302,,,0.0024670080019859597,0.634320735444331,,0.7062937062937062,,0.6219676979962969,0.48472580051527414,,,,,,,,,,,,,,,,,,,,,,,,,,,,,binary,ember-2018,classical,0.03057925975499065,52.237846595786756,balanced,svm,-1,1,,,,,,,,,,,,svm-binary-nc1
FINISHED,2026-07-25 04:36:28.198000+00:00,2026-07-25 04:36:28.288000+00:00,,,,0.21994537185365942,0.69,0.009809630006202497,0.3111111111111111,0.5726381461675579,,0.6664964249233912,,,0.0022472650016425177,0.7451481103166496,,0.8,,0.5610566579853185,0.5555555555555556,,,,,,,,,,,,,,,,,,,,,,,,,,,,,binary,ember-2018,classical,0.3470266988650412,2.5378155082656657,balanced,svm,-1,1,,,,,,,,,,,,svm-binary-nc1
FINISHED,2026-07-25 04:36:29.289000+00:00,2026-07-25 04:36:29.374000+00:00,,,,0.2244703380819135,0.695,0.010151710011996329,0.3146067415730337,0.5744024239703737,,0.6693054136874361,,,0.0022329650091705844,0.7290602655771197,,0.8038585209003215,,0.5283305499906419,0.5592326312366775,,,,,,,,,,,,,,,,,,,,,,,,,,,,,binary,ember-2018,classical,8.527545659557322,6.902369129321061,balanced,svm,-1,1,,,,,,,,,,,,svm-binary-nc1
FINISHED,2026-07-25 04:36:30.407000+00:00,2026-07-25 04:36:30.584000+00:00,,,,0.12979436675931239,0.655,0.0110811519989511,0.25806451612903225,0.5434065934065934,,0.5970277573077868,,,0.0026112959894817322,0.6939326946696144,,0.7752442996742671,,0.5594962680042954,0.5166544079016497,,,,,,,,,,,,,,,,,,,,,,,,,,,,,binary,ember-2018,classical,0.9754691545774451,0.6479278791806191,balanced,svm,-1,1,,,,,,,,,,,,svm-binary-nc1
FINISHED,2026-07-25 04:36:34.892000+00:00,2026-07-25 04:36:53.471000+00:00,,,,,,,,,,,,,,,,,,,,,,,,,0.6305534481296396,4.281779724886195,0.82,0.6157592511626939,0.7414345005870017,0.0005125002960761684,0.6695172686851292,0.014885589503778317,2.874558201606851,0.0403803662161998,0.0026957262016367167,0.01915791735692955,0.2794455730309395,0.012649110640673493,0.049692024651808525,0.06171199370903645,0.00494820779332102,0.01861834579904098,,,,,,binary,ember-2018,classical,,,,svm,-1,3,,,,,,,,,,,,svm-binary-nc3
FINISHED,2026-07-25 04:36:46.983000+00:00,2026-07-25 04:36:47.131000+00:00,,,,0.23886888511785165,0.82,0.01605650599231012,0.3333333333333333,0.6019345238095238,,0.6399387129724209,,,0.0031458229932468385,0.7155260469867212,,0.8959537572254336,,11.43776362601784,0.6146435452793835,,,,,,,,,,,,,,,,,,,,,,,,,,,,,binary,ember-2018,classical,0.01044921135283625,7.0454900978099575,balanced,svm,-1,3,,,,,,,,,,,,svm-binary-nc3
FINISHED,2026-07-25 04:36:48.469000+00:00,2026-07-25 04:36:48.597000+00:00,,,,0.3147822066072349,0.8,0.02839920000405982,0.3939393939393939,0.6188811188811189,,0.7083758937691522,,,0.002810374993714504,0.8557201225740552,,0.8802395209580839,,0.6911308350099716,0.6370894574487389,,,,,,,,,,,,,,,,,,,,,,,,,,,,,binary,ember-2018,classical,0.010110667966085687,98.20664430674279,balanced,svm,-1,3,,,,,,,,,,,,svm-binary-nc3
FINISHED,2026-07-25 04:36:49.918000+00:00,2026-07-25 04:36:50.054000+00:00,,,,0.23886888511785165,0.82,0.014840981995803304,0.3333333333333333,0.6019345238095238,,0.6399387129724209,,,0.0019284430018160492,0.7211440245148111,,0.8959537572254336,,0.6955674890050432,0.6146435452793835,,,,,,,,,,,,,,,,,,,,,,,,,,,,,binary,ember-2018,classical,0.08087476536403561,34.89659465717493,balanced,svm,-1,3,,,,,,,,,,,,svm-binary-nc3
FINISHED,2026-07-25 04:36:51.791000+00:00,2026-07-25 04:36:51.926000+00:00,,,,0.24423644783039203,0.84,0.016946064002695493,0.3333333333333333,0.6136162687886826,,0.6312563840653729,,,0.002302871012943797,0.6714759959141982,,0.9090909090909091,,0.7969479759922251,0.6212121212121212,,,,,,,,,,,,,,,,,,,,,,,,,,,,,binary,ember-2018,classical,0.10263722037268073,8.987153901963644,balanced,svm,-1,3,,,,,,,,,,,,svm-binary-nc3
FINISHED,2026-07-25 04:36:53.326000+00:00,2026-07-25 04:36:53.450000+00:00,,,,0.3604714404813672,0.82,0.016848977000336163,0.4375,0.6424298205246204,,0.7280766396462786,,,0.003291119006462395,0.7433063129452223,,0.8928571428571429,,0.7513810820091749,0.6651785714285714,,,,,,,,,,,,,,,,,,,,,,,,,,,,,binary,ember-2018,classical,0.004695484766621063,13.134083646506364,balanced,svm,-1,3,,,,,,,,,,,,svm-binary-nc3
FINISHED,2026-07-25 04:36:58.013000+00:00,2026-07-25 04:37:16.885000+00:00,,,,,,,,,,,,,,,,,,,,,,,,,0.6724286391079743,4.473313925690188,0.8460000000000001,0.6557375262509729,0.7801468143717653,0.00036542939649086473,0.7046669195829189,0.03662710967637081,2.9501529740082333,0.029983728196396487,0.0022720166045473887,0.03761331566681061,0.3564579081584097,0.029051678092667888,0.06747827492707069,0.050835965309984806,0.0024450507742523435,0.0169761661964003,,,,,,binary,ember-2018,classical,,,,svm,-1,6,,,,,,,,,,,,svm-binary-nc6
FINISHED,2026-07-25 04:37:10.562000+00:00,2026-07-25 04:37:10.706000+00:00,,,,0.2568992641990856,0.795,0.01877358699857723,0.3492063492063492,0.5995551464948612,,0.6657303370786517,,,0.0029298910085344687,0.7252298263534218,,0.8783382789317508,,11.896719252006733,0.61377231406905,,,,,,,,,,,,,,,,,,,,,,,,,,,,,binary,ember-2018,classical,0.0031191134519085984,41.69996504625403,balanced,svm,-1,6,,,,,,,,,,,,svm-binary-nc6
FINISHED,2026-07-25 04:37:12.135000+00:00,2026-07-25 04:37:12.263000+00:00,,,,0.3445992208997628,0.85,0.012452833994757384,0.4230769230769231,0.6509803921568628,,0.696629213483146,,,0.0024112620012601838,0.8156281920326864,,0.9137931034482759,,0.7448931950057158,0.6684350132625995,,,,,,,,,,,,,,,,,,,,,,,,,,,,,binary,ember-2018,classical,0.016349600031704884,6.525674311347221,balanced,svm,-1,6,,,,,,,,,,,,svm-binary-nc6
FINISHED,2026-07-25 04:37:13.622000+00:00,2026-07-25 04:37:13.749000+00:00,,,,0.36034533706307675,0.845,0.016687708004610613,0.43636363636363634,0.6518780620577027,,0.7137385086823289,,,0.0019845670030917972,0.7392747701736465,,0.9101449275362319,,0.6997552100074245,0.6732542819499341,,,,,,,,,,,,,,,,,,,,,,,,,,,,,binary,ember-2018,classical,0.009997778181293306,48.62909092125662,balanced,svm,-1,6,,,,,,,,,,,,svm-binary-nc6
FINISHED,2026-07-25 04:37:15.163000+00:00,2026-07-25 04:37:15.300000+00:00,,,,0.4690343540924674,0.885,0.01759630799642764,0.5306122448979592,0.7147291800470991,,0.7561287027579162,,,0.0019784769974648952,0.8610827374872319,,0.9344729344729344,,0.7095873750076862,0.7325425896854468,,,,,,,,,,,,,,,,,,,,,,,,,,,,,binary,ember-2018,classical,0.009167785859319854,88.39257949836703,balanced,svm,-1,6,,,,,,,,,,,,svm-binary-nc6
FINISHED,2026-07-25 04:37:16.730000+00:00,2026-07-25 04:37:16.864000+00:00,,,,0.35141136453765587,0.855,0.01937039398762863,0.43137254901960786,0.6615448504983389,,0.6911078359125522,,,0.0020558860123855993,0.7595185458118399,,0.9169054441260746,,0.6998098380136071,0.6741389965728413,,,,,,,,,,,,,,,,,,,,,,,,,,,,,binary,ember-2018,classical,0.009167785859319854,88.39257949836703,balanced,svm,-1,6,,,,,,,,,,,,svm-binary-nc6
FINISHED,2026-07-25 06:08:50.564000+00:00,2026-07-25 06:12:34.621000+00:00,,,,,,,,,,,,,,,,,,,,,,,,,0.16878744230624987,1.424971132458631,0.27,0.15621426133124053,0.731727397628726,0.3234467628716493,0.2695238095238095,0.01909029532355657,17.50863334121241,0.03091488289321848,9.238894685200648,0.03129801312767473,0.23291044783591747,0.0291547594742265,0.02836609559187759,0.026465505247770103,2.4360100873222437,17.132732231193224,,,,,,multiclass,ember-2018,quantum,,,,qsvm,,1,,,,,,,,,,,,qsvm-multiclass-nc1
FINISHED,2026-07-25 06:09:27.876000+00:00,2026-07-25 06:09:28.233000+00:00,0.0,0.0,0.0,0.17944932476609365,0.215,12.297729607991641,0.0,0.13778924390618544,0.0,0.2098901098901099,0.13333333333333333,0.0,9.688683575994219,0.6853758933455327,0.0,0.7567567567567568,0.0,14.715807016022154,0.10869154869154869,0.0,0.0,0.26666666666666666,0.3783783783783784,0.09523809523809523,,,,,,,,,,,,,,,,,,,12.285520734993042,479600.0,9.684253836996504,0.20023260226378675,,multiclass,ember-2018,quantum,,1.0,None,qsvm,,1,1.0,1,angle,,,,,,,,,qsvm-multiclass-nc1
FINISHED,2026-07-25 06:10:15.891000+00:00,2026-07-25 06:10:16.227000+00:00,0.13333333333333333,0.0,0.0,0.24574846471398343,0.285,18.779260892988532,0.0,0.1928047138047138,0.0,0.2802197802197802,0.2222222222222222,0.0,9.566034848001436,0.7475074788167767,0.5,0.9333333333333333,0.0,18.69013443600852,0.19377349515956907,0.2,0.21739130434782608,0.21052631578947367,0.4897959183673469,0.0,,,,,,,,,,,,,,,,,,,18.76413291199424,479600.0,9.56238405300246,0.21420341544822408,,multiclass,ember-2018,quantum,,10.0,None,qsvm,,1,1.0,1,angle,,,,,,,,,qsvm-multiclass-nc1
FINISHED,2026-07-25 06:11:01.624000+00:00,2026-07-25 06:11:02.032000+00:00,0.0,0.0,0.0,0.23269588347562736,0.27,18.003104085990344,0.0,0.15336801768544278,0.0,0.2754578754578754,0.13333333333333333,0.0,9.014097835999564,0.7455429242905524,0.3939393939393939,0.7878787878787878,0.0,17.815335988023435,0.1703400059501041,0.25,0.16666666666666666,0.25806451612903225,0.5652173913043478,0.0,,,,,,,,,,,,,,,,,,,17.989791681000497,479600.0,9.012098942999728,0.2059500868425222,,multiclass,ember-2018,quantum,,10.0,None,qsvm,,1,1.0,1,angle,,,,,,,,,qsvm-multiclass-nc1
FINISHED,2026-07-25 06:11:47.739000+00:00,2026-07-25 06:11:48.037000+00:00,0.0,0.0,0.0,0.24420878881432195,0.28,18.029035426996415,0.0,0.15158900928792568,0.0,0.2824175824175824,0.125,0.0,8.889344909010106,0.7204407441599092,0.34285714285714286,0.8666666666666667,0.0,18.237767044003704,0.17861795217727838,0.21052631578947367,0.21739130434782608,0.36363636363636365,0.5531914893617021,0.0,,,,,,,,,,,,,,,,,,,18.01598812699376,479600.0,8.887192081994726,0.20215824207112024,,multiclass,ember-2018,quantum,,10.0,None,qsvm,,1,1.0,1,angle,,,,,,,,,qsvm-multiclass-nc1
FINISHED,2026-07-25 06:12:34.292000+00:00,2026-07-25 06:12:34.594000+00:00,0.0,0.0,0.0,0.262449777409561,0.3,18.554531141999178,0.0,0.14552032197193487,0.0,0.2996336996336996,0.30303030303030304,0.0,9.036312256997917,0.7597699475308585,0.5,0.7647058823529411,0.0,18.084122222004225,0.1925142095527491,0.13636363636363635,0.2564102564102564,0.4444444444444444,0.4827586206896552,0.0,,,,,,,,,,,,,,,,,,,18.539573867994477,479600.0,9.033677051993436,0.199680893911181,,multiclass,ember-2018,quantum,,10.0,None,qsvm,,1,1.0,1,angle,,,,,,,,,qsvm-multiclass-nc1
FINISHED,2026-07-25 06:12:51.331000+00:00,2026-07-25 06:15:27.999000+00:00,,,,,,,,,,,,,,,,,,,,,,,,,0.15410590445273475,0.7188177212666328,0.24300000000000002,0.15355460868533638,0.7285210551624214,0.09762087326706297,0.24358974358974356,0.033684639663414485,12.709519499799352,0.02166690663387871,5.804047458997229,0.026233872590659974,0.20136997941323925,0.019646882704388503,0.02168876347745832,0.02063410162365797,0.20023158332071891,11.861498548000236,,,,,,multiclass,ember-2018,quantum,,,,qsvm,,1,,,,,,,,,,,,qsvm-multiclass-nc1
FINISHED,2026-07-25 06:13:24.116000+00:00,2026-07-25 06:13:24.503000+00:00,0.0,0.0,0.0,0.2200230867130672,0.26,12.231723725999473,0.0,0.1759236254888429,0.0,0.26043956043956046,0.13333333333333333,0.41379310344827586,5.889389515010407,0.7005969362705606,0.40816326530612246,0.7567567567567568,0.0,14.041534411997418,0.15846543491863688,0.09523809523809523,0.24242424242424243,0.32727272727272727,0.0,0.0,,,,,,,,,,,,,,,,,,,12.216259271997842,479600.0,5.885721894999733,0.17304418844365058,,multiclass,ember-2018,quantum,,10.0,balanced,qsvm,,1,1.0,1,iqp,,,,,,,,,qsvm-multiclass-nc1
FINISHED,2026-07-25 06:13:55.354000+00:00,2026-07-25 06:13:55.671000+00:00,0.0,0.0,0.0,0.18148240192162252,0.225,11.813876290994813,0.0,0.14107187082636374,0.0,0.22454212454212452,0.25,0.0,5.886822968997876,0.7528086714044968,0.0,0.8484848484848485,0.0,12.58693173401116,0.14441473559120616,0.13636363636363635,0.2222222222222222,0.2647058823529412,0.4444444444444444,0.0,,,,,,,,,,,,,,,,,,,11.798847928002942,479600.0,5.884586654996383,0.18035983177302445,,multiclass,ember-2018,quantum,,10.0,balanced,qsvm,,1,1.0,1,iqp,,,,,,,,,qsvm-multiclass-nc1
FINISHED,2026-07-25 06:14:25.847000+00:00,2026-07-25 06:14:26.321000+00:00,0.0,0.0,0.0,0.21018266048378695,0.25,11.87363473699952,0.0,0.1684999459000504,0.0,0.254945054945055,0.14285714285714285,0.4230769230769231,5.645199615988531,0.7211085772755601,0.40625,0.7222222222222222,0.0,12.072948546992848,0.15147893772893772,0.15,0.17777777777777778,0.25,0.0,0.0,,,,,,,,,,,,,,,,,,,11.858501181995962,479600.0,5.6422303410072345,0.17680679563222576,,multiclass,ember-2018,quantum,,10.0,balanced,qsvm,,1,1.0,1,iqp,,,,,,,,,qsvm-multiclass-nc1
FINISHED,2026-07-25 06:14:57.247000+00:00,2026-07-25 06:14:57.561000+00:00,0.0,0.0,0.0,0.22498689674048028,0.265,11.743910767007037,0.0,0.18849603555485908,0.0,0.26666666666666666,0.13333333333333333,0.6666666666666666,5.863594065987854,0.7161123190534957,0.0,0.8387096774193549,0.0,12.758425868989434,0.1986412512218964,0.11428571428571428,0.25,0.23376623376623376,0.7428571428571429,0.0,,,,,,,,,,,,,,,,,,,11.725519183004508,479600.0,5.86129428500135,0.17393292777074829,,multiclass,ember-2018,quantum,,10.0,None,qsvm,,1,1.0,1,iqp,,,,,,,,,qsvm-multiclass-nc1
FINISHED,2026-07-25 06:15:27.605000+00:00,2026-07-25 06:15:27.973000+00:00,0.0,0.0,0.0,0.1701748512072394,0.215,11.644347219000338,0.0,0.09378156565656565,0.0,0.21135531135531135,0.11764705882352941,0.0,5.735231129001477,0.7519787718079937,0.0,0.7027027027027027,0.0,12.087756937005906,0.11752916280299648,0.17777777777777778,0.0,0.28205128205128205,0.4827586206896552,0.0,,,,,,,,,,,,,,,,,,,11.630007009007386,479600.0,5.73269120499026,0.17373731409432458,,multiclass,ember-2018,quantum,,10.0,None,qsvm,,1,1.0,1,iqp,,,,,,,,,qsvm-multiclass-nc1
FINISHED,2026-07-25 06:15:50.378000+00:00,2026-07-25 06:23:27.563000+00:00,,,,,,,,,,,,,,,,,,,,,,,,,0.39078849211418126,0.37857440179378027,0.43999999999999995,0.4006485672458099,0.8557010794392198,0.27500106450951345,0.43999999999999995,0.06437921639833448,35.51110386260261,0.05135494557618215,18.414884457402515,0.058971608998427086,0.4079412215222544,0.05029910535983718,0.05278898306317609,0.016810434809082214,0.25074386319647896,36.652229693401026,,,,,,multiclass,ember-2018,quantum,,,,qsvm,,3,,,,,,,,,,,,qsvm-multiclass-nc3
FINISHED,2026-07-25 06:17:22.165000+00:00,2026-07-25 06:17:22.456000+00:00,0.11764705882352941,0.1111111111111111,0.2727272727272727,0.3531324607597734,0.39,36.90369972700137,0.41379310344827586,0.34238011281114733,0.75,0.38901098901098907,0.4444444444444444,0.48,18.255665860007866,0.8235796988168905,0.43243243243243246,0.9333333333333333,0.0,36.005674084008206,0.34183100906635033,0.32558139534883723,0.36363636363636365,0.4827586206896552,0.0,0.0,,,,,,,,,,,,,,,,,,,36.88983098701283,479600.0,18.254002620000392,0.1865361007311249,,multiclass,ember-2018,quantum,,10.0,None,qsvm,,3,0.5773502691896257,3,angle,,,,,,,,,qsvm-multiclass-nc3
FINISHED,2026-07-25 06:18:53.907000+00:00,2026-07-25 06:18:54.192000+00:00,0.2,0.0,0.25,0.4074602492407726,0.44,36.39716357299767,0.5517241379310345,0.3761176099885777,0.6923076923076923,0.43369963369963377,0.5714285714285714,0.0,18.961259766001604,0.8715044179939814,0.7368421052631579,0.9655172413793104,0.0,35.55613112600986,0.3835510275836954,0.35555555555555557,0.32,0.5384615384615384,0.5,0.07142857142857142,,,,,,,,,,,,,,,,,,,36.37923945399234,479600.0,18.959068002004642,0.18602941830767136,,multiclass,ember-2018,quantum,,10.0,None,qsvm,,3,0.5773502691896257,3,angle,,,,,,,,,qsvm-multiclass-nc3
FINISHED,2026-07-25 06:20:24.751000+00:00,2026-07-25 06:20:25.017000+00:00,0.21052631578947367,0.10526315789473684,0.0,0.37932654628356616,0.41,36.76093862199923,0.4,0.3528240570345833,0.6956521739130435,0.4128205128205128,0.38461538461538464,0.0,18.338239449993125,0.8569837394315573,0.7428571428571429,1.0,0.0,34.93640181599767,0.35317245832793015,0.27450980392156865,0.3076923076923077,0.6666666666666666,0.5098039215686274,0.0,,,,,,,,,,,,,,,,,,,36.748626485001296,479600.0,18.33655069100496,0.1846003605783092,,multiclass,ember-2018,quantum,,10.0,None,qsvm,,3,0.5773502691896257,3,angle,,,,,,,,,qsvm-multiclass-nc3
FINISHED,2026-07-25 06:21:55.395000+00:00,2026-07-25 06:21:55.796000+00:00,0.1111111111111111,0.5,0.45454545454545453,0.5072971606026957,0.535,36.30922143900534,0.6875,0.5203110047846891,0.7619047619047619,0.5380952380952381,0.6363636363636364,0.6451612903225806,18.26879843500501,0.8661125928678111,0.6285714285714286,1.0,0.0,35.2649639720039,0.5052359001145578,0.21621621621621623,0.47368421052631576,0.5333333333333333,0.8125,0.11764705882352941,,,,,,,,,,,,,,,,,,,36.29738885299594,479600.0,18.26689870400878,0.21376551811249675,,multiclass,ember-2018,quantum,,10.0,None,qsvm,,3,0.5773502691896257,3,angle,,,,,,,,,qsvm-multiclass-nc3
FINISHED,2026-07-25 06:23:27.275000+00:00,2026-07-25 06:23:27.541000+00:00,0.18181818181818182,0.1111111111111111,0.14285714285714285,0.392489690724464,0.425,36.890125106001506,0.4166666666666667,0.41161005161005165,0.7272727272727273,0.4263736263736263,0.3448275862068966,0.5098039215686274,18.25045877600496,0.8603249480858588,0.6,0.9285714285714286,0.0,35.79234831499343,0.37015206547837265,0.14634146341463414,0.7096774193548387,0.7333333333333333,0.0,0.0,,,,,,,,,,,,,,,,,,,36.87567890000355,479600.0,18.24876511999173,0.20026584477646506,,multiclass,ember-2018,quantum,,10.0,balanced,qsvm,,3,0.5773502691896257,3,angle,,,,,,,,,qsvm-multiclass-nc3
FINISHED,2026-07-25 06:23:47.047000+00:00,2026-07-25 06:31:38.603000+00:00,,,,,,,,,,,,,,,,,,,,,,,,,0.47967988975021375,0.6226065026864408,0.523,0.5001520975378562,0.8685803001552527,0.2305592784836272,0.5222710622710622,0.049666660465210455,36.93296029299381,0.027886406229145563,19.09583080300363,0.02773655697843324,0.4961796883038655,0.027856776554368263,0.029598844601120573,0.01229325443799143,0.4524942690507729,37.38848570080008,,,,,,multiclass,ember-2018,quantum,,,,qsvm,,3,,,,,,,,,,,,qsvm-multiclass-nc3
FINISHED,2026-07-25 06:25:22.195000+00:00,2026-07-25 06:25:22.543000+00:00,0.2857142857142857,0.21052631578947367,0.17391304347826086,0.4745005277962153,0.505,37.55276470600802,0.35714285714285715,0.5232263969260873,0.7619047619047619,0.5018315018315018,0.375,0.75,19.200164905007114,0.8483483309859021,0.5333333333333333,0.9655172413793104,0.1111111111111111,37.825192820993834,0.4838496562766383,0.32653061224489793,0.6153846153846154,0.6666666666666666,0.875,0.25,,,,,,,,,,,,,,,,,,,37.53909631300485,479600.0,19.198076498010778,0.26634414971503984,,multiclass,ember-2018,quantum,,10.0,balanced,qsvm,,3,0.5773502691896257,3,iqp,,,,,,,,,qsvm-multiclass-nc3
FINISHED,2026-07-25 06:26:55.718000+00:00,2026-07-25 06:26:56.005000+00:00,0.2727272727272727,0.0,0.2,0.5318481920381889,0.555,37.28446902098949,0.5714285714285714,0.4967184121920964,0.7272727272727273,0.5516483516483517,0.48,0.8125,18.901112132996786,0.8844753601869351,0.717948717948718,0.9655172413793104,0.0,36.35869007700239,0.4950463348911625,0.4,0.6857142857142857,0.64,0.8275862068965517,0.125,,,,,,,,,,,,,,,,,,,37.26943405000202,479600.0,18.899387996993028,0.2725605743263892,,multiclass,ember-2018,quantum,,10.0,balanced,qsvm,,3,0.5773502691896257,3,iqp,,,,,,,,,qsvm-multiclass-nc3
FINISHED,2026-07-25 06:28:30.023000+00:00,2026-07-25 06:28:30.304000+00:00,0.3157894736842105,0.3333333333333333,0.1111111111111111,0.4592787541912309,0.485,36.62649926800805,0.47058823529411764,0.4411645711645712,0.7272727272727273,0.48681318681318675,0.5517241379310345,0.0,19.431197751007858,0.8636639662256361,0.7878787878787878,1.0,0.0,37.36767022298591,0.4332909648781326,0.375,0.6666666666666666,0.64,0.52,0.0,,,,,,,,,,,,,,,,,,,36.61214716099494,479600.0,19.428583939006785,0.22543335540873324,,multiclass,ember-2018,quantum,,10.0,None,qsvm,,3,0.5773502691896257,3,iqp,,,,,,,,,qsvm-multiclass-nc3
FINISHED,2026-07-25 06:30:04.176000+00:00,2026-07-25 06:30:04.558000+00:00,0.10526315789473684,0.5185185185185185,0.25,0.5301530370419612,0.555,38.02140853799938,0.8148148148148148,0.5812098118599667,0.7619047619047619,0.5578754578754579,0.5161290322580645,0.7333333333333333,19.166352262996952,0.8695563449832898,0.7333333333333333,1.0,0.13333333333333333,36.14425380098692,0.5163506211765972,0.3,0.55,0.5161290322580645,0.8125,0.0,,,,,,,,,,,,,,,,,,,38.00928270899749,479600.0,19.164216033997945,0.2704077061276224,,multiclass,ember-2018,quantum,,10.0,None,qsvm,,3,0.5773502691896257,3,iqp,,,,,,,,,qsvm-multiclass-nc3
FINISHED,2026-07-25 06:31:38.319000+00:00,2026-07-25 06:31:38.580000+00:00,0.18181818181818182,0.19047619047619047,0.1111111111111111,0.48511793045173124,0.515,37.45728697099548,0.4444444444444444,0.45844129554655877,0.7272727272727273,0.5131868131868133,0.38461538461538464,0.7878787878787878,18.78032696300943,0.8768574983945003,0.6486486486486487,0.9629629629629629,0.0,36.96899454300001,0.46986187152853826,0.20512820512820512,0.6875,0.6875,0.9333333333333333,0.09523809523809523,,,,,,,,,,,,,,,,,,,37.44075200299267,479600.0,18.778304656996625,0.2495626090076143,,multiclass,ember-2018,quantum,,10.0,balanced,qsvm,,3,0.5773502691896257,3,iqp,,,,,,,,,qsvm-multiclass-nc3
FINISHED,2026-07-25 06:32:06.077000+00:00,2026-07-25 06:45:16.965000+00:00,,,,,,,,,,,,,,,,,,,,,,,,,0.4231914469080187,0.7408195815465496,0.462,0.4507134677489347,0.8600524480790135,0.8587248058359357,0.46219780219780215,0.06578992879464708,61.31516319840157,0.06489552456165525,32.19554342760239,0.07505154382923375,0.43222020283542956,0.06592419889539802,0.06718989649488476,0.018236880111416543,1.4803749996283788,63.83343144220125,,,,,,multiclass,ember-2018,quantum,,,,qsvm,,6,,,,,,,,,,,,qsvm-multiclass-nc6
FINISHED,2026-07-25 06:34:40.537000+00:00,2026-07-25 06:34:40.807000+00:00,0.11764705882352941,0.2727272727272727,0.24242424242424243,0.3631958999043225,0.395,62.213438149003196,0.42857142857142855,0.3876502449452266,0.75,0.3978021978021979,0.23529411764705882,0.42857142857142855,31.28741841300507,0.8275324506823557,0.5161290322580645,1.0,0.0,60.401634769004886,0.3552722586179093,0.0,0.42105263157894735,0.75,0.0,0.16666666666666666,,,,,,,,,,,,,,,,,,,62.20060806199035,479600.0,31.284404015998007,0.13443019845617546,,multiclass,ember-2018,quantum,,10.0,None,qsvm,,6,0.408248290463863,6,angle,,,,,,,,,qsvm-multiclass-nc6
FINISHED,2026-07-25 06:37:19.376000+00:00,2026-07-25 06:37:19.632000+00:00,0.1111111111111111,0.45454545454545453,0.3076923076923077,0.44201519914761905,0.47,62.9652122999978,0.6153846153846154,0.44963130551365843,0.6923076923076923,0.465934065934066,0.35294117647058826,0.0,32.81486031701206,0.8738097239046005,0.9032258064516129,1.0,0.0,62.18559127500339,0.4280391717418934,0.23076923076923078,0.34782608695652173,0.6666666666666666,0.41379310344827586,0.32432432432432434,,,,,,,,,,,,,,,,,,,62.95296327100368,479600.0,32.811839510002756,0.12173276798159571,,multiclass,ember-2018,quantum,,10.0,None,qsvm,,6,0.408248290463863,6,angle,,,,,,,,,qsvm-multiclass-nc6
FINISHED,2026-07-25 06:40:00.334000+00:00,2026-07-25 06:40:00.643000+00:00,0.2222222222222222,0.2608695652173913,0.5,0.3986744649824529,0.43,66.5111219620012,0.4,0.45028915528915525,0.6956521739130435,0.43260073260073256,0.14285714285714285,0.0,33.14691464199859,0.8684791805285162,0.7878787878787878,1.0,0.0,60.51205407700036,0.3881388735118943,0.1951219512195122,0.34782608695652173,0.6896551724137931,0.5,0.08,,,,,,,,,,,,,,,,,,,66.49851150000177,479600.0,33.14350220399501,0.12365817489061585,,multiclass,ember-2018,quantum,,10.0,None,qsvm,,6,0.408248290463863,6,angle,,,,,,,,,qsvm-multiclass-nc6
FINISHED,2026-07-25 06:42:40.085000+00:00,2026-07-25 06:42:40.342000+00:00,0.09523809523809523,0.3157894736842105,0.42857142857142855,0.5569760657473282,0.585,64.18106693400478,0.7333333333333333,0.5712554112554113,0.7619047619047619,0.5846153846153845,0.24,0.6896551724137931,32.68712119599513,0.8772968650577758,0.8148148148148148,0.9629629629629629,0.32,62.01109529499081,0.5657529529689239,0.5,0.6,0.896551724137931,0.7428571428571429,0.38461538461538464,,,,,,,,,,,,,,,,,,,63.998931085996446,479600.0,32.68415344499226,0.1710961742757665,,multiclass,ember-2018,quantum,,10.0,None,qsvm,,6,0.408248290463863,6,angle,,,,,,,,,qsvm-multiclass-nc6
FINISHED,2026-07-25 06:45:16.658000+00:00,2026-07-25 06:45:16.940000+00:00,0.1111111111111111,0.37037037037037035,0.20689655172413793,0.40023938439542517,0.43,63.2963178659993,0.6666666666666666,0.39474122174122167,0.7272727272727273,0.43003663003663006,0.13333333333333333,0.41935483870967744,31.041402570001082,0.853144020221819,0.7272727272727273,0.9629629629629629,0.0,61.465440576008405,0.3787539776994727,0.0,0.48,0.7222222222222222,0.0,0.15384615384615385,,,,,,,,,,,,,,,,,,,63.28272814900265,479600.0,31.03918790500029,0.1303843561039576,,multiclass,ember-2018,quantum,,10.0,balanced,qsvm,,6,0.408248290463863,6,angle,,,,,,,,,qsvm-multiclass-nc6
FINISHED,2026-07-25 06:45:34.253000+00:00,2026-07-25 07:10:00.394000+00:00,,,,,,,,,,,,,,,,,,,,,,,,,0.5194531423927002,1.2735934711872756,0.5469999999999999,0.5379464025440267,0.8803583429010373,0.4963100642890609,0.5464468864468864,0.06381481088947029,114.02501728140051,0.04651028132252882,59.842133181000825,0.058191720743287385,0.5215848148152028,0.046324939287601875,0.0471912198357877,0.018701301493501826,1.0740769998278912,118.55624686600058,,,,,,multiclass,ember-2018,quantum,,,,qsvm,,6,,,,,,,,,,,,qsvm-multiclass-nc6
FINISHED,2026-07-25 06:50:28.123000+00:00,2026-07-25 06:50:28.393000+00:00,0.2,0.41379310344827586,0.3333333333333333,0.5175537662722001,0.545,117.7446948739962,0.631578947368421,0.5691091316091316,0.75,0.5421245421245421,0.5,0.6857142857142857,60.67419321100169,0.8506046346653557,0.64,1.0,0.17391304347826086,114.87965449500189,0.536258921926246,0.2857142857142857,0.7272727272727273,0.7692307692307693,0.9333333333333333,0.0,,,,,,,,,,,,,,,,,,,117.7278793430014,479600.0,60.67134340899065,0.2015109784405519,,multiclass,ember-2018,quantum,,10.0,None,qsvm,,6,0.408248290463863,6,iqp,,,,,,,,,qsvm-multiclass-nc6
FINISHED,2026-07-25 06:55:20.955000+00:00,2026-07-25 06:55:21.208000+00:00,0.2608695652173913,0.5,0.4166666666666667,0.5052571046605189,0.53,117.72587113101326,0.6666666666666666,0.5005498044628479,0.6956521739130435,0.5249084249084249,0.5217391304347826,0.0,59.875705187994754,0.8920175017897978,0.9333333333333333,1.0,0.0,114.45651129398902,0.4843263352069902,0.4,0.6666666666666666,0.6451612903225806,0.5581395348837209,0.0,,,,,,,,,,,,,,,,,,,117.71411321499909,479600.0,59.87384204599948,0.21156473308504775,,multiclass,ember-2018,quantum,,10.0,None,qsvm,,6,0.408248290463863,6,iqp,,,,,,,,,qsvm-multiclass-nc6
FINISHED,2026-07-25 07:00:16.578000+00:00,2026-07-25 07:00:16.819000+00:00,0.23529411764705882,0.38461538461538464,0.14814814814814814,0.4740623570840975,0.5,119.7400903559901,0.5185185185185185,0.48184287547677646,0.7272727272727273,0.5021978021978022,0.5333333333333333,0.0,59.95825590500317,0.8771078068042016,0.9629629629629629,1.0,0.0,115.13251371400838,0.46353316980767967,0.4,0.6923076923076923,0.7407407407407407,0.5098039215686274,0.1,,,,,,,,,,,,,,,,,,,119.72760368300078,479600.0,59.95541591200163,0.20004263841550754,,multiclass,ember-2018,quantum,,10.0,None,qsvm,,6,0.408248290463863,6,iqp,,,,,,,,,qsvm-multiclass-nc6
FINISHED,2026-07-25 07:05:08.177000+00:00,2026-07-25 07:05:08.544000+00:00,0.09523809523809523,0.5,0.6470588235294118,0.6116052719771747,0.635,117.5782967480045,0.8461538461538461,0.6494314998726763,0.7619047619047619,0.6358974358974359,0.5,0.6666666666666666,59.20503382199968,0.9066690109384606,0.88,1.0,0.38095238095238093,114.07366215600632,0.6256104030614272,0.4,0.6206896551724138,0.9032258064516129,0.896551724137931,0.2857142857142857,,,,,,,,,,,,,,,,,,,117.56726254499517,479600.0,59.20361489400966,0.22234010422372028,,multiclass,ember-2018,quantum,,10.0,None,qsvm,,6,0.408248290463863,6,iqp,,,,,,,,,qsvm-multiclass-nc6
FINISHED,2026-07-25 07:10:00.118000+00:00,2026-07-25 07:10:00.371000+00:00,0.34782608695652173,0.43478260869565216,0.3448275862068966,0.49944557408202306,0.525,119.99228122099885,0.6956521739130435,0.48879870129870134,0.7272727272727273,0.5271062271062271,0.43478260869565216,0.0,59.49747777900484,0.8753927603073712,0.96,0.9629629629629629,0.0,111.58274474799691,0.4875368819611582,0.32558139534883723,0.7857142857142857,0.7222222222222222,0.5714285714285714,0.0,,,,,,,,,,,,,,,,,,,119.97969715199724,479600.0,59.49572648499452,0.21636048194032345,,multiclass,ember-2018,quantum,,10.0,None,qsvm,,6,0.408248290463863,6,iqp,,,,,,,,,qsvm-multiclass-nc6
FINISHED,2026-07-25 07:10:25.571000+00:00,2026-07-25 07:10:41.775000+00:00,,,,,,,,,,,,,,,,,,,,,,,,,0.5294133321269644,2.9408111317987937,0.538,0.5304537140419494,0.8311397699917624,0.0011467149967043266,0.5383882783882784,0.033519950020441,2.3623202542075887,0.03360665625723511,0.00499034280073829,0.032759696634579755,0.5063940900841905,0.03414674215792774,0.03661277449645222,0.015454745496586658,0.006055603901355794,0.02945745299803093,,,,,,multiclass,ember-2018,classical,,,,svm,-1,1,,,,,,,,,,,,svm-multiclass-nc1
FINISHED,2026-07-25 07:10:34.360000+00:00,2026-07-25 07:10:34.588000+00:00,0.08,0.24,0.23529411764705882,0.46508923143984293,0.5,0.023962979001225904,0.2962962962962963,0.4977452177452178,0.5714285714285714,0.4978021978021978,0.5925925925925926,0.8888888888888888,0.0036152490065433085,0.8095113930977309,0.72,0.9629629629629629,0.45161290322580644,8.239322983004968,0.49285497924036104,0.13793103448275862,0.8148148148148148,0.19047619047619047,1.0,0.21052631578947367,,,,,,,,,,,,,,,,,,,,,,,,multiclass,ember-2018,classical,9.767373096550273,65.71634539290899,None,svm,-1,1,,,,,,,,,,,,svm-multiclass-nc1
FINISHED,2026-07-25 07:10:35.876000+00:00,2026-07-25 07:10:36.190000+00:00,0.10526315789473684,0.13333333333333333,0.4166666666666667,0.5726605670425157,0.6,0.027731117006624117,0.34782608695652173,0.5931483875601521,0.6666666666666666,0.5985347985347985,0.5714285714285714,1.0,0.004108612003619783,0.8317836074951825,0.9333333333333333,1.0,0.5714285714285714,0.7598153589933645,0.5910154364662373,0.3076923076923077,0.8888888888888888,0.5384615384615384,0.96,0.42424242424242425,,,,,,,,,,,,,,,,,,,,,,,,multiclass,ember-2018,classical,9.503615978493409,79.24835173809126,balanced,svm,-1,1,,,,,,,,,,,,svm-multiclass-nc1
FINISHED,2026-07-25 07:10:37.467000+00:00,2026-07-25 07:10:37.731000+00:00,0.4,0.0,0.32,0.4934401378443801,0.525,0.022457215003669262,0.23529411764705882,0.5162919107036754,0.5714285714285714,0.5274725274725275,0.41379310344827586,0.8695652173913043,0.004620615000021644,0.8520070589330552,0.8666666666666667,1.0,0.38461538461538464,0.7657860970066395,0.5173389066611868,0.24242424242424243,0.9629629629629629,0.16,1.0,0.3333333333333333,,,,,,,,,,,,,,,,,,,,,,,,multiclass,ember-2018,classical,1.9174195092436128,9.178251306105002,balanced,svm,-1,1,,,,,,,,,,,,svm-multiclass-nc1
FINISHED,2026-07-25 07:10:39.407000+00:00,2026-07-25 07:10:39.728000+00:00,0.25806451612903225,0.0,0.5925925925925926,0.4868765220963819,0.52,0.0363950929895509,0.11428571428571428,0.5346184752067106,0.75,0.5234432234432235,0.38461538461538464,0.8,0.006703841994749382,0.8191444755960885,0.88,1.0,0.5,1.0242073120170971,0.5244718370658304,0.38095238095238093,0.7096774193548387,0.25806451612903225,0.9629629629629629,0.27586206896551724,,,,,,,,,,,,,,,,,,,,,,,,multiclass,ember-2018,classical,8.93362457348544,7.513495949853966,None,svm,-1,1,,,,,,,,,,,,svm-multiclass-nc1
FINISHED,2026-07-25 07:10:41.443000+00:00,2026-07-25 07:10:41.749000+00:00,0.34782608695652173,0.0,0.21428571428571427,0.513903991997832,0.545,0.03674086098908447,0.08,0.5104645789939907,0.6956521739130435,0.5446886446886448,0.8,0.896551724137931,0.0059033959987573326,0.843252314836755,0.8888888888888888,0.9629629629629629,0.2727272727272727,1.0224695200158749,0.5213855012012062,0.4,0.7741935483870968,0.25806451612903225,0.9333333333333333,0.2962962962962963,,,,,,,,,,,,,,,,,,,,,,,,multiclass,ember-2018,classical,2.836401846309741,87.94455814344465,None,svm,-1,1,,,,,,,,,,,,svm-multiclass-nc1
FINISHED,2026-07-25 07:10:51.064000+00:00,2026-07-25 07:11:11.459000+00:00,,,,,,,,,,,,,,,,,,,,,,,,,0.7389146603571525,4.272203893184504,0.728,0.7856115220981793,0.9280515552337183,0.0006970418656629986,0.7277655677655679,0.0089325290203454,3.093280298603349,0.010972881936235197,0.005901800797437318,0.0060825918710513335,0.7140440734205186,0.011224972160321834,0.010858200106832503,0.006897909089679402,0.003834353441575368,0.03214092559646815,,,,,,multiclass,ember-2018,classical,,,,svm,-1,3,,,,,,,,,,,,svm-multiclass-nc3
FINISHED,2026-07-25 07:11:03.365000+00:00,2026-07-25 07:11:03.691000+00:00,0.4444444444444444,0.6153846153846154,0.47619047619047616,0.7089353258664018,0.72,0.028950291001820005,0.7619047619047619,0.7918320974418535,0.9230769230769231,0.719047619047619,0.8888888888888888,0.8571428571428571,0.005824769992614165,0.9308998717917123,0.7619047619047619,1.0,0.43478260869565216,11.6376309949992,0.7306338588947284,0.6153846153846154,0.9166666666666666,0.6923076923076923,1.0,0.5714285714285714,,,,,,,,,,,,,,,,,,,,,,,,multiclass,ember-2018,classical,0.5442035500370748,0.7873431341267015,balanced,svm,-1,3,,,,,,,,,,,,svm-multiclass-nc3
FINISHED,2026-07-25 07:11:05.293000+00:00,2026-07-25 07:11:05.703000+00:00,0.33962264150943394,0.2727272727272727,0.8148148148148148,0.7080031323307174,0.72,0.039598899995326065,0.5185185185185185,0.7985988085988087,0.8461538461538461,0.7172161172161172,0.7272727272727273,1.0,0.007103761992766522,0.9330105167866078,1.0,1.0,0.6666666666666666,0.9337286990048597,0.7391885179809707,0.6153846153846154,0.96,0.7,0.96,0.6666666666666666,,,,,,,,,,,,,,,,,,,,,,,,multiclass,ember-2018,classical,1.8075994932551673,0.9632557664787238,balanced,svm,-1,3,,,,,,,,,,,,svm-multiclass-nc3
FINISHED,2026-07-25 07:11:07.293000+00:00,2026-07-25 07:11:07.603000+00:00,0.4186046511627907,0.4444444444444444,0.8275862068965517,0.7100983228021563,0.725,0.030178810004144907,0.6666666666666666,0.7858726458726458,0.782608695652174,0.7289377289377291,0.88,0.8333333333333334,0.00582580899936147,0.9297745054860803,1.0,1.0,0.5,0.9520918299967889,0.734499927751188,0.6451612903225806,0.9629629629629629,0.5217391304347826,0.9629629629629629,0.5714285714285714,,,,,,,,,,,,,,,,,,,,,,,,multiclass,ember-2018,classical,0.5442035500370748,0.7873431341267015,balanced,svm,-1,3,,,,,,,,,,,,svm-multiclass-nc3
FINISHED,2026-07-25 07:11:09.190000+00:00,2026-07-25 07:11:09.498000+00:00,0.3684210526315789,0.56,0.782608695652174,0.707495602329072,0.725,0.03176383698883001,0.8461538461538461,0.7748779499367735,0.782608695652174,0.7256410256410255,0.75,0.8,0.0049175589956576005,0.9144314888147905,0.9166666666666666,1.0,0.6153846153846154,0.9606363860075362,0.7419867040925578,0.5161290322580645,0.88,0.6451612903225806,1.0,0.6666666666666666,,,,,,,,,,,,,,,,,,,,,,,,multiclass,ember-2018,classical,0.379567126299559,1.1651563990774838,balanced,svm,-1,3,,,,,,,,,,,,svm-multiclass-nc3
FINISHED,2026-07-25 07:11:11.121000+00:00,2026-07-25 07:11:11.434000+00:00,0.5,0.5384615384615384,0.6153846153846154,0.7356879837742446,0.75,0.03021278999221977,0.6363636363636364,0.7768761086408146,0.9166666666666666,0.7479853479853481,0.9629629629629629,0.9629629629629629,0.005837104006786831,0.932141393289401,0.96,1.0,0.23529411764705882,0.9823135830083629,0.7482642930663171,0.5833333333333334,0.96,0.7096774193548387,1.0,0.6428571428571429,,,,,,,,,,,,,,,,,,,,,,,,multiclass,ember-2018,classical,0.5442035500370748,0.7873431341267015,balanced,svm,-1,3,,,,,,,,,,,,svm-multiclass-nc3
FINISHED,2026-07-25 07:11:20.303000+00:00,2026-07-25 07:11:40.226000+00:00,,,,,,,,,,,,,,,,,,,,,,,,,0.7930427412212524,4.055822193349015,0.785,0.829260455792572,0.9450900659534437,0.0003220784817894995,0.7846886446886447,0.02183293254506002,3.013809113006573,0.01931955780820705,0.004334648398798891,0.020806567050482908,0.7737999850022292,0.020493901531919215,0.02256400196929735,0.008361061878796427,0.0023737778728144905,0.027352633795817382,,,,,,multiclass,ember-2018,classical,,,,svm,-1,6,,,,,,,,,,,,svm-multiclass-nc6
FINISHED,2026-07-25 07:11:32+00:00,2026-07-25 07:11:32.316000+00:00,0.47619047619047616,0.5833333333333334,0.6363636363636364,0.7521159374850224,0.765,0.02493658199091442,0.8461538461538461,0.8066683444269652,0.8275862068965517,0.7637362637362638,0.9285714285714286,0.8888888888888888,0.0038909470022190362,0.9440042879321818,0.7272727272727273,1.0,0.5714285714285714,11.125407185012591,0.7673115618669157,0.6923076923076923,0.9166666666666666,0.9230769230769231,0.9655172413793104,0.5263157894736842,,,,,,,,,,,,,,,,,,,,,,,,multiclass,ember-2018,classical,0.11101184411738439,21.99561589708848,balanced,svm,-1,6,,,,,,,,,,,,svm-multiclass-nc6
FINISHED,2026-07-25 07:11:34.064000+00:00,2026-07-25 07:11:34.360000+00:00,0.44,0.3157894736842105,0.8888888888888888,0.8036367849674634,0.81,0.03148280498862732,0.64,0.868024948024948,0.9230769230769231,0.808058608058608,0.8181818181818182,1.0,0.004890875992714427,0.9609735088862223,1.0,1.0,0.6956521739130435,1.0031443100160686,0.8218324475761548,0.7692307692307693,0.96,0.9166666666666666,0.96,1.0,,,,,,,,,,,,,,,,,,,,,,,,multiclass,ember-2018,classical,0.3470266988650412,2.5378155082656657,balanced,svm,-1,6,,,,,,,,,,,,svm-multiclass-nc6
FINISHED,2026-07-25 07:11:36.024000+00:00,2026-07-25 07:11:36.329000+00:00,0.46511627906976744,0.5384615384615384,0.8461538461538461,0.7577771942641915,0.77,0.02535323800111655,0.6956521739130435,0.8144007408713292,0.8888888888888888,0.7728937728937729,0.9230769230769231,0.8333333333333334,0.0043622469966067,0.94110772213239,1.0,1.0,0.5714285714285714,0.9989249009959167,0.7773945782088688,0.8,0.9285714285714286,0.7272727272727273,0.9629629629629629,0.48,,,,,,,,,,,,,,,,,,,,,,,,multiclass,ember-2018,classical,0.09354510878388198,5.363932930624684,balanced,svm,-1,6,,,,,,,,,,,,svm-multiclass-nc6
FINISHED,2026-07-25 07:11:37.986000+00:00,2026-07-25 07:11:38.295000+00:00,0.3902439024390244,0.5517241379310345,0.8461538461538461,0.7565508142750638,0.77,0.0267078040051274,0.88,0.8199837199837199,0.9166666666666666,0.7706959706959707,0.6923076923076923,0.8,0.004294864003895782,0.9363862365759898,0.9166666666666666,1.0,0.6086956521739131,0.9735461620002752,0.7861180489100674,0.64,0.88,0.9285714285714286,1.0,0.7407407407407407,,,,,,,,,,,,,,,,,,,,,,,,multiclass,ember-2018,classical,0.09497066623274672,5.369151069301063,balanced,svm,-1,6,,,,,,,,,,,,svm-multiclass-nc6
FINISHED,2026-07-25 07:11:39.903000+00:00,2026-07-25 07:11:40.202000+00:00,0.5365853658536586,0.5714285714285714,0.6923076923076923,0.7989191940194046,0.81,0.02828273999330122,0.7272727272727273,0.8372245256558982,0.9230769230769231,0.8080586080586082,1.0,0.9629629629629629,0.004234307998558506,0.9429785742404337,0.9230769230769231,1.0,0.45454545454545453,0.9680230070080142,0.812557069544255,0.8333333333333334,0.96,0.9285714285714286,0.9655172413793104,0.7096774193548387,,,,,,,,,,,,,,,,,,,,,,,,multiclass,ember-2018,classical,0.16483511662318534,4.504283471078704,balanced,svm,-1,6,,,,,,,,,,,,svm-multiclass-nc6
FINISHED,2026-07-25 07:22:30.557000+00:00,2026-07-25 07:38:53.036000+00:00,,,,,,,,,,,,,,,,,,,,,,,,,0.06930095237768401,1.1821650742288417,0.10900000000000001,0.06547329422446788,0.5810985333395984,0.4216516044121923,0.11411394161394162,0.01055887894311195,74.98749564359605,0.0058780766061892805,40.764377311599674,0.0061531822886014866,0.05526511363981834,0.012409673645990858,0.013814088833537495,0.01825172642718505,0.8065425275771879,80.42229901060345,,,,,,multiclass,cic-malmem,quantum,,,,qsvm,,8,,,,,,,,,,,,qsvm-multiclass-nc8
FINISHED,2026-07-25 07:25:43.025000+00:00,2026-07-25 07:25:43.422000+00:00,0.09090909090909091,0.0,0.3902439024390244,0.07293808657733832,0.13,79.3712474930071,0.0,0.06667639528929853,0.0,0.1234920634920635,0.0,0.18518518518518517,40.35637342999689,0.5954614609896826,0.0,0.0,0.0,72.68045391199121,0.07628401709702522,0.0,0.07792207792207792,0.4,0.0,0.0,,,,,,,,,,,,,,,,,,,79.35525290999794,479600.0,40.354704119003145,0.059291972166199164,,multiclass,cic-malmem,quantum,,10.0,None,qsvm,,8,0.3535533905932738,8,angle,,,,,,,,,qsvm-multiclass-nc8
FINISHED,2026-07-25 07:29:00.231000+00:00,2026-07-25 07:29:00.475000+00:00,0.0,0.0,0.0,0.04501336971476526,0.095,81.32375264000439,0.0,0.08518419489007725,0.0,0.1101979501979502,0.0,0.0,40.1887775780051,0.5985445960677237,0.0,0.0,0.1,75.26127736500348,0.06568009266761494,0.11570247933884298,0.11764705882352941,0.4,0.18518518518518517,0.06666666666666667,,,,,,,,,,,,,,,,,,,81.30486906299484,479600.0,40.187162802001694,0.0713408222469013,,multiclass,cic-malmem,quantum,,10.0,balanced,qsvm,,8,0.3535533905932738,8,angle,,,,,,,,,qsvm-multiclass-nc8
FINISHED,2026-07-25 07:32:18.377000+00:00,2026-07-25 07:32:18.617000+00:00,0.0,0.0,0.1935483870967742,0.07090961240590662,0.115,80.77707952901255,0.0,0.0570182841068917,0.0,0.11620370370370371,0.0,0.16184971098265896,41.25266740199004,0.5937165287553523,0.0,0.0,0.0,75.83802826498868,0.06322537028131894,0.0,0.06666666666666667,0.5263157894736842,0.0,0.0,,,,,,,,,,,,,,,,,,,80.76082550300634,479600.0,41.251157976003014,0.056578569335684954,,multiclass,cic-malmem,quantum,,10.0,None,qsvm,,8,0.3535533905932738,8,angle,,,,,,,,,qsvm-multiclass-nc8
FINISHED,2026-07-25 07:35:34.393000+00:00,2026-07-25 07:35:34.651000+00:00,0.24242424242424243,0.0,0.0,0.04733424814933322,0.105,79.54889412100601,0.0,0.062275475623950645,0.0,0.1146153846153846,0.0,0.18181818181818182,40.889410258008866,0.5567783308294658,0.15,0.0,0.0,75.28959686798044,0.07724704673857218,0.0,0.0,0.4166666666666667,0.1,0.06779661016949153,,,,,,,,,,,,,,,,,,,79.53013464200194,479600.0,40.88628056200105,0.05658127923246809,,multiclass,cic-malmem,quantum,,10.0,balanced,qsvm,,8,0.3535533905932738,8,angle,,,,,,,,,qsvm-multiclass-nc8
FINISHED,2026-07-25 07:38:52.778000+00:00,2026-07-25 07:38:53.013000+00:00,0.0,0.0,0.0,0.040130251351748296,0.1,81.09052126998722,0.0,0.056212121212121206,0.0,0.10606060606060605,0.0,0.17142857142857143,41.13465788999747,0.5609917500557674,0.0,0.0,0.0,75.86812180801644,0.06406823510388875,0.10526315789473684,0.0,0.5714285714285714,0.0,0.11290322580645161,,,,,,,,,,,,,,,,,,,81.0715433430014,479600.0,41.13296683100634,0.056139395972969894,,multiclass,cic-malmem,quantum,,10.0,balanced,qsvm,,8,0.3535533905932738,8,angle,,,,,,,,,qsvm-multiclass-nc8
FINISHED,2026-07-25 07:39:27.803000+00:00,2026-07-25 08:20:27.436000+00:00,,,,,,,,,,,,,,,,,,,,,,,,,0.07394409697782568,1.8131500450227724,0.10600000000000001,0.09903589695832177,0.5803011732912429,0.46013977748655954,0.11050133200133201,0.028340378573709656,188.93163993619964,0.010018509645378385,101.1883394767996,0.010339364420670686,0.04964248013378939,0.01319090595827292,0.018901140663679608,0.01901003303359655,1.9349205683170794,201.48447576960024,,,,,,multiclass,cic-malmem,quantum,,,,qsvm,,8,,,,,,,,,,,,qsvm-multiclass-nc8
FINISHED,2026-07-25 07:47:35.238000+00:00,2026-07-25 07:47:35.614000+00:00,0.06666666666666667,0.0,0.1951219512195122,0.04667917416118066,0.11,201.00561649599695,0.0,0.11867960828767554,0.0,0.10555555555555556,0.0,0.1951219512195122,100.69176993699512,0.580314945007252,0.0,0.13333333333333333,0.0,185.6722644630063,0.06874027449951918,0.0,0.10752688172043011,0.3333333333333333,0.0,0.0,,,,,,,,,,,,,,,,,,,200.98772757299594,479600.0,100.68863878400589,0.07784492991602845,,multiclass,cic-malmem,quantum,,10.0,None,qsvm,,8,0.3535533905932738,8,iqp,,,,,,,,,qsvm-multiclass-nc8
FINISHED,2026-07-25 07:55:45.356000+00:00,2026-07-25 07:55:45.631000+00:00,0.0,0.0,0.0,0.04030525920544251,0.095,198.510372292003,0.0,0.08027661227661227,0.0,0.1078980278980279,0.0,0.14285714285714285,101.38694509799825,0.6117661782776906,0.0,0.0,0.0,189.81010006798897,0.06445440552458608,0.1188118811881188,0.11764705882352941,0.4,0.1875,0.0,,,,,,,,,,,,,,,,,,,198.49027622099675,479600.0,101.38541007500316,0.09853773632351853,,multiclass,cic-malmem,quantum,,10.0,balanced,qsvm,,8,0.3535533905932738,8,iqp,,,,,,,,,qsvm-multiclass-nc8
FINISHED,2026-07-25 08:03:57.999000+00:00,2026-07-25 08:03:58.257000+00:00,0.0,0.0,0.21428571428571427,0.08669042411964992,0.13,201.00681207999878,0.0,0.1335185185185185,0.0,0.13022079772079773,0.0,0.1761006289308176,101.0662730900076,0.5876671555493472,0.0,0.14285714285714285,0.0,190.26069917500718,0.08147549166417091,0.0,0.13333333333333333,0.5555555555555556,0.0,0.0,,,,,,,,,,,,,,,,,,,200.98762915200496,479600.0,101.06471657101065,0.07406560276870498,,multiclass,cic-malmem,quantum,,10.0,None,qsvm,,8,0.3535533905932738,8,iqp,,,,,,,,,qsvm-multiclass-nc8
FINISHED,2026-07-25 08:12:09.931000+00:00,2026-07-25 08:12:10.174000+00:00,0.23529411764705882,0.08695652173913043,0.0,0.034867393318097184,0.095,202.5300293420005,0.0,0.10840448823207445,0.0,0.10245421245421245,0.0,0.12903225806451613,100.81977678599651,0.5628968011518878,0.04878048780487805,0.0,0.11764705882352941,188.29078916100843,0.09046749775052314,0.0,0.2,0.4166666666666667,0.09523809523809523,0.0273972602739726,,,,,,,,,,,,,,,,,,,202.51070302398875,479600.0,100.81803422101075,0.07683911347590248,,multiclass,cic-malmem,quantum,,10.0,balanced,qsvm,,8,0.3535533905932738,8,iqp,,,,,,,,,qsvm-multiclass-nc8
FINISHED,2026-07-25 08:20:27.178000+00:00,2026-07-25 08:20:27.411000+00:00,0.0,0.0,0.0,0.03967014986457666,0.1,204.36954863800202,0.08,0.05430025747672807,0.0,0.10637806637806638,0.0,0.15151515151515152,101.97693247300049,0.5588607864700368,0.0,0.0,0.0,190.62434681398736,0.06458281545032905,0.06896551724137931,0.0,0.5454545454545454,0.0,0.12280701754385964,,,,,,,,,,,,,,,,,,,204.34990786199342,479600.0,101.97535637399415,0.07192163451970593,,multiclass,cic-malmem,quantum,,10.0,balanced,qsvm,,8,0.3535533905932738,8,iqp,,,,,,,,,qsvm-multiclass-nc8
FINISHED,2026-07-25 08:21:02.937000+00:00,2026-07-25 08:24:44.199000+00:00,,,,,,,,,,,,,,,,,,,,,,,,,0.05496877845820432,1.2302914081436374,0.1,0.04054521967235819,0.5476211154575543,0.07982415615756995,0.11044407444407445,0.006115912296687326,16.377444039596593,0.016637362126044625,8.9741013655992,0.00951387147702096,0.04454444706672983,0.013416407864998736,0.016620033205946058,0.029666441057737226,0.5317805362930326,18.52192066880234,,,,,,multiclass,cic-malmem,quantum,,,,qsvm,,1,,,,,,,,,,,,qsvm-multiclass-nc1
FINISHED,2026-07-25 08:21:45.514000+00:00,2026-07-25 08:21:45.948000+00:00,0.13636363636363635,0.0,0.0,0.043952203673146555,0.1,19.46366200700868,0.0,0.03752791252791253,0.16470588235294117,0.10891330891330891,0.0,0.0,9.064057540002977,0.5372835819449474,0.0784313725490196,0.0,0.0,13.987194862987963,0.05196672608437314,0.0,0.0,0.4,0.0,0.0,,,,,,,,,,,,,,,,,,,19.441521301996545,479600.0,9.06010732598952,0.10716690649222332,,multiclass,cic-malmem,quantum,,10.0,balanced,qsvm,,1,1.0,1,angle,,,,,,,,,qsvm-multiclass-nc1
FINISHED,2026-07-25 08:22:30.274000+00:00,2026-07-25 08:22:30.565000+00:00,0.0,0.0,0.14814814814814814,0.030563268311925417,0.095,18.543763155001216,0.0,0.03437303908791644,0.0,0.09391534391534391,0.0,0.0,8.905796587991063,0.5338558100508418,0.0,0.0,0.10526315789473684,16.834330843004864,0.04356075373619233,0.0,0.0,0.4,0.0,0.0,,,,,,,,,,,,,,,,,,,18.527617611995083,479600.0,8.903536598998471,0.17260928719720584,,multiclass,cic-malmem,quantum,,10.0,None,qsvm,,1,1.0,1,angle,,,,,,,,,qsvm-multiclass-nc1
FINISHED,2026-07-25 08:23:15.173000+00:00,2026-07-25 08:23:15.486000+00:00,0.19148936170212766,0.0,0.0,0.07326842797088298,0.125,18.007119702990167,0.0,0.04887332710862123,0.2033898305084746,0.1395160395160395,0.0,0.0,9.023373103991617,0.6039621812598489,0.0,0.0,0.0,17.538137299008667,0.06955885082487724,0.06451612903225806,0.0,0.46153846153846156,0.12244897959183673,0.0,,,,,,,,,,,,,,,,,,,17.988364574004663,479600.0,9.02128885500133,0.10150213475238364,,multiclass,cic-malmem,quantum,,10.0,balanced,qsvm,,1,1.0,1,angle,,,,,,,,,qsvm-multiclass-nc1
FINISHED,2026-07-25 08:23:59.743000+00:00,2026-07-25 08:24:00.056000+00:00,0.12195121951219512,0.0,0.0,0.026064844567978186,0.085,18.58114499200019,0.0,0.03505587607473053,0.0,0.09487179487179485,0.0,0.0,8.8544998139987,0.5171811594940804,0.0,0.0,0.0,16.77663249098987,0.04778910540428156,0.0,0.0,0.4,0.07142857142857142,0.12345679012345678,,,,,,,,,,,,,,,,,,,18.56283920700662,479600.0,8.850741917995038,0.10692103922071484,,multiclass,cic-malmem,quantum,,10.0,balanced,qsvm,,1,1.0,1,angle,,,,,,,,,qsvm-multiclass-nc1
FINISHED,2026-07-25 08:24:43.884000+00:00,2026-07-25 08:24:44.174000+00:00,0.0,0.0,0.0,0.048873490809716,0.095,18.01391348701145,0.0,0.04689594356261024,0.0,0.115003885003885,0.0,0.0,9.02277978201164,0.545822844538053,0.2127659574468085,0.0,0.0,16.750924701991607,0.0619684562412973,0.08403361344537816,0.0,0.56,0.07272727272727272,0.0,,,,,,,,,,,,,,,,,,,17.996636024996405,479600.0,9.02069071198639,0.10765995335300892,,multiclass,cic-malmem,quantum,,1.0,balanced,qsvm,,1,1.0,1,angle,,,,,,,,,qsvm-multiclass-nc1
FINISHED,2026-07-25 08:25:14.843000+00:00,2026-07-25 08:27:40.445000+00:00,,,,,,,,,,,,,,,,,,,,,,,,,0.05593358032321429,0.5431175791818715,0.101,0.043118884464503925,0.5493056291949816,0.05601115474249032,0.10983204594969302,0.007130030467996501,11.062507671199274,0.016336553935618236,5.923885243595578,0.007708414133428704,0.048916603061212684,0.014966629547095765,0.021447173927636832,0.013849325354857014,0.29787665181699574,11.718810717799352,,,,,,multiclass,cic-malmem,quantum,,,,qsvm,,1,,,,,,,,,,,,qsvm-multiclass-nc1
FINISHED,2026-07-25 08:25:42.435000+00:00,2026-07-25 08:25:42.918000+00:00,0.16494845360824742,0.0,0.0,0.04417855704146003,0.1,11.3571199279977,0.0,0.03463083101637319,0.15384615384615385,0.10732600732600733,0.0,0.0,6.031291893988964,0.5469672089016486,0.0,0.0,0.0,10.12325875100214,0.047919640496960084,0.0,0.0,0.4,0.0,0.0,,,,,,,,,,,,,,,,,,,11.338146000998677,479600.0,6.028439511996112,0.08361658578060711,,multiclass,cic-malmem,quantum,,10.0,balanced,qsvm,,1,1.0,1,iqp,,,,,,,,,qsvm-multiclass-nc1
FINISHED,2026-07-25 08:26:12.249000+00:00,2026-07-25 08:26:12.578000+00:00,0.0,0.0,0.0,0.03297768132566504,0.09,11.704494097997667,0.0,0.04369875570288367,0.13333333333333333,0.10408850408850409,0.0,0.0,5.890242127003148,0.5350230211890015,0.1111111111111111,0.0,0.08333333333333333,11.690461564998259,0.05672364672364672,0.12307692307692308,0.0,0.4,0.0,0.0,,,,,,,,,,,,,,,,,,,11.682352678995812,479600.0,5.886263298001722,0.13188539853082812,,multiclass,cic-malmem,quantum,,10.0,balanced,qsvm,,1,1.0,1,iqp,,,,,,,,,qsvm-multiclass-nc1
FINISHED,2026-07-25 08:26:41.324000+00:00,2026-07-25 08:26:41.643000+00:00,0.1839080459770115,0.0,0.0,0.06956220833572357,0.12,11.817849030005164,0.0,0.04748524109578877,0.0,0.13965478965478967,0.0,0.0,5.925233930000104,0.5751570969532313,0.17857142857142858,0.0,0.0,10.95739273300569,0.06879492793285896,0.1,0.0,0.4444444444444444,0.125,0.0,,,,,,,,,,,,,,,,,,,11.796937302991864,479600.0,5.922945391997928,0.07734997746077604,,multiclass,cic-malmem,quantum,,10.0,balanced,qsvm,,1,1.0,1,iqp,,,,,,,,,qsvm-multiclass-nc1
FINISHED,2026-07-25 08:27:10.851000+00:00,2026-07-25 08:27:11.170000+00:00,0.11428571428571428,0.0,0.0,0.02067306870491392,0.08,12.220931607997045,0.0,0.03604485418055488,0.0,0.08974358974358974,0.0,0.0,5.8962149229919305,0.5402938726782056,0.0,0.0,0.0,11.04641249999986,0.04806776556776557,0.0,0.0,0.4,0.10256410256410256,0.10416666666666667,,,,,,,,,,,,,,,,,,,12.200155156999244,479600.0,5.892363273000228,0.0844994184406671,,multiclass,cic-malmem,quantum,,10.0,balanced,qsvm,,1,1.0,1,iqp,,,,,,,,,qsvm-multiclass-nc1
FINISHED,2026-07-25 08:27:40.083000+00:00,2026-07-25 08:27:40.418000+00:00,0.0,0.0,0.15306122448979592,0.07719149989830085,0.115,11.493658924999181,0.0,0.05373474032691909,0.0,0.10834733893557423,0.0,0.0,5.876443343993742,0.5490869462528208,0.0,0.0,0.0,11.495012806990417,0.058161920894840145,0.0,0.17391304347826086,0.5454545454545454,0.0,0.0,,,,,,,,,,,,,,,,,,,11.47358702699421,479600.0,5.8738879049924435,0.08611383103625331,,multiclass,cic-malmem,quantum,,10.0,None,qsvm,,1,1.0,1,iqp,,,,,,,,,qsvm-multiclass-nc1
FINISHED,2026-07-25 08:27:58.215000+00:00,2026-07-25 08:35:26.074000+00:00,,,,,,,,,,,,,,,,,,,,,,,,,0.05846775009588916,0.6065072993347338,0.10300000000000001,0.05805689711968824,0.5470921070730229,0.6322377983076027,0.10789697774991894,0.01976522094102482,34.39728558319621,0.007767006387738948,18.248643736401572,0.005706997064299057,0.05045271860419668,0.016,0.01798627449835519,0.011731127122591407,0.22960894931381795,36.55664044620062,,,,,,multiclass,cic-malmem,quantum,,,,qsvm,,3,,,,,,,,,,,,qsvm-multiclass-nc3
FINISHED,2026-07-25 08:29:28.485000+00:00,2026-07-25 08:29:28.880000+00:00,0.0,0.0,0.15267175572519084,0.03438828990411048,0.1,36.55725366300612,0.0,0.04599338315499103,0.0,0.09917582417582418,0.0,0.0,18.164130425997428,0.5682695525987268,0.0,0.0,0.1,35.48293681598443,0.05379048996636466,0.0,0.11940298507462686,0.43478260869565216,0.0,0.0,,,,,,,,,,,,,,,,,,,36.5412130360055,479600.0,18.162289070998668,0.07539160637092031,,multiclass,cic-malmem,quantum,,10.0,None,qsvm,,3,0.5773502691896257,3,angle,,,,,,,,,qsvm-multiclass-nc3
FINISHED,2026-07-25 08:30:56.961000+00:00,2026-07-25 08:30:57.263000+00:00,0.0,0.0,0.14754098360655737,0.044220391831153616,0.11,36.6666583490005,0.0,0.051789496658341566,0.0,0.10776455026455026,0.0,0.1111111111111111,17.764575389010133,0.5333784680790611,0.0,0.0,0.125,33.60683524499473,0.0641482348859398,0.0,0.17857142857142858,0.4,0.0,0.0,,,,,,,,,,,,,,,,,,,36.65084678599669,479600.0,17.76227241999004,0.08637860750028033,,multiclass,cic-malmem,quantum,,10.0,None,qsvm,,3,0.5773502691896257,3,angle,,,,,,,,,qsvm-multiclass-nc3
FINISHED,2026-07-25 08:32:27.240000+00:00,2026-07-25 08:32:27.514000+00:00,0.0,0.0,0.0,0.07670378602013454,0.09,36.12160761699488,0.0,0.09738489871086556,0.0,0.11068376068376068,0.0,0.0,19.47798043199873,0.5440862653149988,0.11398963730569948,0.14285714285714285,0.0,34.34204647500883,0.050456452010856155,0.0,0.0,0.5,0.0,0.0,,,,,,,,,,,,,,,,,,,36.09943286400812,479600.0,19.47613313299371,0.07686235787047763,,multiclass,cic-malmem,quantum,,1.0,balanced,qsvm,,3,0.5773502691896257,3,angle,,,,,,,,,qsvm-multiclass-nc3
FINISHED,2026-07-25 08:33:56.387000+00:00,2026-07-25 08:33:56.688000+00:00,0.0,0.0,0.1864406779661017,0.06613463612544955,0.13,36.788214336003875,0.0,0.04838918825370102,0.0,0.12091503267973855,0.0,0.18867924528301888,17.800811583001632,0.5488990145970135,0.0,0.0,0.0,34.23279067099793,0.06513145167339815,0.0,0.18518518518518517,0.4166666666666667,0.0,0.0,,,,,,,,,,,,,,,,,,,36.76969804998953,479600.0,17.79691025200009,0.07927015644768713,,multiclass,cic-malmem,quantum,,10.0,None,qsvm,,3,0.5773502691896257,3,angle,,,,,,,,,qsvm-multiclass-nc3
FINISHED,2026-07-25 08:35:25.743000+00:00,2026-07-25 08:35:26.047000+00:00,0.1111111111111111,0.0,0.0,0.030816489140135205,0.085,36.64946826599771,0.0,0.046727518820542074,0.10526315789473684,0.10094572094572093,0.0,0.0,18.03572085199994,0.5408272347753142,0.0,0.0,0.0,34.321818708995124,0.058812121942887,0.08247422680412371,0.0,0.5833333333333334,0.0,0.0,,,,,,,,,,,,,,,,,,,36.63200169800257,479600.0,18.032068885993795,0.07947206125604946,,multiclass,cic-malmem,quantum,,10.0,balanced,qsvm,,3,0.5773502691896257,3,angle,,,,,,,,,qsvm-multiclass-nc3
FINISHED,2026-07-25 08:35:40.985000+00:00,2026-07-25 08:43:26.970000+00:00,,,,,,,,,,,,,,,,,,,,,,,,,0.07068357969607766,1.105257140414096,0.10999999999999999,0.0723428347709642,0.5566864857487064,0.1755814057416486,0.11792088195029371,0.04918026876748307,36.39535114340542,0.016095453445590036,18.906554944600792,0.017647493838518196,0.05095145484354298,0.0130384048104053,0.015115110513794721,0.01586385048812368,0.38960991090674435,37.5526851853967,,,,,,multiclass,cic-malmem,quantum,,,,qsvm,,3,,,,,,,,,,,,qsvm-multiclass-nc3
FINISHED,2026-07-25 08:37:16.385000+00:00,2026-07-25 08:37:16.777000+00:00,0.16666666666666666,0.0,0.0,0.057052809265407275,0.11,38.05656497798918,0.0,0.04585666568425189,0.16470588235294117,0.12446886446886447,0.0,0.0,18.83332019399677,0.5499913383507268,0.0,0.0,0.0,38.440229437008384,0.061961364255847265,0.16326530612244897,0.0,0.43478260869565216,0.0,0.0,,,,,,,,,,,,,,,,,,,38.04015893100586,479600.0,18.829872084999806,0.0985960125140526,,multiclass,cic-malmem,quantum,,10.0,balanced,qsvm,,3,0.5773502691896257,3,iqp,,,,,,,,,qsvm-multiclass-nc3
FINISHED,2026-07-25 08:38:49.827000+00:00,2026-07-25 08:38:50.103000+00:00,0.0,0.0,0.15126050420168066,0.037441614027945644,0.105,37.41248582699336,0.0,0.05162252459415985,0.0,0.10332010582010583,0.0,0.09523809523809523,19.24134230198979,0.5492995251746801,0.0,0.0,0.11428571428571428,36.355209035013104,0.06300681676179244,0.0,0.16326530612244897,0.42105263157894735,0.0,0.0,,,,,,,,,,,,,,,,,,,37.3970192209963,479600.0,19.23915097299323,0.12563623884883376,,multiclass,cic-malmem,quantum,,10.0,None,qsvm,,3,0.5773502691896257,3,iqp,,,,,,,,,qsvm-multiclass-nc3
FINISHED,2026-07-25 08:40:21.904000+00:00,2026-07-25 08:40:22.154000+00:00,0.1,0.042105263157894736,0.0,0.07709881114150857,0.13,37.927462477004156,0.0,0.17049484076303997,0.0,0.14659118659118658,0.0,0.0,18.72317731300427,0.5859874101604873,0.0,0.14285714285714285,0.23255813953488372,35.10302156700345,0.10573525332769983,0.2127659574468085,0.11764705882352941,0.5,0.23809523809523808,0.0,,,,,,,,,,,,,,,,,,,37.91052847800893,479600.0,18.719828676999896,0.0866496333975557,,multiclass,cic-malmem,quantum,,10.0,balanced,qsvm,,3,0.5773502691896257,3,iqp,,,,,,,,,qsvm-multiclass-nc3
FINISHED,2026-07-25 08:41:54.498000+00:00,2026-07-25 08:41:54.760000+00:00,0.0,0.0,0.1797752808988764,0.04720934787904736,0.115,37.373602034000214,0.0,0.042926332926332925,0.0,0.10915032679738562,0.0,0.12698412698412698,18.87022677800269,0.539470667740398,0.0,0.0,0.0,36.060951342005865,0.058228404969978005,0.0,0.15,0.4166666666666667,0.0,0.0,,,,,,,,,,,,,,,,,,,37.35877349700604,479600.0,18.86688030399091,0.09560329596159065,,multiclass,cic-malmem,quantum,,10.0,None,qsvm,,3,0.5773502691896257,3,iqp,,,,,,,,,qsvm-multiclass-nc3
FINISHED,2026-07-25 08:43:26.680000+00:00,2026-07-25 08:43:26.945000+00:00,0.10810810810810811,0.0,0.0,0.035954691903806006,0.09,36.99331061099656,0.0,0.050813809887036425,0.11320754716981132,0.10607392607392606,0.0,0.0,18.86470813601045,0.5586834873172395,0.0,0.0,0.0,36.01734433599631,0.0644860591650708,0.08421052631578947,0.0,0.5833333333333334,0.0784313725490196,0.0,,,,,,,,,,,,,,,,,,,36.96887728400179,479600.0,18.861241930993856,0.0959363713660392,,multiclass,cic-malmem,quantum,,10.0,balanced,qsvm,,3,0.5773502691896257,3,iqp,,,,,,,,,qsvm-multiclass-nc3
FINISHED,2026-07-25 08:43:53.312000+00:00,2026-07-25 08:56:43.107000+00:00,,,,,,,,,,,,,,,,,,,,,,,,,0.0681324101300365,0.7242072452427378,0.11100000000000002,0.06284313090113035,0.5798638783496692,0.19432344919013378,0.11934212084212086,0.017052676564414396,59.62508256280271,0.010824074452617512,31.5731228109973,0.014712719270856663,0.06933029177961744,0.015297058540778358,0.014682479469251991,0.015024676707490938,0.8686227031583479,62.41122708719922,,,,,,multiclass,cic-malmem,quantum,,,,qsvm,,6,,,,,,,,,,,,qsvm-multiclass-nc6
FINISHED,2026-07-25 08:46:27.422000+00:00,2026-07-25 08:46:27.838000+00:00,0.125,0.17582417582417584,0.0,0.0787561565485433,0.135,63.34502013200836,0.0,0.08237303002008885,0.0,0.1387301587301587,0.0,0.17777777777777778,31.470712647002074,0.594871224472822,0.0,0.0,0.0,59.2252002509922,0.08682521182521183,0.15384615384615385,0.0,0.45454545454545453,0.2153846153846154,0.0,,,,,,,,,,,,,,,,,,,63.32327469901065,479600.0,31.467318367998814,0.06896717771890333,,multiclass,cic-malmem,quantum,,10.0,balanced,qsvm,,6,0.408248290463863,6,angle,,,,,,,,,qsvm-multiclass-nc6
FINISHED,2026-07-25 08:49:00.019000+00:00,2026-07-25 08:49:00.268000+00:00,0.0,0.0,0.0,0.04864796193620317,0.1,60.913689795997925,0.0,0.06209417335630928,0.0,0.11234247234247234,0.0,0.22857142857142856,31.95740288599336,0.588743105992968,0.0,0.0,0.1,59.26348194399907,0.06919441460794845,0.10526315789473684,0.0,0.4,0.20408163265306123,0.0,,,,,,,,,,,,,,,,,,,60.88529923200258,479600.0,31.955706269989605,0.073418414100876,,multiclass,cic-malmem,quantum,,10.0,balanced,qsvm,,6,0.408248290463863,6,angle,,,,,,,,,qsvm-multiclass-nc6
FINISHED,2026-07-25 08:51:33.669000+00:00,2026-07-25 08:51:33.943000+00:00,0.0,0.0,0.1935483870967742,0.07711025674910192,0.115,62.12314528899151,0.0,0.047595818815331016,0.0,0.11916666666666667,0.0,0.1564245810055866,31.481795875006355,0.5898489781491524,0.0,0.0,0.0,59.76167092901596,0.05811413990247623,0.0,0.0,0.5217391304347826,0.0,0.0,,,,,,,,,,,,,,,,,,,62.10582956999133,479600.0,31.48013267100032,0.06553112836852693,,multiclass,cic-malmem,quantum,,10.0,None,qsvm,,6,0.408248290463863,6,angle,,,,,,,,,qsvm-multiclass-nc6
FINISHED,2026-07-25 08:54:08.896000+00:00,2026-07-25 08:54:09.198000+00:00,0.22857142857142856,0.0,0.0,0.05534118603060721,0.115,62.511452616992756,0.0,0.08148792068146907,0.0,0.11980463980463982,0.0,0.18181818181818182,31.432271311990917,0.5716256296386107,0.0,0.0,0.11764705882352941,60.966562597008306,0.0803522381384998,0.0,0.08695652173913043,0.4166666666666667,0.10344827586206896,0.07017543859649122,,,,,,,,,,,,,,,,,,,62.49298485300096,479600.0,31.430017742997734,0.06524504292598568,,multiclass,cic-malmem,quantum,,10.0,balanced,qsvm,,6,0.408248290463863,6,angle,,,,,,,,,qsvm-multiclass-nc6
FINISHED,2026-07-25 08:56:42.829000+00:00,2026-07-25 08:56:43.082000+00:00,0.0,0.0,0.0,0.08679589763363155,0.09,63.162827602005564,0.0,0.04066471163245356,0.0,0.10666666666666667,0.0,0.0,31.523431334993802,0.5542304534947932,0.12121212121212122,0.0,0.0,58.908497092998005,0.046176046176046176,0.0,0.0,0.5714285714285714,0.0,0.0,,,,,,,,,,,,,,,,,,,63.144589685995015,479600.0,31.521852100006072,0.06368518324283333,,multiclass,cic-malmem,quantum,,1.0,balanced,qsvm,,6,0.408248290463863,6,angle,,,,,,,,,qsvm-multiclass-nc6
FINISHED,2026-07-25 08:57:14.019000+00:00,2026-07-25 09:21:25.999000+00:00,,,,,,,,,,,,,,,,,,,,,,,,,0.07936822706767924,0.5481249377346384,0.10600000000000001,0.10106636434096532,0.578065991077189,0.46369961920741887,0.11381368631368631,0.04622292586854398,111.93852060560312,0.019851702309070116,59.819682603000544,0.017096192032771892,0.04785110743086795,0.019339079605813724,0.020794848285561635,0.01129508536653099,0.6922122314159008,118.31380208559858,,,,,,multiclass,cic-malmem,quantum,,,,qsvm,,6,,,,,,,,,,,,qsvm-multiclass-nc6
FINISHED,2026-07-25 09:02:03.832000+00:00,2026-07-25 09:02:04.215000+00:00,0.06896551724137931,0.22727272727272727,0.0,0.05666965585984641,0.115,118.37715895300789,0.0,0.06635137995819111,0.07692307692307693,0.12708180708180708,0.0,0.05128205128205128,60.20038297800056,0.5874073209051043,0.0,0.0,0.0,111.17750869799056,0.08359925515097928,0.16666666666666666,0.0,0.45454545454545453,0.20833333333333334,0.0,,,,,,,,,,,,,,,,,,,118.35900158400182,479600.0,60.19855662100599,0.08855674510280961,,multiclass,cic-malmem,quantum,,10.0,balanced,qsvm,,6,0.408248290463863,6,iqp,,,,,,,,,qsvm-multiclass-nc6
FINISHED,2026-07-25 09:06:52.632000+00:00,2026-07-25 09:06:52.881000+00:00,0.0,0.0,0.0,0.03632057795184225,0.095,117.15199472299719,0.0,0.050555555555555555,0.0,0.09333333333333332,0.0,0.15204678362573099,59.59178909599723,0.578920733453888,0.0,0.0,0.0,111.63749998201092,0.04966586400642128,0.0,0.24,0.35294117647058826,0.0,0.0,,,,,,,,,,,,,,,,,,,117.13444286498998,479600.0,59.58959255300579,0.10811985846781387,,multiclass,cic-malmem,quantum,,10.0,None,qsvm,,6,0.408248290463863,6,iqp,,,,,,,,,qsvm-multiclass-nc6
FINISHED,2026-07-25 09:11:42.346000+00:00,2026-07-25 09:11:42.617000+00:00,0.2,0.05970149253731343,0.09523809523809523,0.08479725291509908,0.14,118.11276522999106,0.125,0.17028255414071938,0.0,0.1462179487179487,0.0,0.2222222222222222,59.04135912000493,0.5929820315811456,0.0,0.0,0.13333333333333333,112.2749185640132,0.10288538569291025,0.0,0.0,0.5217391304347826,0.18604651162790697,0.0,,,,,,,,,,,,,,,,,,,118.08547117799753,479600.0,59.03963585400197,0.0815028471231345,,multiclass,cic-malmem,quantum,,10.0,balanced,qsvm,,6,0.408248290463863,6,iqp,,,,,,,,,qsvm-multiclass-nc6
FINISHED,2026-07-25 09:16:34.050000+00:00,2026-07-25 09:16:34.297000+00:00,0.26666666666666666,0.0,0.0,0.030285697074258922,0.09,118.68316305699409,0.0,0.07739082666470877,0.125,0.09926739926739928,0.0,0.0,59.93648747699626,0.5679702571653933,0.0,0.0,0.2,112.77883964301145,0.0785703803678353,0.0,0.0,0.43478260869565216,0.0975609756097561,0.05454545454545454,,,,,,,,,,,,,,,,,,,118.66488916799426,479600.0,59.93482904499979,0.08418274704130085,,multiclass,cic-malmem,quantum,,10.0,balanced,qsvm,,6,0.408248290463863,6,iqp,,,,,,,,,qsvm-multiclass-nc6
FINISHED,2026-07-25 09:21:25.727000+00:00,2026-07-25 09:21:25.976000+00:00,0.1111111111111111,0.0,0.0,0.031182353353293085,0.09,119.24392846500268,0.0,0.14075150538565173,0.09090909090909091,0.10316794316794314,0.0,0.12121212121212122,60.328394344003755,0.5630496122804141,0.0,0.0,0.14285714285714285,111.82383614098944,0.08212025012025011,0.1038961038961039,0.0,0.5454545454545454,0.08,0.03636363636363636,,,,,,,,,,,,,,,,,,,119.22581358499883,479600.0,60.32666485098889,0.07857772348684262,,multiclass,cic-malmem,quantum,,10.0,balanced,qsvm,,6,0.408248290463863,6,iqp,,,,,,,,,qsvm-multiclass-nc6
FINISHED,2026-07-25 09:21:41.738000+00:00,2026-07-25 09:21:58.636000+00:00,,,,,,,,,,,,,,,,,,,,,,,,,0.17720968453984048,3.0218027716530016,0.181,0.19631705204060976,0.6345468821915283,0.000946266623606583,0.18724182462417754,0.049215663202883314,2.880914232201758,0.033795116088619764,0.008118108398048208,0.035468945924724465,0.12480379737809419,0.033674916480965475,0.036859387710021486,0.01757600122278322,0.009962418714201584,0.06617779599910137,,,,,,multiclass,cic-malmem,classical,,,,svm,-1,8,,,,,,,,,,,,svm-multiclass-nc8
FINISHED,2026-07-25 09:21:50.796000+00:00,2026-07-25 09:21:51.134000+00:00,0.1,0.26666666666666666,0.43478260869565216,0.13100377973795257,0.185,0.06240923699806444,0.0,0.18331484684425856,0.23529411764705882,0.1891117216117216,0.2,0.24242424242424243,0.007444289003615268,0.6350205698441279,0.16326530612244897,0.0,0.0,8.920039646007353,0.17161058682094588,0.2,0.18181818181818182,0.2727272727272727,0.14814814814814814,0.12903225806451613,,,,,,,,,,,,,,,,,,,,,,,,multiclass,cic-malmem,classical,0.013783028726634557,97.4807304964078,balanced,svm,-1,8,,,,,,,,,,,,svm-multiclass-nc8
FINISHED,2026-07-25 09:21:52.496000+00:00,2026-07-25 09:21:52.808000+00:00,0.17391304347826086,0.16,0.0,0.06338339707255788,0.125,0.07134814299934078,0.0,0.11943833943833944,0.045454545454545456,0.12963998963998963,0.14285714285714285,0.3783783783783784,0.007556122000096366,0.6235968801954501,0.16216216216216217,0.0,0.0,1.2329642719996627,0.11945483409251524,0.24,0.14814814814814814,0.25,0.0,0.09090909090909091,,,,,,,,,,,,,,,,,,,,,,,,multiclass,cic-malmem,classical,0.08844800706052124,47.52356013653448,balanced,svm,-1,8,,,,,,,,,,,,svm-multiclass-nc8
FINISHED,2026-07-25 09:21:54.380000+00:00,2026-07-25 09:21:54.771000+00:00,0.19047619047619047,0.30303030303030304,0.17391304347826086,0.11687114672050437,0.175,0.07941582100465894,0.0,0.1908915868011978,0.22641509433962265,0.18596570096570095,0.0,0.21052631578947367,0.009918530995491892,0.6313620451253008,0.08695652173913043,0.06896551724137931,0.0,1.4237271279998822,0.1752347314909589,0.2608695652173913,0.16,0.631578947368421,0.10526315789473684,0.21052631578947367,,,,,,,,,,,,,,,,,,,,,,,,multiclass,cic-malmem,classical,0.036189050606568685,53.599577657717745,balanced,svm,-1,8,,,,,,,,,,,,svm-multiclass-nc8
FINISHED,2026-07-25 09:21:56.468000+00:00,2026-07-25 09:21:56.932000+00:00,0.21052631578947367,0.43478260869565216,0.0,0.1778871326200545,0.23,0.06815592799102888,0.1111111111111111,0.2709926854754441,0.17142857142857143,0.23527139527139523,0.10810810810810811,0.4090909090909091,0.008227158992667682,0.6670776082378888,0.1111111111111111,0.1111111111111111,0.2222222222222222,1.5590872800094076,0.2296911085927104,0.18181818181818182,0.38461538461538464,0.5,0.22857142857142856,0.2608695652173913,,,,,,,,,,,,,,,,,,,,,,,,multiclass,cic-malmem,classical,0.036189050606568685,53.599577657717745,balanced,svm,-1,8,,,,,,,,,,,,svm-multiclass-nc8
FINISHED,2026-07-25 09:21:58.312000+00:00,2026-07-25 09:21:58.611000+00:00,0.06896551724137931,0.3225806451612903,0.19047619047619047,0.13487353073940164,0.19,0.04955985100241378,0.0,0.2169478016438089,0.1875,0.19622031563208037,0.20689655172413793,0.29411764705882354,0.007444440998369828,0.6156773075548738,0.06666666666666667,0.0,0.2857142857142857,1.2687528349924833,0.19005716170207215,0.1935483870967742,0.2962962962962963,0.5,0.14285714285714285,0.09523809523809523,,,,,,,,,,,,,,,,,,,,,,,,multiclass,cic-malmem,classical,0.06777859354617165,17.42888978115853,balanced,svm,-1,8,,,,,,,,,,,,svm-multiclass-nc8
FINISHED,2026-07-25 09:24:14.920000+00:00,2026-07-25 09:24:28.355000+00:00,,,,,,,,,,,,,,,,,,,,,,,,,0.10746862194622042,2.968416661197101,0.11099999999999999,0.12568256433147834,0.5506547914739423,0.00022357182629016023,0.11901055371643605,0.027419803343630034,2.360297952601104,0.022883355184384956,0.004103226799634286,0.016402887193071987,0.049444613434068634,0.021307275752662516,0.022874947214995753,0.007284037515279818,0.00756054728260412,0.032952750398544596,,,,,,multiclass,cic-malmem,classical,,,,svm,-1,1,,,,,,,,,,,,svm-multiclass-nc1
FINISHED,2026-07-25 09:24:23.340000+00:00,2026-07-25 09:24:23.596000+00:00,0.14814814814814814,0.10810810810810811,0.0,0.028861540830584745,0.09,0.03973767800198402,0.08695652173913043,0.13436279501496892,0.11428571428571428,0.09866910866910868,0.0,0.0,0.0037589389976346865,0.5551264272415041,0.029411764705882353,0.125,0.0,8.297087215003558,0.09974795028518167,0.15384615384615385,0.1,0.47058823529411764,0.06896551724137931,0.09090909090909091,,,,,,,,,,,,,,,,,,,,,,,,multiclass,cic-malmem,classical,2.0280775986243276,33.82208444404363,balanced,svm,-1,1,,,,,,,,,,,,svm-multiclass-nc1
FINISHED,2026-07-25 09:24:24.532000+00:00,2026-07-25 09:24:24.743000+00:00,0.0,0.0,0.16216216216216217,0.04215252900012286,0.105,0.027523821001523174,0.0,0.10148844619432854,0.08333333333333333,0.11340502090502089,0.1111111111111111,0.0,0.004115717005333863,0.5504134367693876,0.09090909090909091,0.10526315789473684,0.14285714285714285,0.8678725869976915,0.09793128877339403,0.12,0.12,0.5333333333333333,0.0,0.0,,,,,,,,,,,,,,,,,,,,,,,,multiclass,cic-malmem,classical,1.6592067603406628,5.835185845020837,balanced,svm,-1,1,,,,,,,,,,,,svm-multiclass-nc1
FINISHED,2026-07-25 09:24:25.671000+00:00,2026-07-25 09:24:25.888000+00:00,0.16666666666666666,0.16666666666666666,0.09523809523809523,0.08591868344743957,0.145,0.025680249003926292,0.0,0.16424557728905556,0.1951219512195122,0.15814824064824062,0.0,0.1111111111111111,0.00426185000105761,0.5614056478261493,0.0,0.15384615384615385,0.2,0.8617763849906623,0.14020329244674185,0.17647058823529413,0.09523809523809523,0.631578947368421,0.0,0.1111111111111111,,,,,,,,,,,,,,,,,,,,,,,,multiclass,cic-malmem,classical,0.8908989409205179,4.9511903120634795,balanced,svm,-1,1,,,,,,,,,,,,svm-multiclass-nc1
FINISHED,2026-07-25 09:24:26.833000+00:00,2026-07-25 09:24:27.149000+00:00,0.0,0.125,0.2777777777777778,0.06479395133313277,0.125,0.027547118996153586,0.0,0.08821778899124437,0.2222222222222222,0.12906283259224433,0.10810810810810811,0.0,0.003976417996454984,0.540211759163146,0.0,0.0,0.08695652173913043,0.8794158999953652,0.09842994232458396,0.058823529411764705,0.0975609756097561,0.5,0.0,0.0,,,,,,,,,,,,,,,,,,,,,,,,multiclass,cic-malmem,classical,2.507645699273015,6.37749874141853,balanced,svm,-1,1,,,,,,,,,,,,svm-multiclass-nc1
FINISHED,2026-07-25 09:24:28.127000+00:00,2026-07-25 09:24:28.335000+00:00,0.12121212121212122,0.047619047619047616,0.0,0.025496362559063263,0.09,0.0442748849891359,0.08695652173913043,0.1400982141677944,0.13636363636363635,0.09576756576756576,0.06896551724137931,0.05714285714285714,0.004403209997690283,0.5461166863695243,0.07407407407407407,0.0,0.19047619047619047,0.8953376760182437,0.10103063590120061,0.1111111111111111,0.16,0.46153846153846156,0.0,0.0,,,,,,,,,,,,,,,,,,,,,,,,multiclass,cic-malmem,classical,9.950848932156854,39.02649298963144,balanced,svm,-1,1,,,,,,,,,,,,svm-multiclass-nc1
FINISHED,2026-07-25 09:24:31.984000+00:00,2026-07-25 09:24:46.044000+00:00,,,,,,,,,,,,,,,,,,,,,,,,,0.13086138123384874,2.9411968699144473,0.129,0.14800956866449555,0.5793783017983815,0.0011854890066959132,0.13448610975081565,0.028761153610703194,2.438109152796096,0.030052818423571787,0.005234756201389246,0.02646981146973025,0.06794582984755972,0.02764054992217051,0.030522708378949544,0.027058847175636537,0.008518953683903015,0.046120312402490524,,,,,,multiclass,cic-malmem,classical,,,,svm,-1,3,,,,,,,,,,,,svm-multiclass-nc3
FINISHED,2026-07-25 09:24:40.405000+00:00,2026-07-25 09:24:40.638000+00:00,0.2608695652173913,0.06060606060606061,0.09523809523809523,0.06890873782342026,0.13,0.03169847000390291,0.14285714285714285,0.15430852772958037,0.16216216216216217,0.1320787545787546,0.21052631578947367,0.2222222222222222,0.004530948004685342,0.541154234031853,0.0,0.08333333333333333,0.1,8.31862886500312,0.13399222724165513,0.0,0.13333333333333333,0.34782608695652173,0.1,0.09090909090909091,,,,,,,,,,,,,,,,,,,,,,,,multiclass,cic-malmem,classical,1.6592067603406628,4.69332188136452,balanced,svm,-1,3,,,,,,,,,,,,svm-multiclass-nc3
FINISHED,2026-07-25 09:24:41.621000+00:00,2026-07-25 09:24:41.831000+00:00,0.14814814814814814,0.06451612903225806,0.07142857142857142,0.01397612638777557,0.08,0.04479894200630952,0.0,0.10223353443941678,0.07407407407407407,0.08133024383024383,0.0,0.19047619047619047,0.004188670005532913,0.5731367820992735,0.06896551724137931,0.0,0.0,0.8991699019825319,0.08319210555028131,0.0,0.1935483870967742,0.3076923076923077,0.0,0.12903225806451613,,,,,,,,,,,,,,,,,,,,,,,,multiclass,cic-malmem,classical,0.16342807783138036,45.312805963004685,balanced,svm,-1,3,,,,,,,,,,,,svm-multiclass-nc3
FINISHED,2026-07-25 09:24:42.846000+00:00,2026-07-25 09:24:43.053000+00:00,0.2962962962962963,0.20689655172413793,0.07692307692307693,0.06748708941193672,0.13,0.04604224300419446,0.06666666666666667,0.129888869300634,0.07142857142857142,0.14261266511266513,0.0,0.17142857142857143,0.004196230991510674,0.582599111571236,0.0,0.0,0.08,0.9315175179945072,0.1350022839618042,0.17391304347826086,0.06666666666666667,0.6,0.14814814814814814,0.06666666666666667,,,,,,,,,,,,,,,,,,,,,,,,multiclass,cic-malmem,classical,0.9041355006839811,36.948253697641505,balanced,svm,-1,3,,,,,,,,,,,,svm-multiclass-nc3
FINISHED,2026-07-25 09:24:44.083000+00:00,2026-07-25 09:24:44.477000+00:00,0.0,0.0625,0.07142857142857142,0.10722910262298749,0.165,0.05029165399901103,0.1111111111111111,0.17943391111812165,0.17647058823529413,0.173910468616351,0.10526315789473684,0.27586206896551724,0.00614363000204321,0.6254951083527859,0.23076923076923078,0.07407407407407407,0.09523809523809523,0.9313122839957941,0.16498791172445307,0.1935483870967742,0.21428571428571427,0.45454545454545453,0.1875,0.2222222222222222,,,,,,,,,,,,,,,,,,,,,,,,multiclass,cic-malmem,classical,0.036189050606568685,53.599577657717745,balanced,svm,-1,3,,,,,,,,,,,,svm-multiclass-nc3
FINISHED,2026-07-25 09:24:45.701000+00:00,2026-07-25 09:24:46.018000+00:00,0.0,0.07407407407407407,0.2608695652173913,0.0821280929916785,0.14,0.05777025299903471,0.0,0.1741830007347249,0.12903225806451613,0.14249841661606366,0.14285714285714285,0.2222222222222222,0.007114302003174089,0.5745062729367588,0.13333333333333333,0.0,0.3,1.1099171950045275,0.13713237769104997,0.125,0.26666666666666666,0.3076923076923077,0.09523809523809523,0.0,,,,,,,,,,,,,,,,,,,,,,,,multiclass,cic-malmem,classical,0.036189050606568685,53.599577657717745,balanced,svm,-1,3,,,,,,,,,,,,svm-multiclass-nc3
FINISHED,2026-07-25 09:24:50.726000+00:00,2026-07-25 09:25:10.164000+00:00,,,,,,,,,,,,,,,,,,,,,,,,,0.16474510818491264,4.471172941733067,0.17,0.17298661714599456,0.6182699790006291,0.00016689454489381383,0.1754718168541698,0.01953372278057434,3.4287932711973554,0.028982166116298117,0.007104892199276946,0.023316320590435494,0.11180742227122169,0.02792848008753788,0.030484648068304854,0.018151374038939242,0.01741608204818391,0.06679813860100695,,,,,,multiclass,cic-malmem,classical,,,,svm,-1,6,,,,,,,,,,,,svm-multiclass-nc6
FINISHED,2026-07-25 09:25:03.219000+00:00,2026-07-25 09:25:03.541000+00:00,0.08695652173913043,0.21621621621621623,0.2,0.09025215064670061,0.15,0.04710790899116546,0.08,0.16625623765876218,0.2777777777777778,0.15390109890109888,0.2857142857142857,0.2,0.0072862450033426285,0.6064666461517665,0.0,0.0,0.0,12.370654919010121,0.14557108371242172,0.10526315789473684,0.09523809523809523,0.47058823529411764,0.08888888888888889,0.07692307692307693,,,,,,,,,,,,,,,,,,,,,,,,multiclass,cic-malmem,classical,0.16954391348834147,11.295047782195754,balanced,svm,-1,6,,,,,,,,,,,,svm-multiclass-nc6
FINISHED,2026-07-25 09:25:04.975000+00:00,2026-07-25 09:25:05.276000+00:00,0.19047619047619047,0.14285714285714285,0.0,0.07374401666022558,0.135,0.09870203600439709,0.08,0.15124433357191974,0.13953488372093023,0.13793391793391793,0.07692307692307693,0.3448275862068966,0.006885231996420771,0.6078456733146916,0.10810810810810811,0.06896551724137931,0.0,1.2808859799843049,0.13854404406894252,0.2,0.12903225806451613,0.26666666666666666,0.23076923076923078,0.1,,,,,,,,,,,,,,,,,,,,,,,,multiclass,cic-malmem,classical,0.11101184411738439,99.25276306243205,balanced,svm,-1,6,,,,,,,,,,,,svm-multiclass-nc6
FINISHED,2026-07-25 09:25:06.558000+00:00,2026-07-25 09:25:06.862000+00:00,0.24,0.3076923076923077,0.08333333333333333,0.10537346740445645,0.165,0.06557169499865267,0.0,0.15531779163278214,0.26666666666666666,0.17464729714729713,0.12903225806451613,0.2222222222222222,0.007180581000284292,0.6142875890775389,0.0,0.07407407407407407,0.0,1.162138234009035,0.15690880997535678,0.11764705882352941,0.0,0.631578947368421,0.09090909090909091,0.19047619047619047,,,,,,,,,,,,,,,,,,,,,,,,multiclass,cic-malmem,classical,0.08844800706052124,47.52356013653448,balanced,svm,-1,6,,,,,,,,,,,,svm-multiclass-nc6
FINISHED,2026-07-25 09:25:08.117000+00:00,2026-07-25 09:25:08.540000+00:00,0.19047619047619047,0.21428571428571427,0.0,0.16080629883532718,0.215,0.05634609700064175,0.24,0.19349798198391546,0.10526315789473684,0.2216983016983017,0.11428571428571428,0.34146341463414637,0.007246983994264156,0.6541788838707701,0.0,0.0,0.0,1.1478622230060864,0.2010198667400208,0.2857142857142857,0.35714285714285715,0.5,0.3333333333333333,0.3333333333333333,,,,,,,,,,,,,,,,,,,,,,,,multiclass,cic-malmem,classical,0.09183490369993642,30.58487226768282,balanced,svm,-1,6,,,,,,,,,,,,svm-multiclass-nc6
FINISHED,2026-07-25 09:25:09.842000+00:00,2026-07-25 09:25:10.139000+00:00,0.06451612903225806,0.3333333333333333,0.17391304347826086,0.12886117780939868,0.185,0.06626295601017773,0.0,0.19861674088259323,0.17647058823529413,0.1891784685902333,0.20689655172413793,0.27586206896551724,0.006925419002072886,0.6085711025883782,0.06666666666666667,0.0,0.10526315789473684,1.1824249999772292,0.18168173642782134,0.08695652173913043,0.46153846153846156,0.5,0.19047619047619047,0.08333333333333333,,,,,,,,,,,,,,,,,,,,,,,,multiclass,cic-malmem,classical,0.08844800706052124,47.52356013653448,balanced,svm,-1,6,,,,,,,,,,,,svm-multiclass-nc6
